<Document doc_name="493Y-06N0-00C0-G0VH.xml">
<token id="1" sentence="0" number="0">Region</token>
<token id="2" sentence="0" number="1">Digest</token>
<token id="3" sentence="1" number="0">DUCKTOWN</token>
<token id="4" sentence="1" number="1">,</token>
<token id="5" sentence="1" number="2">TENN.</token>
<token id="6" sentence="1" number="3">.</token>
<token id="7" sentence="2" number="0">Heavy</token>
<token id="8" sentence="2" number="1">releases</token>
<token id="9" sentence="2" number="2">expected</token>
<token id="10" sentence="2" number="3">on</token>
<token id="11" sentence="2" number="4">Ocoee</token>
<token id="12" sentence="2" number="5">Heavy</token>
<token id="13" sentence="2" number="6">water</token>
<token id="14" sentence="2" number="7">releases</token>
<token id="15" sentence="2" number="8">this</token>
<token id="16" sentence="2" number="9">weekend</token>
<token id="17" sentence="2" number="10">could</token>
<token id="18" sentence="2" number="11">make</token>
<token id="19" sentence="2" number="12">the</token>
<token id="20" sentence="2" number="13">Ocoee</token>
<token id="21" sentence="2" number="14">River</token>
<token id="22" sentence="2" number="15">unsafe</token>
<token id="23" sentence="2" number="16">for</token>
<token id="24" sentence="2" number="17">swimmers</token>
<token id="25" sentence="2" number="18">and</token>
<token id="26" sentence="2" number="19">waders</token>
<token id="27" sentence="2" number="20">in</token>
<token id="28" sentence="2" number="21">the</token>
<token id="29" sentence="2" number="22">pools</token>
<token id="30" sentence="2" number="23">below</token>
<token id="31" sentence="2" number="24">the</token>
<token id="32" sentence="2" number="25">Whitewater</token>
<token id="33" sentence="2" number="26">Center</token>
<token id="34" sentence="2" number="27">,</token>
<token id="35" sentence="2" number="28">officials</token>
<token id="36" sentence="2" number="29">said</token>
<token id="37" sentence="2" number="30">.</token>
<token id="38" sentence="3" number="0">Center</token>
<token id="39" sentence="3" number="1">manager</token>
<token id="40" sentence="3" number="2">Sherry</token>
<token id="41" sentence="3" number="3">Hicks</token>
<token id="42" sentence="3" number="4">said</token>
<token id="43" sentence="3" number="5">TVA</token>
<token id="44" sentence="3" number="6">will</token>
<token id="45" sentence="3" number="7">release</token>
<token id="46" sentence="3" number="8">as</token>
<token id="47" sentence="3" number="9">much</token>
<token id="48" sentence="3" number="10">as</token>
<token id="49" sentence="3" number="11">1,000</token>
<token id="50" sentence="3" number="12">cubic</token>
<token id="51" sentence="3" number="13">feet</token>
<token id="52" sentence="3" number="14">per</token>
<token id="53" sentence="3" number="15">second</token>
<token id="54" sentence="3" number="16">from</token>
<token id="55" sentence="3" number="17">the</token>
<token id="56" sentence="3" number="18">Blue</token>
<token id="57" sentence="3" number="19">Ridge</token>
<token id="58" sentence="3" number="20">Reservoir</token>
<token id="59" sentence="3" number="21">.</token>
<token id="60" sentence="4" number="0">River</token>
<token id="61" sentence="4" number="1">levels</token>
<token id="62" sentence="4" number="2">can</token>
<token id="63" sentence="4" number="3">rise</token>
<token id="64" sentence="4" number="4">in</token>
<token id="65" sentence="4" number="5">just</token>
<token id="66" sentence="4" number="6">five</token>
<token id="67" sentence="4" number="7">minutes</token>
<token id="68" sentence="4" number="8">without</token>
<token id="69" sentence="4" number="9">warning</token>
<token id="70" sentence="4" number="10">,</token>
<token id="71" sentence="4" number="11">she</token>
<token id="72" sentence="4" number="12">said</token>
<token id="73" sentence="4" number="13">.</token>
<token id="74" sentence="5" number="0">State</token>
<token id="75" sentence="5" number="1">rangers</token>
<token id="76" sentence="5" number="2">have</token>
<token id="77" sentence="5" number="3">said</token>
<token id="78" sentence="5" number="4">several</token>
<token id="79" sentence="5" number="5">people</token>
<token id="80" sentence="5" number="6">have</token>
<token id="81" sentence="5" number="7">been</token>
<token id="82" sentence="5" number="8">trapped</token>
<token id="83" sentence="5" number="9">on</token>
<token id="84" sentence="5" number="10">rocks</token>
<token id="85" sentence="5" number="11">during</token>
<token id="86" sentence="5" number="12">recent</token>
<token id="87" sentence="5" number="13">releases</token>
<token id="88" sentence="5" number="14">,</token>
<token id="89" sentence="5" number="15">but</token>
<token id="90" sentence="5" number="16">so</token>
<token id="91" sentence="5" number="17">far</token>
<token id="92" sentence="5" number="18">no</token>
<token id="93" sentence="5" number="19">injuries</token>
<token id="94" sentence="5" number="20">have</token>
<token id="95" sentence="5" number="21">been</token>
<token id="96" sentence="5" number="22">reported</token>
<token id="97" sentence="5" number="23">.</token>
<token id="98" sentence="6" number="0">TRACY</token>
<token id="99" sentence="6" number="1">CITY</token>
<token id="100" sentence="6" number="2">,</token>
<token id="101" sentence="6" number="3">TENN.</token>
<token id="102" sentence="6" number="4">.</token>
<token id="103" sentence="7" number="0">Theater</token>
<token id="104" sentence="7" number="1">hosting</token>
<token id="105" sentence="7" number="2">symposium</token>
<token id="106" sentence="7" number="3">,</token>
<token id="107" sentence="7" number="4">film</token>
<token id="108" sentence="7" number="5">The</token>
<token id="109" sentence="7" number="6">Alma</token>
<token id="110" sentence="7" number="7">Mater</token>
<token id="111" sentence="7" number="8">Theater</token>
<token id="112" sentence="7" number="9">here</token>
<token id="113" sentence="7" number="10">is</token>
<token id="114" sentence="7" number="11">presenting</token>
<token id="115" sentence="7" number="12">a</token>
<token id="116" sentence="7" number="13">symposium</token>
<token id="117" sentence="7" number="14">on</token>
<token id="118" sentence="7" number="15">Andy</token>
<token id="119" sentence="7" number="16">Goldsworthy</token>
<token id="120" sentence="7" number="17">'s</token>
<token id="121" sentence="7" number="18">film</token>
<token id="122" sentence="7" number="19">,</token>
<token id="123" sentence="7" number="20">``</token>
<token id="124" sentence="7" number="21">Rivers</token>
<token id="125" sentence="7" number="22">and</token>
<token id="126" sentence="7" number="23">Tides</token>
<token id="127" sentence="7" number="24">.</token>
<token id="128" sentence="7" number="25">''</token>
<token id="129" sentence="8" number="0">The</token>
<token id="130" sentence="8" number="1">Southeastern</token>
<token id="131" sentence="8" number="2">premier</token>
<token id="132" sentence="8" number="3">of</token>
<token id="133" sentence="8" number="4">the</token>
<token id="134" sentence="8" number="5">film</token>
<token id="135" sentence="8" number="6">will</token>
<token id="136" sentence="8" number="7">last</token>
<token id="137" sentence="8" number="8">through</token>
<token id="138" sentence="8" number="9">Sunday</token>
<token id="139" sentence="8" number="10">,</token>
<token id="140" sentence="8" number="11">said</token>
<token id="141" sentence="8" number="12">organizer</token>
<token id="142" sentence="8" number="13">Ed</token>
<token id="143" sentence="8" number="14">Russell</token>
<token id="144" sentence="8" number="15">.</token>
<token id="145" sentence="9" number="0">A</token>
<token id="146" sentence="9" number="1">speaker</token>
<token id="147" sentence="9" number="2">will</token>
<token id="148" sentence="9" number="3">give</token>
<token id="149" sentence="9" number="4">a</token>
<token id="150" sentence="9" number="5">presentation</token>
<token id="151" sentence="9" number="6">at</token>
<token id="152" sentence="9" number="7">6:30</token>
<token id="153" sentence="9" number="8">p.m.</token>
<token id="154" sentence="9" number="9">CDT</token>
<token id="155" sentence="9" number="10">before</token>
<token id="156" sentence="9" number="11">each</token>
<token id="157" sentence="9" number="12">showing</token>
<token id="158" sentence="9" number="13">,</token>
<token id="159" sentence="9" number="14">he</token>
<token id="160" sentence="9" number="15">said</token>
<token id="161" sentence="9" number="16">.</token>
<token id="162" sentence="10" number="0">Mr.</token>
<token id="163" sentence="10" number="1">Goldsworthy</token>
<token id="164" sentence="10" number="2">is</token>
<token id="165" sentence="10" number="3">an</token>
<token id="166" sentence="10" number="4">environmental</token>
<token id="167" sentence="10" number="5">artist</token>
<token id="168" sentence="10" number="6">who</token>
<token id="169" sentence="10" number="7">uses</token>
<token id="170" sentence="10" number="8">sheep</token>
<token id="171" sentence="10" number="9">'s</token>
<token id="172" sentence="10" number="10">wool</token>
<token id="173" sentence="10" number="11">,</token>
<token id="174" sentence="10" number="12">flowers</token>
<token id="175" sentence="10" number="13">and</token>
<token id="176" sentence="10" number="14">thorns</token>
<token id="177" sentence="10" number="15">as</token>
<token id="178" sentence="10" number="16">artistic</token>
<token id="179" sentence="10" number="17">materials</token>
<token id="180" sentence="10" number="18">.</token>
<token id="181" sentence="11" number="0">For</token>
<token id="182" sentence="11" number="1">more</token>
<token id="183" sentence="11" number="2">information</token>
<token id="184" sentence="11" number="3">,</token>
<token id="185" sentence="11" number="4">call</token>
<token id="186" sentence="11" number="5">(931)??592-5234</token>
<token id="187" sentence="11" number="6">.</token>
<token id="188" sentence="12" number="0">RINGGOLD</token>
<token id="189" sentence="12" number="1">,</token>
<token id="190" sentence="12" number="2">GA.</token>
<token id="191" sentence="12" number="3">.</token>
<token id="192" sentence="13" number="0">Candidate</token>
<token id="193" sentence="13" number="1">steps</token>
<token id="194" sentence="13" number="2">up</token>
<token id="195" sentence="13" number="3">in</token>
<token id="196" sentence="13" number="4">commission</token>
<token id="197" sentence="13" number="5">race</token>
<token id="198" sentence="13" number="6">Ringgold</token>
<token id="199" sentence="13" number="7">resident</token>
<token id="200" sentence="13" number="8">James</token>
<token id="201" sentence="13" number="9">Emberson</token>
<token id="202" sentence="13" number="10">,</token>
<token id="203" sentence="13" number="11">67</token>
<token id="204" sentence="13" number="12">,</token>
<token id="205" sentence="13" number="13">a</token>
<token id="206" sentence="13" number="14">retired</token>
<token id="207" sentence="13" number="15">service</token>
<token id="208" sentence="13" number="16">manager</token>
<token id="209" sentence="13" number="17">for</token>
<token id="210" sentence="13" number="18">Provident</token>
<token id="211" sentence="13" number="19">Life</token>
<token id="212" sentence="13" number="20">Insurance</token>
<token id="213" sentence="13" number="21">Co.</token>
<token id="214" sentence="13" number="22">,</token>
<token id="215" sentence="13" number="23">said</token>
<token id="216" sentence="13" number="24">he</token>
<token id="217" sentence="13" number="25">will</token>
<token id="218" sentence="13" number="26">seek</token>
<token id="219" sentence="13" number="27">the</token>
<token id="220" sentence="13" number="28">3rd</token>
<token id="221" sentence="13" number="29">District</token>
<token id="222" sentence="13" number="30">Catoosa</token>
<token id="223" sentence="13" number="31">County</token>
<token id="224" sentence="13" number="32">Commission</token>
<token id="225" sentence="13" number="33">seat</token>
<token id="226" sentence="13" number="34">.</token>
<token id="227" sentence="14" number="0">A</token>
<token id="228" sentence="14" number="1">special</token>
<token id="229" sentence="14" number="2">election</token>
<token id="230" sentence="14" number="3">has</token>
<token id="231" sentence="14" number="4">been</token>
<token id="232" sentence="14" number="5">called</token>
<token id="233" sentence="14" number="6">for</token>
<token id="234" sentence="14" number="7">Sept.</token>
<token id="235" sentence="14" number="8">16</token>
<token id="236" sentence="14" number="9">to</token>
<token id="237" sentence="14" number="10">fill</token>
<token id="238" sentence="14" number="11">the</token>
<token id="239" sentence="14" number="12">unexpired</token>
<token id="240" sentence="14" number="13">seat</token>
<token id="241" sentence="14" number="14">of</token>
<token id="242" sentence="14" number="15">County</token>
<token id="243" sentence="14" number="16">Commissioner</token>
<token id="244" sentence="14" number="17">Burke</token>
<token id="245" sentence="14" number="18">Hale</token>
<token id="246" sentence="14" number="19">,</token>
<token id="247" sentence="14" number="20">who</token>
<token id="248" sentence="14" number="21">died</token>
<token id="249" sentence="14" number="22">earlier</token>
<token id="250" sentence="14" number="23">this</token>
<token id="251" sentence="14" number="24">month</token>
<token id="252" sentence="14" number="25">.</token>
<token id="253" sentence="15" number="0">Qualifying</token>
<token id="254" sentence="15" number="1">begins</token>
<token id="255" sentence="15" number="2">July</token>
<token id="256" sentence="15" number="3">28</token>
<token id="257" sentence="15" number="4">and</token>
<token id="258" sentence="15" number="5">ends</token>
<token id="259" sentence="15" number="6">at</token>
<token id="260" sentence="15" number="7">noon</token>
<token id="261" sentence="15" number="8">July</token>
<token id="262" sentence="15" number="9">30</token>
<token id="263" sentence="15" number="10">.</token>
<token id="264" sentence="16" number="0">Mr.</token>
<token id="265" sentence="16" number="1">Emberson</token>
<token id="266" sentence="16" number="2">,</token>
<token id="267" sentence="16" number="3">a</token>
<token id="268" sentence="16" number="4">former</token>
<token id="269" sentence="16" number="5">Marine</token>
<token id="270" sentence="16" number="6">,</token>
<token id="271" sentence="16" number="7">has</token>
<token id="272" sentence="16" number="8">been</token>
<token id="273" sentence="16" number="9">a</token>
<token id="274" sentence="16" number="10">mentor</token>
<token id="275" sentence="16" number="11">at</token>
<token id="276" sentence="16" number="12">Ringgold</token>
<token id="277" sentence="16" number="13">Middle</token>
<token id="278" sentence="16" number="14">School</token>
<token id="279" sentence="16" number="15">for</token>
<token id="280" sentence="16" number="16">five</token>
<token id="281" sentence="16" number="17">years</token>
<token id="282" sentence="16" number="18">under</token>
<token id="283" sentence="16" number="19">the</token>
<token id="284" sentence="16" number="20">Partnership</token>
<token id="285" sentence="16" number="21">2000</token>
<token id="286" sentence="16" number="22">Program</token>
<token id="287" sentence="16" number="23">.</token>
<token id="288" sentence="17" number="0">He</token>
<token id="289" sentence="17" number="1">and</token>
<token id="290" sentence="17" number="2">his</token>
<token id="291" sentence="17" number="3">wife</token>
<token id="292" sentence="17" number="4">,</token>
<token id="293" sentence="17" number="5">Gail</token>
<token id="294" sentence="17" number="6">,</token>
<token id="295" sentence="17" number="7">have</token>
<token id="296" sentence="17" number="8">three</token>
<token id="297" sentence="17" number="9">sons</token>
<token id="298" sentence="17" number="10">and</token>
<token id="299" sentence="17" number="11">two</token>
<token id="300" sentence="17" number="12">grandchildren</token>
<token id="301" sentence="17" number="13">.</token>
<token id="302" sentence="18" number="0">CLEVELAND</token>
<token id="303" sentence="18" number="1">,</token>
<token id="304" sentence="18" number="2">TENN.</token>
<token id="305" sentence="18" number="3">.</token>
<token id="306" sentence="19" number="0">Scholarship</token>
<token id="307" sentence="19" number="1">to</token>
<token id="308" sentence="19" number="2">honor</token>
<token id="309" sentence="19" number="3">Buckner</token>
<token id="310" sentence="19" number="4">The</token>
<token id="311" sentence="19" number="5">son</token>
<token id="312" sentence="19" number="6">of</token>
<token id="313" sentence="19" number="7">Ralph</token>
<token id="314" sentence="19" number="8">Buckner</token>
<token id="315" sentence="19" number="9">has</token>
<token id="316" sentence="19" number="10">contributed</token>
<token id="317" sentence="19" number="11">$</token>
<token id="318" sentence="19" number="12">10,000</token>
<token id="319" sentence="19" number="13">to</token>
<token id="320" sentence="19" number="14">the</token>
<token id="321" sentence="19" number="15">Cleveland</token>
<token id="322" sentence="19" number="16">State</token>
<token id="323" sentence="19" number="17">Community</token>
<token id="324" sentence="19" number="18">College</token>
<token id="325" sentence="19" number="19">Foundation</token>
<token id="326" sentence="19" number="20">to</token>
<token id="327" sentence="19" number="21">establish</token>
<token id="328" sentence="19" number="22">a</token>
<token id="329" sentence="19" number="23">scholarship</token>
<token id="330" sentence="19" number="24">for</token>
<token id="331" sentence="19" number="25">students</token>
<token id="332" sentence="19" number="26">pursuing</token>
<token id="333" sentence="19" number="27">careers</token>
<token id="334" sentence="19" number="28">in</token>
<token id="335" sentence="19" number="29">public</token>
<token id="336" sentence="19" number="30">safety</token>
<token id="337" sentence="19" number="31">.</token>
<token id="338" sentence="20" number="0">Mr.</token>
<token id="339" sentence="20" number="1">Buckner</token>
<token id="340" sentence="20" number="2">was</token>
<token id="341" sentence="20" number="3">a</token>
<token id="342" sentence="20" number="4">funeral</token>
<token id="343" sentence="20" number="5">home</token>
<token id="344" sentence="20" number="6">operator</token>
<token id="345" sentence="20" number="7">in</token>
<token id="346" sentence="20" number="8">Cleveland</token>
<token id="347" sentence="20" number="9">for</token>
<token id="348" sentence="20" number="10">many</token>
<token id="349" sentence="20" number="11">years</token>
<token id="350" sentence="20" number="12">and</token>
<token id="351" sentence="20" number="13">was</token>
<token id="352" sentence="20" number="14">the</token>
<token id="353" sentence="20" number="15">city</token>
<token id="354" sentence="20" number="16">'s</token>
<token id="355" sentence="20" number="17">police</token>
<token id="356" sentence="20" number="18">commissioner</token>
<token id="357" sentence="20" number="19">from</token>
<token id="358" sentence="20" number="20">1974</token>
<token id="359" sentence="20" number="21">to</token>
<token id="360" sentence="20" number="22">1981</token>
<token id="361" sentence="20" number="23">.</token>
<token id="362" sentence="21" number="0">The</token>
<token id="363" sentence="21" number="1">scholarship</token>
<token id="364" sentence="21" number="2">will</token>
<token id="365" sentence="21" number="3">be</token>
<token id="366" sentence="21" number="4">available</token>
<token id="367" sentence="21" number="5">for</token>
<token id="368" sentence="21" number="6">students</token>
<token id="369" sentence="21" number="7">from</token>
<token id="370" sentence="21" number="8">Bradley</token>
<token id="371" sentence="21" number="9">,</token>
<token id="372" sentence="21" number="10">Polk</token>
<token id="373" sentence="21" number="11">and</token>
<token id="374" sentence="21" number="12">McMinn</token>
<token id="375" sentence="21" number="13">counties</token>
<token id="376" sentence="21" number="14">.</token>
<token id="377" sentence="22" number="0">ATLANTA</token>
<token id="378" sentence="22" number="1">Courthouse</token>
<token id="379" sentence="22" number="2">named</token>
<token id="380" sentence="22" number="3">after</token>
<token id="381" sentence="22" number="4">prosecutor</token>
<token id="382" sentence="22" number="5">The</token>
<token id="383" sentence="22" number="6">Fulton</token>
<token id="384" sentence="22" number="7">County</token>
<token id="385" sentence="22" number="8">Courthouse</token>
<token id="386" sentence="22" number="9">will</token>
<token id="387" sentence="22" number="10">carry</token>
<token id="388" sentence="22" number="11">the</token>
<token id="389" sentence="22" number="12">named</token>
<token id="390" sentence="22" number="13">of</token>
<token id="391" sentence="22" number="14">a</token>
<token id="392" sentence="22" number="15">man</token>
<token id="393" sentence="22" number="16">who</token>
<token id="394" sentence="22" number="17">prosecuted</token>
<token id="395" sentence="22" number="18">some</token>
<token id="396" sentence="22" number="19">of</token>
<token id="397" sentence="22" number="20">Atlanta</token>
<token id="398" sentence="22" number="21">'s</token>
<token id="399" sentence="22" number="22">most</token>
<token id="400" sentence="22" number="23">famous</token>
<token id="401" sentence="22" number="24">murder</token>
<token id="402" sentence="22" number="25">cases</token>
<token id="403" sentence="22" number="26">in</token>
<token id="404" sentence="22" number="27">three</token>
<token id="405" sentence="22" number="28">decades</token>
<token id="406" sentence="22" number="29">as</token>
<token id="407" sentence="22" number="30">district</token>
<token id="408" sentence="22" number="31">attorney</token>
<token id="409" sentence="22" number="32">.</token>
<token id="410" sentence="23" number="0">Lewis</token>
<token id="411" sentence="23" number="1">Slaton</token>
<token id="412" sentence="23" number="2">'s</token>
<token id="413" sentence="23" number="3">cases</token>
<token id="414" sentence="23" number="4">included</token>
<token id="415" sentence="23" number="5">those</token>
<token id="416" sentence="23" number="6">of</token>
<token id="417" sentence="23" number="7">Wayne</token>
<token id="418" sentence="23" number="8">Williams</token>
<token id="419" sentence="23" number="9">,</token>
<token id="420" sentence="23" number="10">in</token>
<token id="421" sentence="23" number="11">the</token>
<token id="422" sentence="23" number="12">missing</token>
<token id="423" sentence="23" number="13">and</token>
<token id="424" sentence="23" number="14">murdered</token>
<token id="425" sentence="23" number="15">children</token>
<token id="426" sentence="23" number="16">saga</token>
<token id="427" sentence="23" number="17">of</token>
<token id="428" sentence="23" number="18">the</token>
<token id="429" sentence="23" number="19">1980s</token>
<token id="430" sentence="23" number="20">,</token>
<token id="431" sentence="23" number="21">and</token>
<token id="432" sentence="23" number="22">Marcus</token>
<token id="433" sentence="23" number="23">Wayne</token>
<token id="434" sentence="23" number="24">Chenault</token>
<token id="435" sentence="23" number="25">,</token>
<token id="436" sentence="23" number="26">who</token>
<token id="437" sentence="23" number="27">killed</token>
<token id="438" sentence="23" number="28">the</token>
<token id="439" sentence="23" number="29">mother</token>
<token id="440" sentence="23" number="30">of</token>
<token id="441" sentence="23" number="31">the</token>
<token id="442" sentence="23" number="32">Rev.</token>
<token id="443" sentence="23" number="33">Martin</token>
<token id="444" sentence="23" number="34">Luther</token>
<token id="445" sentence="23" number="35">King</token>
<token id="446" sentence="23" number="36">Jr.</token>
<token id="447" sentence="23" number="37">.</token>
<token id="448" sentence="24" number="0">Slaton</token>
<token id="449" sentence="24" number="1">died</token>
<token id="450" sentence="24" number="2">last</token>
<token id="451" sentence="24" number="3">year</token>
<token id="452" sentence="24" number="4">at</token>
<token id="453" sentence="24" number="5">the</token>
<token id="454" sentence="24" number="6">age</token>
<token id="455" sentence="24" number="7">of</token>
<token id="456" sentence="24" number="8">80</token>
<token id="457" sentence="24" number="9">.</token>
<token id="458" sentence="25" number="0">He</token>
<token id="459" sentence="25" number="1">was</token>
<token id="460" sentence="25" number="2">district</token>
<token id="461" sentence="25" number="3">attorney</token>
<token id="462" sentence="25" number="4">from</token>
<token id="463" sentence="25" number="5">1965</token>
<token id="464" sentence="25" number="6">to</token>
<token id="465" sentence="25" number="7">1996</token>
<token id="466" sentence="25" number="8">.</token>


<Markables>
<ENTITY_MENTION id="13" syntactic_type="" head="" comment=""  >
<token_anchor id="56"/>
<token_anchor id="57"/>
<token_anchor id="58"/>
</ENTITY_MENTION>
<ENTITY_MENTION id="65" syntactic_type="" head="" comment=""  >
<token_anchor id="448"/>
</ENTITY_MENTION>
<ENTITY_MENTION id="15" syntactic_type="" head="" comment=""  >
<token_anchor id="98"/>
<token_anchor id="99"/>
</ENTITY_MENTION>
<ENTITY_MENTION id="17" syntactic_type="" head="" comment=""  >
<token_anchor id="101"/>
</ENTITY_MENTION>
<ENTITY_MENTION id="71" head="" syntactic_type="" comment=""  >
<token_anchor id="124"/>
<token_anchor id="125"/>
<token_anchor id="126"/>
</ENTITY_MENTION>
<ENTITY_MENTION id="19" syntactic_type="" head="" comment=""  >
<token_anchor id="108"/>
<token_anchor id="109"/>
<token_anchor id="110"/>
<token_anchor id="111"/>
</ENTITY_MENTION>
<ENTITY_MENTION id="72" head="" syntactic_type="" comment=""  >
<token_anchor id="222"/>
<token_anchor id="223"/>
</ENTITY_MENTION>
<ENTITY_MENTION id="20" syntactic_type="" head="" comment=""  >
<token_anchor id="118"/>
<token_anchor id="119"/>
</ENTITY_MENTION>
<ENTITY_MENTION id="74" head="" syntactic_type="" comment=""  >
<token_anchor id="372"/>
</ENTITY_MENTION>
<ENTITY_MENTION id="23" syntactic_type="" head="" comment=""  >
<token_anchor id="130"/>
</ENTITY_MENTION>
<ENTITY_MENTION id="25" syntactic_type="" head="" comment=""  >
<token_anchor id="142"/>
<token_anchor id="143"/>
</ENTITY_MENTION>
<ENTITY_MENTION id="26" syntactic_type="" head="" comment=""  >
<token_anchor id="163"/>
</ENTITY_MENTION>
<ENTITY_MENTION id="28" syntactic_type="" head="" comment=""  >
<token_anchor id="188"/>
</ENTITY_MENTION>
<ENTITY_MENTION id="30" syntactic_type="" head="" comment=""  >
<token_anchor id="190"/>
</ENTITY_MENTION>
<ENTITY_MENTION id="32" syntactic_type="" head="" comment=""  >
<token_anchor id="200"/>
<token_anchor id="201"/>
</ENTITY_MENTION>
<ENTITY_MENTION id="33" syntactic_type="" head="" comment=""  >
<token_anchor id="210"/>
<token_anchor id="211"/>
<token_anchor id="212"/>
<token_anchor id="213"/>
</ENTITY_MENTION>
<ENTITY_MENTION id="34" syntactic_type="" head="" comment=""  >
<token_anchor id="242"/>
<token_anchor id="243"/>
</ENTITY_MENTION>
<ENTITY_MENTION id="36" syntactic_type="" head="" comment=""  >
<token_anchor id="244"/>
<token_anchor id="245"/>
</ENTITY_MENTION>
<ENTITY_MENTION id="37" syntactic_type="" head="" comment=""  >
<token_anchor id="265"/>
</ENTITY_MENTION>
<ENTITY_MENTION id="38" syntactic_type="" head="" comment=""  >
<token_anchor id="276"/>
<token_anchor id="277"/>
<token_anchor id="278"/>
</ENTITY_MENTION>
<ENTITY_MENTION id="39" syntactic_type="" head="" comment=""  >
<token_anchor id="284"/>
<token_anchor id="285"/>
<token_anchor id="286"/>
</ENTITY_MENTION>
<ENTITY_MENTION id="40" syntactic_type="" head="" comment=""  >
<token_anchor id="293"/>
</ENTITY_MENTION>
<ENTITY_MENTION id="42" syntactic_type="" head="" comment=""  >
<token_anchor id="302"/>
</ENTITY_MENTION>
<ENTITY_MENTION id="44" syntactic_type="" head="" comment=""  >
<token_anchor id="304"/>
</ENTITY_MENTION>
<ENTITY_MENTION id="46" syntactic_type="" head="" comment=""  >
<token_anchor id="313"/>
<token_anchor id="314"/>
</ENTITY_MENTION>
<ENTITY_MENTION id="47" syntactic_type="" head="" comment=""  >
<token_anchor id="321"/>
<token_anchor id="322"/>
<token_anchor id="323"/>
<token_anchor id="324"/>
<token_anchor id="325"/>
</ENTITY_MENTION>
<ENTITY_MENTION id="48" syntactic_type="" head="" comment=""  >
<token_anchor id="346"/>
</ENTITY_MENTION>
<ENTITY_MENTION id="50" syntactic_type="" head="" comment=""  >
<token_anchor id="370"/>
</ENTITY_MENTION>
<ENTITY_MENTION id="1" syntactic_type="" head="" comment=""  >
<token_anchor id="1"/>
<token_anchor id="2"/>
</ENTITY_MENTION>
<ENTITY_MENTION id="52" syntactic_type="" head="" comment=""  >
<token_anchor id="374"/>
</ENTITY_MENTION>
<ENTITY_MENTION id="2" syntactic_type="" head="" comment=""  >
<token_anchor id="3"/>
</ENTITY_MENTION>
<ENTITY_MENTION id="54" syntactic_type="" head="" comment=""  >
<token_anchor id="377"/>
<token_anchor id="378"/>
</ENTITY_MENTION>
<ENTITY_MENTION id="4" syntactic_type="" head="" comment=""  >
<token_anchor id="5"/>
</ENTITY_MENTION>
<ENTITY_MENTION id="55" syntactic_type="" head="" comment=""  >
<token_anchor id="383"/>
<token_anchor id="384"/>
<token_anchor id="385"/>
</ENTITY_MENTION>
<ENTITY_MENTION id="6" syntactic_type="" head="" comment=""  >
<token_anchor id="11"/>
<token_anchor id="12"/>
</ENTITY_MENTION>
<ENTITY_MENTION id="57" syntactic_type="" head="" comment=""  >
<token_anchor id="397"/>
</ENTITY_MENTION>
<ENTITY_MENTION id="7" syntactic_type="" head="" comment=""  >
<token_anchor id="20"/>
<token_anchor id="21"/>
</ENTITY_MENTION>
<ENTITY_MENTION id="59" syntactic_type="" head="" comment=""  >
<token_anchor id="410"/>
<token_anchor id="411"/>
</ENTITY_MENTION>
<ENTITY_MENTION id="9" syntactic_type="" head="" comment=""  >
<token_anchor id="32"/>
<token_anchor id="33"/>
</ENTITY_MENTION>
<ENTITY_MENTION id="60" syntactic_type="" head="" comment=""  >
<token_anchor id="417"/>
<token_anchor id="418"/>
</ENTITY_MENTION>
<ENTITY_MENTION id="10" syntactic_type="" head="" comment=""  >
<token_anchor id="40"/>
<token_anchor id="41"/>
</ENTITY_MENTION>
<ENTITY_MENTION id="62" syntactic_type="" head="" comment=""  >
<token_anchor id="432"/>
<token_anchor id="433"/>
<token_anchor id="434"/>
</ENTITY_MENTION>
<ENTITY_MENTION id="11" syntactic_type="" head="" comment=""  >
<token_anchor id="43"/>
</ENTITY_MENTION>
<ENTITY_MENTION id="63" syntactic_type="" head="" comment=""  >
<token_anchor id="443"/>
<token_anchor id="444"/>
<token_anchor id="445"/>
<token_anchor id="446"/>
</ENTITY_MENTION>
<SIGNAL id="67" comment=""  >
<token_anchor id="8"/>
</SIGNAL>


<ENTITY id="3" RELATED_TO="" TAG_DESCRIPTOR="http://dbpedia.org/resource/Ducktown,_Tennessee" ent_type="" ent_class="" comment="" external_ref="http://dbpedia.org/resource/Ducktown,_Tennessee" />
<ENTITY id="5" RELATED_TO="" TAG_DESCRIPTOR="http://dbpedia.org/resource/Tennessee" ent_type="" ent_class="" comment="" external_ref="http://dbpedia.org/resource/Tennessee" />
<ENTITY id="8" RELATED_TO="" TAG_DESCRIPTOR="http://dbpedia.org/resource/Toccoa/Ocoee_River" ent_type="" ent_class="" comment="" external_ref="http://dbpedia.org/resource/Toccoa/Ocoee_River" />
<ENTITY id="12" RELATED_TO="" TAG_DESCRIPTOR="http://dbpedia.org/resource/TVA_Digital" ent_type="" ent_class="" comment="" external_ref="http://dbpedia.org/resource/TVA_Digital" />
<ENTITY id="14" RELATED_TO="" TAG_DESCRIPTOR="http://dbpedia.org/resource/Blue_Ridge_Reservoir" ent_type="" ent_class="" comment="" external_ref="http://dbpedia.org/resource/Blue_Ridge_Reservoir" />
<ENTITY id="16" RELATED_TO="" TAG_DESCRIPTOR="http://dbpedia.org/resource/Tracy_City,_Tennessee" ent_type="" ent_class="" comment="" external_ref="http://dbpedia.org/resource/Tracy_City,_Tennessee" />
<ENTITY id="18" RELATED_TO="" TAG_DESCRIPTOR="http://dbpedia.org/resource/Tennessee" ent_type="" ent_class="" comment="" external_ref="http://dbpedia.org/resource/Tennessee" />
<ENTITY id="21" RELATED_TO="" TAG_DESCRIPTOR="http://dbpedia.org/resource/Andy_Goldsworthy" ent_type="" ent_class="" comment="" external_ref="http://dbpedia.org/resource/Andy_Goldsworthy" />
<ENTITY id="22" RELATED_TO="" TAG_DESCRIPTOR="http://dbpedia.org/resource/River" ent_type="" ent_class="" comment="" external_ref="http://dbpedia.org/resource/River" />
<ENTITY id="24" RELATED_TO="" TAG_DESCRIPTOR="http://dbpedia.org/resource/Southeastern_Conference" ent_type="" ent_class="" comment="" external_ref="http://dbpedia.org/resource/Southeastern_Conference" />
<ENTITY id="27" RELATED_TO="" TAG_DESCRIPTOR="http://dbpedia.org/resource/Goldsworthy_railway" ent_type="" ent_class="" comment="" external_ref="http://dbpedia.org/resource/Goldsworthy_railway" />
<ENTITY id="29" RELATED_TO="" TAG_DESCRIPTOR="http://dbpedia.org/resource/Ringgold,_Georgia" ent_type="" ent_class="" comment="" external_ref="http://dbpedia.org/resource/Ringgold,_Georgia" />
<ENTITY id="31" RELATED_TO="" TAG_DESCRIPTOR="http://dbpedia.org/resource/Georgia_(U.S._state)" ent_type="" ent_class="" comment="" external_ref="http://dbpedia.org/resource/Georgia_(U.S._state)" />
<ENTITY id="35" RELATED_TO="" TAG_DESCRIPTOR="http://dbpedia.org/resource/Ohio_county_government" ent_type="" ent_class="" comment="" external_ref="http://dbpedia.org/resource/Ohio_county_government" />
<ENTITY id="41" RELATED_TO="" TAG_DESCRIPTOR="http://dbpedia.org/resource/Tommy_Sheridan" ent_type="" ent_class="" comment="" external_ref="http://dbpedia.org/resource/Tommy_Sheridan" />
<ENTITY id="43" RELATED_TO="" TAG_DESCRIPTOR="http://dbpedia.org/resource/Cleveland,_Tennessee" ent_type="" ent_class="" comment="" external_ref="http://dbpedia.org/resource/Cleveland,_Tennessee" />
<ENTITY id="45" RELATED_TO="" TAG_DESCRIPTOR="http://dbpedia.org/resource/Tennessee" ent_type="" ent_class="" comment="" external_ref="http://dbpedia.org/resource/Tennessee" />
<ENTITY id="49" RELATED_TO="" TAG_DESCRIPTOR="http://dbpedia.org/resource/Greater_Cleveland" ent_type="" ent_class="" comment="" external_ref="http://dbpedia.org/resource/Greater_Cleveland" />
<ENTITY id="51" RELATED_TO="" TAG_DESCRIPTOR="http://dbpedia.org/resource/Bradley_County,_Tennessee" ent_type="" ent_class="" comment="" external_ref="http://dbpedia.org/resource/Bradley_County,_Tennessee" />
<ENTITY id="53" RELATED_TO="" TAG_DESCRIPTOR="http://dbpedia.org/resource/McMinn_County,_Tennessee" ent_type="" ent_class="" comment="" external_ref="http://dbpedia.org/resource/McMinn_County,_Tennessee" />
<ENTITY id="56" RELATED_TO="" TAG_DESCRIPTOR="http://dbpedia.org/resource/Fulton_County_Courthouse_(Georgia)" ent_type="" ent_class="" comment="" external_ref="http://dbpedia.org/resource/Fulton_County_Courthouse_(Georgia)" />
<ENTITY id="58" RELATED_TO="" TAG_DESCRIPTOR="http://dbpedia.org/resource/Atlanta" ent_type="" ent_class="" comment="" external_ref="http://dbpedia.org/resource/Atlanta" />
<ENTITY id="61" RELATED_TO="" TAG_DESCRIPTOR="http://dbpedia.org/resource/Wayne_Williams" ent_type="" ent_class="" comment="" external_ref="http://dbpedia.org/resource/Wayne_Williams" />
<ENTITY id="64" RELATED_TO="" TAG_DESCRIPTOR="http://dbpedia.org/resource/Martin_Luther_King,_Jr." ent_type="" ent_class="" comment="" external_ref="http://dbpedia.org/resource/Martin_Luther_King,_Jr." />
<ENTITY id="66" RELATED_TO="" TAG_DESCRIPTOR="http://dbpedia.org/resource/Slaton_Independent_School_District" ent_type="" ent_class="" comment="" external_ref="http://dbpedia.org/resource/Slaton_Independent_School_District" />
<ENTITY id="68" RELATED_TO="" TAG_DESCRIPTOR="http://dbpedia.org/resource/Whitewater_Center" ent_type="PER" ent_class="" comment="" external_ref="http://dbpedia.org/resource/Whitewater_Center" />
<ENTITY id="69" RELATED_TO="" TAG_DESCRIPTOR="http://dbpedia.org/resource/TVA_Group" ent_type="PER" ent_class="" comment="" external_ref="http://dbpedia.org/resource/TVA_Group" />
<ENTITY id="70" RELATED_TO="" TAG_DESCRIPTOR="http://dbpedia.org/resource/Rivers_and_Tides" ent_type="PER" ent_class="" comment="" external_ref="http://dbpedia.org/resource/Rivers_and_Tides" />
<ENTITY id="73" RELATED_TO="" TAG_DESCRIPTOR="http://dbpedia.org/resource/Catoosa_County" ent_type="PER" ent_class="" comment="" external_ref="http://dbpedia.org/resource/Catoosa_County" />
<ENTITY id="75" RELATED_TO="" TAG_DESCRIPTOR="http://dbpedia.org/resource/Polk_County,_Tennessee" ent_type="PER" ent_class="" comment="" external_ref="http://dbpedia.org/resource/Polk_County,_Tennessee" />
</Markables>

<Relations>
<REFERS_TO id="433778" >
<source id="57" />
<target id="58" />
</REFERS_TO>
<REFERS_TO id="433779" >
<source id="60" />
<target id="61" />
</REFERS_TO>
<REFERS_TO id="433780" >
<source id="63" />
<target id="64" />
</REFERS_TO>
<REFERS_TO id="433783" >
<source id="20" />
<target id="21" />
</REFERS_TO>
<REFERS_TO id="433785" >
<source id="44" />
<target id="45" />
</REFERS_TO>
<REFERS_TO id="433786" >
<source id="42" />
<target id="43" />
</REFERS_TO>
<REFERS_TO id="433787" >
<source id="26" />
<target id="21" />
</REFERS_TO>
<REFERS_TO id="433789" >
<source id="2" />
<target id="3" />
</REFERS_TO>
<REFERS_TO id="433790" >
<source id="4" />
<target id="5" />
</REFERS_TO>
<REFERS_TO id="433791" >
<source id="7" />
<target id="8" />
</REFERS_TO>
<REFERS_TO id="433792" >
<source id="55" />
<target id="56" />
</REFERS_TO>
<REFERS_TO id="433793" >
<source id="11" />
<target id="12" />
</REFERS_TO>
<REFERS_TO id="433794" >
<source id="13" />
<target id="14" />
</REFERS_TO>
<REFERS_TO id="433795" >
<source id="15" />
<target id="16" />
</REFERS_TO>
<REFERS_TO id="433796" >
<source id="52" />
<target id="53" />
</REFERS_TO>
<REFERS_TO id="433797" >
<source id="17" />
<target id="18" />
</REFERS_TO>
<REFERS_TO id="433798" >
<source id="28" />
<target id="29" />
</REFERS_TO>
<REFERS_TO id="433799" >
<source id="48" />
<target id="43" />
</REFERS_TO>
<REFERS_TO id="433800" >
<source id="50" />
<target id="51" />
</REFERS_TO>
<REFERS_TO id="433801" >
<source id="30" />
<target id="31" />
</REFERS_TO>
<REFERS_TO id="434032" >
<source id="9" />
<target id="68" />
</REFERS_TO>
<REFERS_TO id="434033" >
<source id="11" />
<target id="69" />
</REFERS_TO>
<REFERS_TO id="434034" >
<source id="17" />
<target id="5" />
</REFERS_TO>
<REFERS_TO id="434035" >
<source id="71" />
<target id="70" />
</REFERS_TO>
<REFERS_TO id="434036" >
<source id="72" />
<target id="73" />
</REFERS_TO>
<REFERS_TO id="434037" >
<source id="74" />
<target id="75" />
</REFERS_TO>
<REFERS_TO id="434038" >
<source id="54" />
<target id="56" />
</REFERS_TO>
</Relations>
</Document>
