<Document doc_name="4B55-CBM0-00S0-W1JD.xml">
<token id="1" sentence="0" number="0">Alfa</token>
<token id="2" sentence="0" number="1">Romeo</token>
<token id="3" sentence="0" number="2">wo</token>
<token id="4" sentence="0" number="3">n't</token>
<token id="5" sentence="0" number="4">return</token>
<token id="6" sentence="0" number="5">to</token>
<token id="7" sentence="0" number="6">USA</token>
<token id="8" sentence="0" number="7">in</token>
<token id="9" sentence="0" number="8">2007</token>
<token id="10" sentence="0" number="9">;</token>
<token id="11" sentence="0" number="10">Fiat</token>
<token id="12" sentence="0" number="11">'s</token>
<token id="13" sentence="0" number="12">sporty</token>
<token id="14" sentence="0" number="13">brand</token>
<token id="15" sentence="0" number="14">loses</token>
<token id="16" sentence="0" number="15">ground</token>
<token id="17" sentence="0" number="16">in</token>
<token id="18" sentence="0" number="17">western</token>
<token id="19" sentence="0" number="18">Europe</token>
<token id="20" sentence="1" number="0">Alfa</token>
<token id="21" sentence="1" number="1">Romeo</token>
<token id="22" sentence="1" number="2">is</token>
<token id="23" sentence="1" number="3">postponing</token>
<token id="24" sentence="1" number="4">a</token>
<token id="25" sentence="1" number="5">return</token>
<token id="26" sentence="1" number="6">to</token>
<token id="27" sentence="1" number="7">the</token>
<token id="28" sentence="1" number="8">US</token>
<token id="29" sentence="1" number="9">again</token>
<token id="30" sentence="1" number="10">.</token>
<token id="31" sentence="2" number="0">It</token>
<token id="32" sentence="2" number="1">wo</token>
<token id="33" sentence="2" number="2">n't</token>
<token id="34" sentence="2" number="3">make</token>
<token id="35" sentence="2" number="4">the</token>
<token id="36" sentence="2" number="5">move</token>
<token id="37" sentence="2" number="6">,</token>
<token id="38" sentence="2" number="7">as</token>
<token id="39" sentence="2" number="8">originally</token>
<token id="40" sentence="2" number="9">planned</token>
<token id="41" sentence="2" number="10">,</token>
<token id="42" sentence="2" number="11">in</token>
<token id="43" sentence="2" number="12">2007</token>
<token id="44" sentence="2" number="13">,</token>
<token id="45" sentence="2" number="14">Fiat</token>
<token id="46" sentence="2" number="15">Group</token>
<token id="47" sentence="2" number="16">CEO</token>
<token id="48" sentence="2" number="17">Giuseppe</token>
<token id="49" sentence="2" number="18">Morchio</token>
<token id="50" sentence="2" number="19">told</token>
<token id="51" sentence="2" number="20">Automotive</token>
<token id="52" sentence="2" number="21">News</token>
<token id="53" sentence="2" number="22">Europe</token>
<token id="54" sentence="2" number="23">.</token>
<token id="55" sentence="3" number="0">A</token>
<token id="56" sentence="3" number="1">comeback</token>
<token id="57" sentence="3" number="2">is</token>
<token id="58" sentence="3" number="3">part</token>
<token id="59" sentence="3" number="4">of</token>
<token id="60" sentence="3" number="5">the</token>
<token id="61" sentence="3" number="6">Fiat</token>
<token id="62" sentence="3" number="7">Group</token>
<token id="63" sentence="3" number="8">'s</token>
<token id="64" sentence="3" number="9">strategy</token>
<token id="65" sentence="3" number="10">,</token>
<token id="66" sentence="3" number="11">but</token>
<token id="67" sentence="3" number="12">a</token>
<token id="68" sentence="3" number="13">date</token>
<token id="69" sentence="3" number="14">has</token>
<token id="70" sentence="3" number="15">n't</token>
<token id="71" sentence="3" number="16">been</token>
<token id="72" sentence="3" number="17">set</token>
<token id="73" sentence="3" number="18">yet</token>
<token id="74" sentence="3" number="19">,</token>
<token id="75" sentence="3" number="20">Morchio</token>
<token id="76" sentence="3" number="21">said</token>
<token id="77" sentence="3" number="22">.</token>
<token id="78" sentence="4" number="0">``</token>
<token id="79" sentence="4" number="1">We</token>
<token id="80" sentence="4" number="2">have</token>
<token id="81" sentence="4" number="3">to</token>
<token id="82" sentence="4" number="4">fix</token>
<token id="83" sentence="4" number="5">our</token>
<token id="84" sentence="4" number="6">operations</token>
<token id="85" sentence="4" number="7">in</token>
<token id="86" sentence="4" number="8">Europe</token>
<token id="87" sentence="4" number="9">before</token>
<token id="88" sentence="4" number="10">we</token>
<token id="89" sentence="4" number="11">start</token>
<token id="90" sentence="4" number="12">thinking</token>
<token id="91" sentence="4" number="13">about</token>
<token id="92" sentence="4" number="14">North</token>
<token id="93" sentence="4" number="15">America</token>
<token id="94" sentence="4" number="16">.</token>
<token id="95" sentence="4" number="17">''</token>
<token id="96" sentence="5" number="0">Alfa</token>
<token id="97" sentence="5" number="1">Romeo</token>
<token id="98" sentence="5" number="2">'s</token>
<token id="99" sentence="5" number="3">sales</token>
<token id="100" sentence="5" number="4">in</token>
<token id="101" sentence="5" number="5">western</token>
<token id="102" sentence="5" number="6">Europe</token>
<token id="103" sentence="5" number="7">are</token>
<token id="104" sentence="5" number="8">down</token>
<token id="105" sentence="5" number="9">5.8</token>
<token id="106" sentence="5" number="10">percent</token>
<token id="107" sentence="5" number="11">.</token>
<token id="108" sentence="6" number="0">Overall</token>
<token id="109" sentence="6" number="1">,</token>
<token id="110" sentence="6" number="2">industry</token>
<token id="111" sentence="6" number="3">sales</token>
<token id="112" sentence="6" number="4">in</token>
<token id="113" sentence="6" number="5">western</token>
<token id="114" sentence="6" number="6">Europe</token>
<token id="115" sentence="6" number="7">are</token>
<token id="116" sentence="6" number="8">down</token>
<token id="117" sentence="6" number="9">1.3</token>
<token id="118" sentence="6" number="10">percent</token>
<token id="119" sentence="6" number="11">.</token>
<token id="120" sentence="7" number="0">The</token>
<token id="121" sentence="7" number="1">Fiat</token>
<token id="122" sentence="7" number="2">Auto</token>
<token id="123" sentence="7" number="3">subsidiary</token>
<token id="124" sentence="7" number="4">has</token>
<token id="125" sentence="7" number="5">sold</token>
<token id="126" sentence="7" number="6">138,631</token>
<token id="127" sentence="7" number="7">units</token>
<token id="128" sentence="7" number="8">in</token>
<token id="129" sentence="7" number="9">the</token>
<token id="130" sentence="7" number="10">first</token>
<token id="131" sentence="7" number="11">10</token>
<token id="132" sentence="7" number="12">months</token>
<token id="133" sentence="7" number="13">of</token>
<token id="134" sentence="7" number="14">the</token>
<token id="135" sentence="7" number="15">year</token>
<token id="136" sentence="7" number="16">,</token>
<token id="137" sentence="7" number="17">down</token>
<token id="138" sentence="7" number="18">from</token>
<token id="139" sentence="7" number="19">147,120</token>
<token id="140" sentence="7" number="20">units</token>
<token id="141" sentence="7" number="21">during</token>
<token id="142" sentence="7" number="22">the</token>
<token id="143" sentence="7" number="23">same</token>
<token id="144" sentence="7" number="24">period</token>
<token id="145" sentence="7" number="25">in</token>
<token id="146" sentence="7" number="26">2002</token>
<token id="147" sentence="7" number="27">.</token>
<token id="148" sentence="8" number="0">Up</token>
<token id="149" sentence="8" number="1">in</token>
<token id="150" sentence="8" number="2">Italy</token>
<token id="151" sentence="8" number="3">Alfa</token>
<token id="152" sentence="8" number="4">'s</token>
<token id="153" sentence="8" number="5">sales</token>
<token id="154" sentence="8" number="6">are</token>
<token id="155" sentence="8" number="7">up</token>
<token id="156" sentence="8" number="8">2.5</token>
<token id="157" sentence="8" number="9">percent</token>
<token id="158" sentence="8" number="10">in</token>
<token id="159" sentence="8" number="11">Italy</token>
<token id="160" sentence="8" number="12">,</token>
<token id="161" sentence="8" number="13">where</token>
<token id="162" sentence="8" number="14">it</token>
<token id="163" sentence="8" number="15">has</token>
<token id="164" sentence="8" number="16">sold</token>
<token id="165" sentence="8" number="17">70,596</token>
<token id="166" sentence="8" number="18">units</token>
<token id="167" sentence="8" number="19">from</token>
<token id="168" sentence="8" number="20">January</token>
<token id="169" sentence="8" number="21">through</token>
<token id="170" sentence="8" number="22">October</token>
<token id="171" sentence="8" number="23">,</token>
<token id="172" sentence="8" number="24">but</token>
<token id="173" sentence="8" number="25">sales</token>
<token id="174" sentence="8" number="26">of</token>
<token id="175" sentence="8" number="27">the</token>
<token id="176" sentence="8" number="28">brand</token>
<token id="177" sentence="8" number="29">are</token>
<token id="178" sentence="8" number="30">down</token>
<token id="179" sentence="8" number="31">in</token>
<token id="180" sentence="8" number="32">most</token>
<token id="181" sentence="8" number="33">other</token>
<token id="182" sentence="8" number="34">European</token>
<token id="183" sentence="8" number="35">countries</token>
<token id="184" sentence="8" number="36">.</token>
<token id="185" sentence="9" number="0">Alfa</token>
<token id="186" sentence="9" number="1">'s</token>
<token id="187" sentence="9" number="2">biggest</token>
<token id="188" sentence="9" number="3">decline</token>
<token id="189" sentence="9" number="4">is</token>
<token id="190" sentence="9" number="5">in</token>
<token id="191" sentence="9" number="6">Germany</token>
<token id="192" sentence="9" number="7">where</token>
<token id="193" sentence="9" number="8">sales</token>
<token id="194" sentence="9" number="9">have</token>
<token id="195" sentence="9" number="10">dropped</token>
<token id="196" sentence="9" number="11">from</token>
<token id="197" sentence="9" number="12">25,700</token>
<token id="198" sentence="9" number="13">units</token>
<token id="199" sentence="9" number="14">in</token>
<token id="200" sentence="9" number="15">2001</token>
<token id="201" sentence="9" number="16">to</token>
<token id="202" sentence="9" number="17">19,000</token>
<token id="203" sentence="9" number="18">units</token>
<token id="204" sentence="9" number="19">last</token>
<token id="205" sentence="9" number="20">year</token>
<token id="206" sentence="9" number="21">.</token>
<token id="207" sentence="10" number="0">Projected</token>
<token id="208" sentence="10" number="1">sales</token>
<token id="209" sentence="10" number="2">for</token>
<token id="210" sentence="10" number="3">2003</token>
<token id="211" sentence="10" number="4">are</token>
<token id="212" sentence="10" number="5">15,000</token>
<token id="213" sentence="10" number="6">units</token>
<token id="214" sentence="10" number="7">.</token>
<token id="215" sentence="11" number="0">Morchio</token>
<token id="216" sentence="11" number="1">said</token>
<token id="217" sentence="11" number="2">one</token>
<token id="218" sentence="11" number="3">of</token>
<token id="219" sentence="11" number="4">Herbert</token>
<token id="220" sentence="11" number="5">Demel</token>
<token id="221" sentence="11" number="6">'s</token>
<token id="222" sentence="11" number="7">first</token>
<token id="223" sentence="11" number="8">priorities</token>
<token id="224" sentence="11" number="9">as</token>
<token id="225" sentence="11" number="10">new</token>
<token id="226" sentence="11" number="11">CEO</token>
<token id="227" sentence="11" number="12">of</token>
<token id="228" sentence="11" number="13">Fiat</token>
<token id="229" sentence="11" number="14">Auto</token>
<token id="230" sentence="11" number="15">is</token>
<token id="231" sentence="11" number="16">to</token>
<token id="232" sentence="11" number="17">fix</token>
<token id="233" sentence="11" number="18">the</token>
<token id="234" sentence="11" number="19">company</token>
<token id="235" sentence="11" number="20">'s</token>
<token id="236" sentence="11" number="21">dealer</token>
<token id="237" sentence="11" number="22">network</token>
<token id="238" sentence="11" number="23">outside</token>
<token id="239" sentence="11" number="24">the</token>
<token id="240" sentence="11" number="25">country</token>
<token id="241" sentence="11" number="26">.</token>
<token id="242" sentence="12" number="0">Production</token>
<token id="243" sentence="12" number="1">drop</token>
<token id="244" sentence="12" number="2">Alfa</token>
<token id="245" sentence="12" number="3">'s</token>
<token id="246" sentence="12" number="4">production</token>
<token id="247" sentence="12" number="5">also</token>
<token id="248" sentence="12" number="6">is</token>
<token id="249" sentence="12" number="7">down</token>
<token id="250" sentence="12" number="8">.</token>
<token id="251" sentence="13" number="0">It</token>
<token id="252" sentence="13" number="1">will</token>
<token id="253" sentence="13" number="2">build</token>
<token id="254" sentence="13" number="3">fewer</token>
<token id="255" sentence="13" number="4">than</token>
<token id="256" sentence="13" number="5">200,000</token>
<token id="257" sentence="13" number="6">units</token>
<token id="258" sentence="13" number="7">for</token>
<token id="259" sentence="13" number="8">the</token>
<token id="260" sentence="13" number="9">second</token>
<token id="261" sentence="13" number="10">year</token>
<token id="262" sentence="13" number="11">in</token>
<token id="263" sentence="13" number="12">a</token>
<token id="264" sentence="13" number="13">row</token>
<token id="265" sentence="13" number="14">.</token>
<token id="266" sentence="14" number="0">It</token>
<token id="267" sentence="14" number="1">hopes</token>
<token id="268" sentence="14" number="2">to</token>
<token id="269" sentence="14" number="3">produce</token>
<token id="270" sentence="14" number="4">more</token>
<token id="271" sentence="14" number="5">than</token>
<token id="272" sentence="14" number="6">200,000</token>
<token id="273" sentence="14" number="7">units</token>
<token id="274" sentence="14" number="8">next</token>
<token id="275" sentence="14" number="9">year</token>
<token id="276" sentence="14" number="10">.</token>
<token id="277" sentence="15" number="0">Alfa</token>
<token id="278" sentence="15" number="1">'s</token>
<token id="279" sentence="15" number="2">return</token>
<token id="280" sentence="15" number="3">to</token>
<token id="281" sentence="15" number="4">the</token>
<token id="282" sentence="15" number="5">USA</token>
<token id="283" sentence="15" number="6">has</token>
<token id="284" sentence="15" number="7">been</token>
<token id="285" sentence="15" number="8">plagued</token>
<token id="286" sentence="15" number="9">by</token>
<token id="287" sentence="15" number="10">repeated</token>
<token id="288" sentence="15" number="11">postponements</token>
<token id="289" sentence="15" number="12">.</token>
<token id="290" sentence="16" number="0">In</token>
<token id="291" sentence="16" number="1">March</token>
<token id="292" sentence="16" number="2">2000</token>
<token id="293" sentence="16" number="3">,</token>
<token id="294" sentence="16" number="4">when</token>
<token id="295" sentence="16" number="5">Fiat</token>
<token id="296" sentence="16" number="6">announced</token>
<token id="297" sentence="16" number="7">its</token>
<token id="298" sentence="16" number="8">strategic</token>
<token id="299" sentence="16" number="9">alliance</token>
<token id="300" sentence="16" number="10">with</token>
<token id="301" sentence="16" number="11">General</token>
<token id="302" sentence="16" number="12">Motors</token>
<token id="303" sentence="16" number="13">,</token>
<token id="304" sentence="16" number="14">it</token>
<token id="305" sentence="16" number="15">said</token>
<token id="306" sentence="16" number="16">Alfa</token>
<token id="307" sentence="16" number="17">would</token>
<token id="308" sentence="16" number="18">return</token>
<token id="309" sentence="16" number="19">to</token>
<token id="310" sentence="16" number="20">the</token>
<token id="311" sentence="16" number="21">USA</token>
<token id="312" sentence="16" number="22">in</token>
<token id="313" sentence="16" number="23">2003</token>
<token id="314" sentence="16" number="24">with</token>
<token id="315" sentence="16" number="25">its</token>
<token id="316" sentence="16" number="26">next-generation</token>
<token id="317" sentence="16" number="27">Spider</token>
<token id="318" sentence="16" number="28">.</token>
<token id="319" sentence="17" number="0">But</token>
<token id="320" sentence="17" number="1">the</token>
<token id="321" sentence="17" number="2">move</token>
<token id="322" sentence="17" number="3">was</token>
<token id="323" sentence="17" number="4">postponed</token>
<token id="324" sentence="17" number="5">to</token>
<token id="325" sentence="17" number="6">2004</token>
<token id="326" sentence="17" number="7">,</token>
<token id="327" sentence="17" number="8">then</token>
<token id="328" sentence="17" number="9">to</token>
<token id="329" sentence="17" number="10">2005</token>
<token id="330" sentence="17" number="11">,</token>
<token id="331" sentence="17" number="12">and</token>
<token id="332" sentence="17" number="13">,</token>
<token id="333" sentence="17" number="14">in</token>
<token id="334" sentence="17" number="15">the</token>
<token id="335" sentence="17" number="16">summer</token>
<token id="336" sentence="17" number="17">of</token>
<token id="337" sentence="17" number="18">2002</token>
<token id="338" sentence="17" number="19">,</token>
<token id="339" sentence="17" number="20">the</token>
<token id="340" sentence="17" number="21">date</token>
<token id="341" sentence="17" number="22">was</token>
<token id="342" sentence="17" number="23">pushed</token>
<token id="343" sentence="17" number="24">back</token>
<token id="344" sentence="17" number="25">to</token>
<token id="345" sentence="17" number="26">2007</token>
<token id="346" sentence="17" number="27">.</token>
<token id="347" sentence="18" number="0">The</token>
<token id="348" sentence="18" number="1">first</token>
<token id="349" sentence="18" number="2">two</token>
<token id="350" sentence="18" number="3">delays</token>
<token id="351" sentence="18" number="4">resulted</token>
<token id="352" sentence="18" number="5">from</token>
<token id="353" sentence="18" number="6">changes</token>
<token id="354" sentence="18" number="7">to</token>
<token id="355" sentence="18" number="8">the</token>
<token id="356" sentence="18" number="9">platform</token>
<token id="357" sentence="18" number="10">on</token>
<token id="358" sentence="18" number="11">which</token>
<token id="359" sentence="18" number="12">the</token>
<token id="360" sentence="18" number="13">new</token>
<token id="361" sentence="18" number="14">Spider</token>
<token id="362" sentence="18" number="15">,</token>
<token id="363" sentence="18" number="16">code-named</token>
<token id="364" sentence="18" number="17">project</token>
<token id="365" sentence="18" number="18">938</token>
<token id="366" sentence="18" number="19">,</token>
<token id="367" sentence="18" number="20">was</token>
<token id="368" sentence="18" number="21">based</token>
<token id="369" sentence="18" number="22">.</token>
<token id="370" sentence="19" number="0">Project</token>
<token id="371" sentence="19" number="1">938</token>
<token id="372" sentence="19" number="2">was</token>
<token id="373" sentence="19" number="3">killed</token>
<token id="374" sentence="19" number="4">in</token>
<token id="375" sentence="19" number="5">July</token>
<token id="376" sentence="19" number="6">2002</token>
<token id="377" sentence="19" number="7">,</token>
<token id="378" sentence="19" number="8">when</token>
<token id="379" sentence="19" number="9">Alfa</token>
<token id="380" sentence="19" number="10">decided</token>
<token id="381" sentence="19" number="11">to</token>
<token id="382" sentence="19" number="12">delay</token>
<token id="383" sentence="19" number="13">its</token>
<token id="384" sentence="19" number="14">return</token>
<token id="385" sentence="19" number="15">until</token>
<token id="386" sentence="19" number="16">it</token>
<token id="387" sentence="19" number="17">had</token>
<token id="388" sentence="19" number="18">a</token>
<token id="389" sentence="19" number="19">complete</token>
<token id="390" sentence="19" number="20">range</token>
<token id="391" sentence="19" number="21">of</token>
<token id="392" sentence="19" number="22">new</token>
<token id="393" sentence="19" number="23">vehicles</token>
<token id="394" sentence="19" number="24">.</token>
<token id="395" sentence="20" number="0">The</token>
<token id="396" sentence="20" number="1">new</token>
<token id="397" sentence="20" number="2">range</token>
<token id="398" sentence="20" number="3">,</token>
<token id="399" sentence="20" number="4">called</token>
<token id="400" sentence="20" number="5">project</token>
<token id="401" sentence="20" number="6">939</token>
<token id="402" sentence="20" number="7">,</token>
<token id="403" sentence="20" number="8">includes</token>
<token id="404" sentence="20" number="9">four</token>
<token id="405" sentence="20" number="10">cars</token>
<token id="406" sentence="20" number="11">based</token>
<token id="407" sentence="20" number="12">on</token>
<token id="408" sentence="20" number="13">the</token>
<token id="409" sentence="20" number="14">Premium</token>
<token id="410" sentence="20" number="15">Vehicle</token>
<token id="411" sentence="20" number="16">Architecture</token>
<token id="412" sentence="20" number="17">Alfa</token>
<token id="413" sentence="20" number="18">developed</token>
<token id="414" sentence="20" number="19">in</token>
<token id="415" sentence="20" number="20">cooperation</token>
<token id="416" sentence="20" number="21">with</token>
<token id="417" sentence="20" number="22">Saab</token>
<token id="418" sentence="20" number="23">.</token>
<token id="419" sentence="21" number="0">The</token>
<token id="420" sentence="21" number="1">cars</token>
<token id="421" sentence="21" number="2">are</token>
<token id="422" sentence="21" number="3">the</token>
<token id="423" sentence="21" number="4">replacements</token>
<token id="424" sentence="21" number="5">for</token>
<token id="425" sentence="21" number="6">the</token>
<token id="426" sentence="21" number="7">156</token>
<token id="427" sentence="21" number="8">sedan</token>
<token id="428" sentence="21" number="9">and</token>
<token id="429" sentence="21" number="10">station</token>
<token id="430" sentence="21" number="11">wagon</token>
<token id="431" sentence="21" number="12">and</token>
<token id="432" sentence="21" number="13">successors</token>
<token id="433" sentence="21" number="14">to</token>
<token id="434" sentence="21" number="15">the</token>
<token id="435" sentence="21" number="16">current</token>
<token id="436" sentence="21" number="17">Spider</token>
<token id="437" sentence="21" number="18">and</token>
<token id="438" sentence="21" number="19">its</token>
<token id="439" sentence="21" number="20">derived</token>
<token id="440" sentence="21" number="21">GTV</token>
<token id="441" sentence="21" number="22">coupe</token>
<token id="442" sentence="21" number="23">.</token>
<token id="443" sentence="22" number="0">All</token>
<token id="444" sentence="22" number="1">will</token>
<token id="445" sentence="22" number="2">appear</token>
<token id="446" sentence="22" number="3">in</token>
<token id="447" sentence="22" number="4">Europe</token>
<token id="448" sentence="22" number="5">between</token>
<token id="449" sentence="22" number="6">late</token>
<token id="450" sentence="22" number="7">2005</token>
<token id="451" sentence="22" number="8">and</token>
<token id="452" sentence="22" number="9">the</token>
<token id="453" sentence="22" number="10">middle</token>
<token id="454" sentence="22" number="11">of</token>
<token id="455" sentence="22" number="12">2006</token>
<token id="456" sentence="22" number="13">.</token>
<token id="457" sentence="23" number="0">Alfa</token>
<token id="458" sentence="23" number="1">wanted</token>
<token id="459" sentence="23" number="2">these</token>
<token id="460" sentence="23" number="3">four</token>
<token id="461" sentence="23" number="4">cars</token>
<token id="462" sentence="23" number="5">to</token>
<token id="463" sentence="23" number="6">be</token>
<token id="464" sentence="23" number="7">ready</token>
<token id="465" sentence="23" number="8">and</token>
<token id="466" sentence="23" number="9">in</token>
<token id="467" sentence="23" number="10">production</token>
<token id="468" sentence="23" number="11">before</token>
<token id="469" sentence="23" number="12">re-entering</token>
<token id="470" sentence="23" number="13">the</token>
<token id="471" sentence="23" number="14">US</token>
<token id="472" sentence="23" number="15">market</token>
<token id="473" sentence="23" number="16">.</token>
<token id="474" sentence="24" number="0">It</token>
<token id="475" sentence="24" number="1">was</token>
<token id="476" sentence="24" number="2">projecting</token>
<token id="477" sentence="24" number="3">sales</token>
<token id="478" sentence="24" number="4">of</token>
<token id="479" sentence="24" number="5">50,000-60</token>
<token id="480" sentence="24" number="6">,000</token>
<token id="481" sentence="24" number="7">cars</token>
<token id="482" sentence="24" number="8">a</token>
<token id="483" sentence="24" number="9">year</token>
<token id="484" sentence="24" number="10">in</token>
<token id="485" sentence="24" number="11">the</token>
<token id="486" sentence="24" number="12">USA</token>
<token id="487" sentence="24" number="13">in</token>
<token id="488" sentence="24" number="14">the</token>
<token id="489" sentence="24" number="15">medium</token>
<token id="490" sentence="24" number="16">term</token>
<token id="491" sentence="24" number="17">.</token>


<Markables>
<ENTITY_MENTION id="16" syntactic_type="" head="" comment=""  >
<token_anchor id="51"/>
<token_anchor id="52"/>
<token_anchor id="53"/>
</ENTITY_MENTION>
<ENTITY_MENTION id="76" syntactic_type="" head="" comment=""  >
<token_anchor id="471"/>
</ENTITY_MENTION>
<ENTITY_MENTION id="18" syntactic_type="" head="" comment=""  >
<token_anchor id="61"/>
<token_anchor id="62"/>
</ENTITY_MENTION>
<ENTITY_MENTION id="78" syntactic_type="" head="" comment=""  >
<token_anchor id="486"/>
</ENTITY_MENTION>
<ENTITY_MENTION id="20" syntactic_type="" head="" comment=""  >
<token_anchor id="75"/>
</ENTITY_MENTION>
<ENTITY_MENTION id="21" syntactic_type="" head="" comment=""  >
<token_anchor id="86"/>
</ENTITY_MENTION>
<ENTITY_MENTION id="82" head="" syntactic_type="" comment=""  >
<token_anchor id="436"/>
</ENTITY_MENTION>
<ENTITY_MENTION id="23" syntactic_type="" head="" comment=""  >
<token_anchor id="92"/>
<token_anchor id="93"/>
</ENTITY_MENTION>
<ENTITY_MENTION id="83" head="" syntactic_type="" comment=""  >
<token_anchor id="317"/>
</ENTITY_MENTION>
<ENTITY_MENTION id="25" syntactic_type="" head="" comment=""  >
<token_anchor id="96"/>
<token_anchor id="97"/>
</ENTITY_MENTION>
<ENTITY_MENTION id="27" syntactic_type="" head="" comment=""  >
<token_anchor id="102"/>
</ENTITY_MENTION>
<ENTITY_MENTION id="29" syntactic_type="" head="" comment=""  >
<token_anchor id="114"/>
</ENTITY_MENTION>
<ENTITY_MENTION id="31" syntactic_type="" head="" comment=""  >
<token_anchor id="121"/>
<token_anchor id="122"/>
</ENTITY_MENTION>
<ENTITY_MENTION id="33" syntactic_type="" head="" comment=""  >
<token_anchor id="150"/>
</ENTITY_MENTION>
<ENTITY_MENTION id="35" syntactic_type="" head="" comment=""  >
<token_anchor id="151"/>
</ENTITY_MENTION>
<ENTITY_MENTION id="37" syntactic_type="" head="" comment=""  >
<token_anchor id="159"/>
</ENTITY_MENTION>
<ENTITY_MENTION id="39" syntactic_type="" head="" comment=""  >
<token_anchor id="182"/>
</ENTITY_MENTION>
<ENTITY_MENTION id="41" syntactic_type="" head="" comment=""  >
<token_anchor id="185"/>
</ENTITY_MENTION>
<ENTITY_MENTION id="43" syntactic_type="" head="" comment=""  >
<token_anchor id="191"/>
</ENTITY_MENTION>
<ENTITY_MENTION id="45" syntactic_type="" head="" comment=""  >
<token_anchor id="215"/>
</ENTITY_MENTION>
<ENTITY_MENTION id="46" syntactic_type="" head="" comment=""  >
<token_anchor id="219"/>
<token_anchor id="220"/>
</ENTITY_MENTION>
<ENTITY_MENTION id="47" syntactic_type="" head="" comment=""  >
<token_anchor id="228"/>
<token_anchor id="229"/>
</ENTITY_MENTION>
<ENTITY_MENTION id="49" syntactic_type="" head="" comment=""  >
<token_anchor id="244"/>
</ENTITY_MENTION>
<ENTITY_MENTION id="51" syntactic_type="" head="" comment=""  >
<token_anchor id="277"/>
</ENTITY_MENTION>
<ENTITY_MENTION id="53" syntactic_type="" head="" comment=""  >
<token_anchor id="282"/>
</ENTITY_MENTION>
<ENTITY_MENTION id="55" syntactic_type="" head="" comment=""  >
<token_anchor id="295"/>
</ENTITY_MENTION>
<ENTITY_MENTION id="57" syntactic_type="" head="" comment=""  >
<token_anchor id="301"/>
<token_anchor id="302"/>
</ENTITY_MENTION>
<ENTITY_MENTION id="59" syntactic_type="" head="" comment=""  >
<token_anchor id="306"/>
</ENTITY_MENTION>
<ENTITY_MENTION id="1" syntactic_type="" head="" comment=""  >
<token_anchor id="1"/>
<token_anchor id="2"/>
</ENTITY_MENTION>
<ENTITY_MENTION id="61" syntactic_type="" head="" comment=""  >
<token_anchor id="311"/>
</ENTITY_MENTION>
<ENTITY_MENTION id="3" syntactic_type="" head="" comment=""  >
<token_anchor id="7"/>
</ENTITY_MENTION>
<ENTITY_MENTION id="63" syntactic_type="" head="" comment=""  >
<token_anchor id="361"/>
</ENTITY_MENTION>
<ENTITY_MENTION id="5" syntactic_type="" head="" comment=""  >
<token_anchor id="11"/>
</ENTITY_MENTION>
<ENTITY_MENTION id="65" syntactic_type="" head="" comment=""  >
<token_anchor id="379"/>
</ENTITY_MENTION>
<ENTITY_MENTION id="7" syntactic_type="" head="" comment=""  >
<token_anchor id="19"/>
</ENTITY_MENTION>
<ENTITY_MENTION id="67" syntactic_type="" head="" comment=""  >
<token_anchor id="409"/>
<token_anchor id="410"/>
<token_anchor id="411"/>
<token_anchor id="412"/>
</ENTITY_MENTION>
<ENTITY_MENTION id="9" syntactic_type="" head="" comment=""  >
<token_anchor id="20"/>
<token_anchor id="21"/>
</ENTITY_MENTION>
<ENTITY_MENTION id="68" syntactic_type="" head="" comment=""  >
<token_anchor id="417"/>
</ENTITY_MENTION>
<ENTITY_MENTION id="11" syntactic_type="" head="" comment=""  >
<token_anchor id="28"/>
</ENTITY_MENTION>
<ENTITY_MENTION id="70" syntactic_type="" head="" comment=""  >
<token_anchor id="440"/>
</ENTITY_MENTION>
<ENTITY_MENTION id="13" syntactic_type="" head="" comment=""  >
<token_anchor id="45"/>
<token_anchor id="46"/>
</ENTITY_MENTION>
<ENTITY_MENTION id="72" syntactic_type="" head="" comment=""  >
<token_anchor id="447"/>
</ENTITY_MENTION>
<ENTITY_MENTION id="15" syntactic_type="" head="" comment=""  >
<token_anchor id="48"/>
<token_anchor id="49"/>
</ENTITY_MENTION>
<ENTITY_MENTION id="74" syntactic_type="" head="" comment=""  >
<token_anchor id="457"/>
</ENTITY_MENTION>
<SIGNAL id="80" comment=""  >
<token_anchor id="16"/>
</SIGNAL>


<ENTITY id="2" RELATED_TO="" TAG_DESCRIPTOR="http://dbpedia.org/resource/Alfa_Romeo" ent_type="" ent_class="" comment="" external_ref="http://dbpedia.org/resource/Alfa_Romeo" />
<ENTITY id="4" RELATED_TO="" TAG_DESCRIPTOR="http://dbpedia.org/resource/A1_Team_USA" ent_type="" ent_class="" comment="" external_ref="http://dbpedia.org/resource/A1_Team_USA" />
<ENTITY id="6" RELATED_TO="" TAG_DESCRIPTOR="http://dbpedia.org/resource/Fiat" ent_type="" ent_class="" comment="" external_ref="http://dbpedia.org/resource/Fiat" />
<ENTITY id="8" RELATED_TO="" TAG_DESCRIPTOR="http://dbpedia.org/resource/Europe" ent_type="" ent_class="" comment="" external_ref="http://dbpedia.org/resource/Europe" />
<ENTITY id="10" RELATED_TO="" TAG_DESCRIPTOR="http://dbpedia.org/resource/Alfa_Romeo" ent_type="" ent_class="" comment="" external_ref="http://dbpedia.org/resource/Alfa_Romeo" />
<ENTITY id="12" RELATED_TO="" TAG_DESCRIPTOR="http://dbpedia.org/resource/Energy_in_the_United_States" ent_type="" ent_class="" comment="" external_ref="http://dbpedia.org/resource/Energy_in_the_United_States" />
<ENTITY id="14" RELATED_TO="" TAG_DESCRIPTOR="http://dbpedia.org/resource/Fiat" ent_type="" ent_class="" comment="" external_ref="http://dbpedia.org/resource/Fiat" />
<ENTITY id="17" RELATED_TO="" TAG_DESCRIPTOR="http://dbpedia.org/resource/Automotive_News_Europe" ent_type="" ent_class="" comment="" external_ref="http://dbpedia.org/resource/Automotive_News_Europe" />
<ENTITY id="19" RELATED_TO="" TAG_DESCRIPTOR="http://dbpedia.org/resource/Fiat" ent_type="" ent_class="" comment="" external_ref="http://dbpedia.org/resource/Fiat" />
<ENTITY id="22" RELATED_TO="" TAG_DESCRIPTOR="http://dbpedia.org/resource/Europe" ent_type="" ent_class="" comment="" external_ref="http://dbpedia.org/resource/Europe" />
<ENTITY id="24" RELATED_TO="" TAG_DESCRIPTOR="http://dbpedia.org/resource/North_America" ent_type="" ent_class="" comment="" external_ref="http://dbpedia.org/resource/North_America" />
<ENTITY id="26" RELATED_TO="" TAG_DESCRIPTOR="http://dbpedia.org/resource/Alfa_Romeo" ent_type="" ent_class="" comment="" external_ref="http://dbpedia.org/resource/Alfa_Romeo" />
<ENTITY id="28" RELATED_TO="" TAG_DESCRIPTOR="http://dbpedia.org/resource/Europe" ent_type="" ent_class="" comment="" external_ref="http://dbpedia.org/resource/Europe" />
<ENTITY id="30" RELATED_TO="" TAG_DESCRIPTOR="http://dbpedia.org/resource/Europe" ent_type="" ent_class="" comment="" external_ref="http://dbpedia.org/resource/Europe" />
<ENTITY id="32" RELATED_TO="" TAG_DESCRIPTOR="http://dbpedia.org/resource/Fiat" ent_type="" ent_class="" comment="" external_ref="http://dbpedia.org/resource/Fiat" />
<ENTITY id="34" RELATED_TO="" TAG_DESCRIPTOR="http://dbpedia.org/resource/Italy" ent_type="" ent_class="" comment="" external_ref="http://dbpedia.org/resource/Italy" />
<ENTITY id="36" RELATED_TO="" TAG_DESCRIPTOR="http://dbpedia.org/resource/Alfa_Romeo" ent_type="" ent_class="" comment="" external_ref="http://dbpedia.org/resource/Alfa_Romeo" />
<ENTITY id="38" RELATED_TO="" TAG_DESCRIPTOR="http://dbpedia.org/resource/Italy" ent_type="" ent_class="" comment="" external_ref="http://dbpedia.org/resource/Italy" />
<ENTITY id="40" RELATED_TO="" TAG_DESCRIPTOR="http://dbpedia.org/resource/Europe" ent_type="" ent_class="" comment="" external_ref="http://dbpedia.org/resource/Europe" />
<ENTITY id="42" RELATED_TO="" TAG_DESCRIPTOR="http://dbpedia.org/resource/Alfa_Romeo" ent_type="" ent_class="" comment="" external_ref="http://dbpedia.org/resource/Alfa_Romeo" />
<ENTITY id="44" RELATED_TO="" TAG_DESCRIPTOR="http://dbpedia.org/resource/Germany" ent_type="" ent_class="" comment="" external_ref="http://dbpedia.org/resource/Germany" />
<ENTITY id="48" RELATED_TO="" TAG_DESCRIPTOR="http://dbpedia.org/resource/Fiat" ent_type="" ent_class="" comment="" external_ref="http://dbpedia.org/resource/Fiat" />
<ENTITY id="50" RELATED_TO="" TAG_DESCRIPTOR="http://dbpedia.org/resource/Alfa_Romeo" ent_type="" ent_class="" comment="" external_ref="http://dbpedia.org/resource/Alfa_Romeo" />
<ENTITY id="52" RELATED_TO="" TAG_DESCRIPTOR="http://dbpedia.org/resource/Alfa_Romeo" ent_type="" ent_class="" comment="" external_ref="http://dbpedia.org/resource/Alfa_Romeo" />
<ENTITY id="54" RELATED_TO="" TAG_DESCRIPTOR="http://dbpedia.org/resource/A1_Team_USA" ent_type="" ent_class="" comment="" external_ref="http://dbpedia.org/resource/A1_Team_USA" />
<ENTITY id="56" RELATED_TO="" TAG_DESCRIPTOR="http://dbpedia.org/resource/Fiat" ent_type="" ent_class="" comment="" external_ref="http://dbpedia.org/resource/Fiat" />
<ENTITY id="58" RELATED_TO="" TAG_DESCRIPTOR="http://dbpedia.org/resource/General_Motors" ent_type="" ent_class="" comment="" external_ref="http://dbpedia.org/resource/General_Motors" />
<ENTITY id="60" RELATED_TO="" TAG_DESCRIPTOR="http://dbpedia.org/resource/Alfa_Romeo" ent_type="" ent_class="" comment="" external_ref="http://dbpedia.org/resource/Alfa_Romeo" />
<ENTITY id="62" RELATED_TO="" TAG_DESCRIPTOR="http://dbpedia.org/resource/United_States" ent_type="" ent_class="" comment="" external_ref="http://dbpedia.org/resource/United_States" />
<ENTITY id="64" RELATED_TO="" TAG_DESCRIPTOR="http://dbpedia.org/resource/Alfa-Romeo_Spider" ent_type="" ent_class="" comment="" external_ref="http://dbpedia.org/resource/Alfa-Romeo_Spider" />
<ENTITY id="66" RELATED_TO="" TAG_DESCRIPTOR="http://dbpedia.org/resource/Alfa_Romeo" ent_type="" ent_class="" comment="" external_ref="http://dbpedia.org/resource/Alfa_Romeo" />
<ENTITY id="69" RELATED_TO="" TAG_DESCRIPTOR="http://dbpedia.org/resource/Saab_Group" ent_type="" ent_class="" comment="" external_ref="http://dbpedia.org/resource/Saab_Group" />
<ENTITY id="71" RELATED_TO="" TAG_DESCRIPTOR="http://dbpedia.org/resource/Alfa-Romeo_GTV" ent_type="" ent_class="" comment="" external_ref="http://dbpedia.org/resource/Alfa-Romeo_GTV" />
<ENTITY id="73" RELATED_TO="" TAG_DESCRIPTOR="http://dbpedia.org/resource/Europe" ent_type="" ent_class="" comment="" external_ref="http://dbpedia.org/resource/Europe" />
<ENTITY id="75" RELATED_TO="" TAG_DESCRIPTOR="http://dbpedia.org/resource/Alfa_Romeo" ent_type="" ent_class="" comment="" external_ref="http://dbpedia.org/resource/Alfa_Romeo" />
<ENTITY id="77" RELATED_TO="" TAG_DESCRIPTOR="http://dbpedia.org/resource/Energy_in_the_United_States" ent_type="" ent_class="" comment="" external_ref="http://dbpedia.org/resource/Energy_in_the_United_States" />
<ENTITY id="79" RELATED_TO="" TAG_DESCRIPTOR="http://dbpedia.org/resource/A1_Team_USA" ent_type="" ent_class="" comment="" external_ref="http://dbpedia.org/resource/A1_Team_USA" />
<ENTITY id="81" RELATED_TO="" TAG_DESCRIPTOR="http://wikidata.org/entity/Q1469242     http://de.dbpedia.org/resource/Herbert_Demel" ent_type="PER" ent_class="" comment="" external_ref="http://wikidata.org/entity/Q1469242     http://de.dbpedia.org/resource/Herbert_Demel" />
</Markables>

<Relations>
<REFERS_TO id="433422" >
<source id="55" />
<target id="56" />
</REFERS_TO>
<REFERS_TO id="433423" >
<source id="41" />
<target id="42" />
</REFERS_TO>
<REFERS_TO id="433424" >
<source id="21" />
<target id="22" />
</REFERS_TO>
<REFERS_TO id="433425" >
<source id="49" />
<target id="50" />
</REFERS_TO>
<REFERS_TO id="433426" >
<source id="59" />
<target id="60" />
</REFERS_TO>
<REFERS_TO id="433427" >
<source id="61" />
<target id="62" />
</REFERS_TO>
<REFERS_TO id="433429" >
<source id="65" />
<target id="66" />
</REFERS_TO>
<REFERS_TO id="433430" >
<source id="68" />
<target id="69" />
</REFERS_TO>
<REFERS_TO id="433431" >
<source id="51" />
<target id="52" />
</REFERS_TO>
<REFERS_TO id="433432" >
<source id="23" />
<target id="24" />
</REFERS_TO>
<REFERS_TO id="433433" >
<source id="25" />
<target id="26" />
</REFERS_TO>
<REFERS_TO id="433434" >
<source id="47" />
<target id="48" />
</REFERS_TO>
<REFERS_TO id="433435" >
<source id="43" />
<target id="44" />
</REFERS_TO>
<REFERS_TO id="433436" >
<source id="27" />
<target id="28" />
</REFERS_TO>
<REFERS_TO id="433437" >
<source id="39" />
<target id="40" />
</REFERS_TO>
<REFERS_TO id="433438" >
<source id="1" />
<target id="2" />
</REFERS_TO>
<REFERS_TO id="433439" >
<source id="3" />
<target id="62" />
</REFERS_TO>
<REFERS_TO id="433440" >
<source id="5" />
<target id="6" />
</REFERS_TO>
<REFERS_TO id="433441" >
<source id="7" />
<target id="8" />
</REFERS_TO>
<REFERS_TO id="433442" >
<source id="76" />
<target id="77" />
</REFERS_TO>
<REFERS_TO id="433443" >
<source id="74" />
<target id="75" />
</REFERS_TO>
<REFERS_TO id="433444" >
<source id="37" />
<target id="38" />
</REFERS_TO>
<REFERS_TO id="433445" >
<source id="72" />
<target id="73" />
</REFERS_TO>
<REFERS_TO id="433446" >
<source id="70" />
<target id="71" />
</REFERS_TO>
<REFERS_TO id="433447" >
<source id="78" />
<target id="62" />
</REFERS_TO>
<REFERS_TO id="433448" >
<source id="57" />
<target id="58" />
</REFERS_TO>
<REFERS_TO id="433449" >
<source id="9" />
<target id="10" />
</REFERS_TO>
<REFERS_TO id="433450" >
<source id="11" />
<target id="62" />
</REFERS_TO>
<REFERS_TO id="433451" >
<source id="13" />
<target id="14" />
</REFERS_TO>
<REFERS_TO id="433452" >
<source id="16" />
<target id="17" />
</REFERS_TO>
<REFERS_TO id="433453" >
<source id="18" />
<target id="19" />
</REFERS_TO>
<REFERS_TO id="433454" >
<source id="31" />
<target id="32" />
</REFERS_TO>
<REFERS_TO id="433455" >
<source id="29" />
<target id="30" />
</REFERS_TO>
<REFERS_TO id="433456" >
<source id="35" />
<target id="36" />
</REFERS_TO>
<REFERS_TO id="433457" >
<source id="33" />
<target id="34" />
</REFERS_TO>
<REFERS_TO id="433458" >
<source id="53" />
<target id="62" />
</REFERS_TO>
<REFERS_TO id="434028" >
<source id="46" />
<target id="81" />
</REFERS_TO>
<REFERS_TO id="434029" >
<source id="63" />
<target id="64" />
</REFERS_TO>
<REFERS_TO id="434030" >
<source id="82" />
<target id="64" />
</REFERS_TO>
<REFERS_TO id="434031" >
<source id="76" />
<target id="62" />
</REFERS_TO>
<REFERS_TO id="434039" >
<source id="83" />
<target id="64" />
</REFERS_TO>
</Relations>
</Document>
