<Document doc_name="4DXW-SDT0-TWK1-C2RM.xml">
<token id="1" sentence="0" number="0">Ole</token>
<token id="2" sentence="0" number="1">Miss</token>
<token id="3" sentence="0" number="2">football</token>
<token id="4" sentence="0" number="3">coach</token>
<token id="5" sentence="0" number="4">had</token>
<token id="6" sentence="0" number="5">many</token>
<token id="7" sentence="0" number="6">happy</token>
<token id="8" sentence="0" number="7">investments</token>
<token id="9" sentence="0" number="8">,</token>
<token id="10" sentence="0" number="9">returns</token>
<token id="11" sentence="1" number="0">Ole</token>
<token id="12" sentence="1" number="1">Miss</token>
<token id="13" sentence="1" number="2">Athletic</token>
<token id="14" sentence="1" number="3">Director</token>
<token id="15" sentence="1" number="4">Pete</token>
<token id="16" sentence="1" number="5">Boone</token>
<token id="17" sentence="1" number="6">is</token>
<token id="18" sentence="1" number="7">a</token>
<token id="19" sentence="1" number="8">former</token>
<token id="20" sentence="1" number="9">banker</token>
<token id="21" sentence="1" number="10">familiar</token>
<token id="22" sentence="1" number="11">with</token>
<token id="23" sentence="1" number="12">the</token>
<token id="24" sentence="1" number="13">bottom</token>
<token id="25" sentence="1" number="14">line</token>
<token id="26" sentence="1" number="15">.</token>
<token id="27" sentence="2" number="0">He</token>
<token id="28" sentence="2" number="1">admitted</token>
<token id="29" sentence="2" number="2">Wednesday</token>
<token id="30" sentence="2" number="3">that</token>
<token id="31" sentence="2" number="4">his</token>
<token id="32" sentence="2" number="5">previous</token>
<token id="33" sentence="2" number="6">line</token>
<token id="34" sentence="2" number="7">of</token>
<token id="35" sentence="2" number="8">work</token>
<token id="36" sentence="2" number="9">had</token>
<token id="37" sentence="2" number="10">taught</token>
<token id="38" sentence="2" number="11">him</token>
<token id="39" sentence="2" number="12">to</token>
<token id="40" sentence="2" number="13">appreciate</token>
<token id="41" sentence="2" number="14">the</token>
<token id="42" sentence="2" number="15">bottom</token>
<token id="43" sentence="2" number="16">line</token>
<token id="44" sentence="2" number="17">,</token>
<token id="45" sentence="2" number="18">but</token>
<token id="46" sentence="2" number="19">understand</token>
<token id="47" sentence="2" number="20">the</token>
<token id="48" sentence="2" number="21">nature</token>
<token id="49" sentence="2" number="22">of</token>
<token id="50" sentence="2" number="23">what</token>
<token id="51" sentence="2" number="24">it</token>
<token id="52" sentence="2" number="25">consisted</token>
<token id="53" sentence="2" number="26">of</token>
<token id="54" sentence="2" number="27">.</token>
<token id="55" sentence="3" number="0">In</token>
<token id="56" sentence="3" number="1">a</token>
<token id="57" sentence="3" number="2">fiscal</token>
<token id="58" sentence="3" number="3">evaluation</token>
<token id="59" sentence="3" number="4">,</token>
<token id="60" sentence="3" number="5">the</token>
<token id="61" sentence="3" number="6">coaching</token>
<token id="62" sentence="3" number="7">tenure</token>
<token id="63" sentence="3" number="8">of</token>
<token id="64" sentence="3" number="9">David</token>
<token id="65" sentence="3" number="10">Cutcliffe</token>
<token id="66" sentence="3" number="11">brought</token>
<token id="67" sentence="3" number="12">many</token>
<token id="68" sentence="3" number="13">happy</token>
<token id="69" sentence="3" number="14">returns</token>
<token id="70" sentence="3" number="15">.</token>
<token id="71" sentence="4" number="0">Bouyed</token>
<token id="72" sentence="4" number="1">by</token>
<token id="73" sentence="4" number="2">the</token>
<token id="74" sentence="4" number="3">play</token>
<token id="75" sentence="4" number="4">of</token>
<token id="76" sentence="4" number="5">Eli</token>
<token id="77" sentence="4" number="6">Manning</token>
<token id="78" sentence="4" number="7">,</token>
<token id="79" sentence="4" number="8">who</token>
<token id="80" sentence="4" number="9">committed</token>
<token id="81" sentence="4" number="10">to</token>
<token id="82" sentence="4" number="11">Ole</token>
<token id="83" sentence="4" number="12">Miss</token>
<token id="84" sentence="4" number="13">largely</token>
<token id="85" sentence="4" number="14">in</token>
<token id="86" sentence="4" number="15">part</token>
<token id="87" sentence="4" number="16">to</token>
<token id="88" sentence="4" number="17">Cutcliffe</token>
<token id="89" sentence="4" number="18">'s</token>
<token id="90" sentence="4" number="19">work</token>
<token id="91" sentence="4" number="20">with</token>
<token id="92" sentence="4" number="21">older</token>
<token id="93" sentence="4" number="22">brother</token>
<token id="94" sentence="4" number="23">Peyton</token>
<token id="95" sentence="4" number="24">at</token>
<token id="96" sentence="4" number="25">Tennessee</token>
<token id="97" sentence="4" number="26">,</token>
<token id="98" sentence="4" number="27">the</token>
<token id="99" sentence="4" number="28">Rebels</token>
<token id="100" sentence="4" number="29">'</token>
<token id="101" sentence="4" number="30">on-the-field</token>
<token id="102" sentence="4" number="31">success</token>
<token id="103" sentence="4" number="32">helped</token>
<token id="104" sentence="4" number="33">spur</token>
<token id="105" sentence="4" number="34">off-the-field</token>
<token id="106" sentence="4" number="35">growth</token>
<token id="107" sentence="4" number="36">for</token>
<token id="108" sentence="4" number="37">the</token>
<token id="109" sentence="4" number="38">University</token>
<token id="110" sentence="4" number="39">of</token>
<token id="111" sentence="4" number="40">Mississippi</token>
<token id="112" sentence="4" number="41">'s</token>
<token id="113" sentence="4" number="42">athletic</token>
<token id="114" sentence="4" number="43">program</token>
<token id="115" sentence="4" number="44">.</token>
<token id="116" sentence="5" number="0">During</token>
<token id="117" sentence="5" number="1">Cutcliffe</token>
<token id="118" sentence="5" number="2">'s</token>
<token id="119" sentence="5" number="3">tenure</token>
<token id="120" sentence="5" number="4">at</token>
<token id="121" sentence="5" number="5">Ole</token>
<token id="122" sentence="5" number="6">Miss</token>
<token id="123" sentence="5" number="7">Vaught-Hemingway</token>
<token id="124" sentence="5" number="8">Stadium</token>
<token id="125" sentence="5" number="9">underwent</token>
<token id="126" sentence="5" number="10">a</token>
<token id="127" sentence="5" number="11">multi-milllion</token>
<token id="128" sentence="5" number="12">dollar</token>
<token id="129" sentence="5" number="13">renovation</token>
<token id="130" sentence="5" number="14">to</token>
<token id="131" sentence="5" number="15">add</token>
<token id="132" sentence="5" number="16">almost</token>
<token id="133" sentence="5" number="17">20,000</token>
<token id="134" sentence="5" number="18">new</token>
<token id="135" sentence="5" number="19">seats</token>
<token id="136" sentence="5" number="20">and</token>
<token id="137" sentence="5" number="21">an</token>
<token id="138" sentence="5" number="22">entire</token>
<token id="139" sentence="5" number="23">new</token>
<token id="140" sentence="5" number="24">luxury</token>
<token id="141" sentence="5" number="25">box</token>
<token id="142" sentence="5" number="26">seating</token>
<token id="143" sentence="5" number="27">area</token>
<token id="144" sentence="5" number="28">for</token>
<token id="145" sentence="5" number="29">alumni</token>
<token id="146" sentence="5" number="30">and</token>
<token id="147" sentence="5" number="31">boosters</token>
<token id="148" sentence="5" number="32">.</token>
<token id="149" sentence="6" number="0">Even</token>
<token id="150" sentence="6" number="1">more</token>
<token id="151" sentence="6" number="2">so</token>
<token id="152" sentence="6" number="3">than</token>
<token id="153" sentence="6" number="4">the</token>
<token id="154" sentence="6" number="5">additions</token>
<token id="155" sentence="6" number="6">to</token>
<token id="156" sentence="6" number="7">Vaught-Hemingway</token>
<token id="157" sentence="6" number="8">,</token>
<token id="158" sentence="6" number="9">the</token>
<token id="159" sentence="6" number="10">expansion</token>
<token id="160" sentence="6" number="11">jewel</token>
<token id="161" sentence="6" number="12">for</token>
<token id="162" sentence="6" number="13">Ole</token>
<token id="163" sentence="6" number="14">Miss</token>
<token id="164" sentence="6" number="15">came</token>
<token id="165" sentence="6" number="16">just</token>
<token id="166" sentence="6" number="17">months</token>
<token id="167" sentence="6" number="18">ago</token>
<token id="168" sentence="6" number="19">,</token>
<token id="169" sentence="6" number="20">as</token>
<token id="170" sentence="6" number="21">the</token>
<token id="171" sentence="6" number="22">Indoor</token>
<token id="172" sentence="6" number="23">Practice</token>
<token id="173" sentence="6" number="24">Facility</token>
<token id="174" sentence="6" number="25">was</token>
<token id="175" sentence="6" number="26">finally</token>
<token id="176" sentence="6" number="27">completed</token>
<token id="177" sentence="6" number="28">after</token>
<token id="178" sentence="6" number="29">two</token>
<token id="179" sentence="6" number="30">years</token>
<token id="180" sentence="6" number="31">and</token>
<token id="181" sentence="6" number="32">close</token>
<token id="182" sentence="6" number="33">to</token>
<token id="183" sentence="6" number="34">$</token>
<token id="184" sentence="6" number="35">100</token>
<token id="185" sentence="6" number="36">million</token>
<token id="186" sentence="6" number="37">in</token>
<token id="187" sentence="6" number="38">construction</token>
<token id="188" sentence="6" number="39">.</token>
<token id="189" sentence="7" number="0">The</token>
<token id="190" sentence="7" number="1">state-of-the-art</token>
<token id="191" sentence="7" number="2">facility</token>
<token id="192" sentence="7" number="3">houses</token>
<token id="193" sentence="7" number="4">modern</token>
<token id="194" sentence="7" number="5">equipment</token>
<token id="195" sentence="7" number="6">,</token>
<token id="196" sentence="7" number="7">including</token>
<token id="197" sentence="7" number="8">a</token>
<token id="198" sentence="7" number="9">game-sized</token>
<token id="199" sentence="7" number="10">indoor</token>
<token id="200" sentence="7" number="11">practice</token>
<token id="201" sentence="7" number="12">field</token>
<token id="202" sentence="7" number="13">.</token>
<token id="203" sentence="8" number="0">But</token>
<token id="204" sentence="8" number="1">just</token>
<token id="205" sentence="8" number="2">any</token>
<token id="206" sentence="8" number="3">business</token>
<token id="207" sentence="8" number="4">grows</token>
<token id="208" sentence="8" number="5">,</token>
<token id="209" sentence="8" number="6">so</token>
<token id="210" sentence="8" number="7">too</token>
<token id="211" sentence="8" number="8">do</token>
<token id="212" sentence="8" number="9">problems</token>
<token id="213" sentence="8" number="10">.</token>
<token id="214" sentence="9" number="0">As</token>
<token id="215" sentence="9" number="1">the</token>
<token id="216" sentence="9" number="2">Rebels</token>
<token id="217" sentence="9" number="3">became</token>
<token id="218" sentence="9" number="4">a</token>
<token id="219" sentence="9" number="5">national</token>
<token id="220" sentence="9" number="6">name</token>
<token id="221" sentence="9" number="7">in</token>
<token id="222" sentence="9" number="8">college</token>
<token id="223" sentence="9" number="9">football</token>
<token id="224" sentence="9" number="10">under</token>
<token id="225" sentence="9" number="11">Cutcliffe</token>
<token id="226" sentence="9" number="12">and</token>
<token id="227" sentence="9" number="13">Manning</token>
<token id="228" sentence="9" number="14">,</token>
<token id="229" sentence="9" number="15">disciplinary</token>
<token id="230" sentence="9" number="16">issues</token>
<token id="231" sentence="9" number="17">emerged</token>
<token id="232" sentence="9" number="18">as</token>
<token id="233" sentence="9" number="19">well</token>
<token id="234" sentence="9" number="20">.</token>
<token id="235" sentence="10" number="0">Just</token>
<token id="236" sentence="10" number="1">this</token>
<token id="237" sentence="10" number="2">season</token>
<token id="238" sentence="10" number="3">as</token>
<token id="239" sentence="10" number="4">many</token>
<token id="240" sentence="10" number="5">as</token>
<token id="241" sentence="10" number="6">five</token>
<token id="242" sentence="10" number="7">players</token>
<token id="243" sentence="10" number="8">faced</token>
<token id="244" sentence="10" number="9">criminal</token>
<token id="245" sentence="10" number="10">charges</token>
<token id="246" sentence="10" number="11">ranging</token>
<token id="247" sentence="10" number="12">from</token>
<token id="248" sentence="10" number="13">felony</token>
<token id="249" sentence="10" number="14">reckless</token>
<token id="250" sentence="10" number="15">endangerment</token>
<token id="251" sentence="10" number="16">to</token>
<token id="252" sentence="10" number="17">aggravated</token>
<token id="253" sentence="10" number="18">assault</token>
<token id="254" sentence="10" number="19">to</token>
<token id="255" sentence="10" number="20">rape</token>
<token id="256" sentence="10" number="21">.</token>
<token id="257" sentence="11" number="0">In</token>
<token id="258" sentence="11" number="1">addition</token>
<token id="259" sentence="11" number="2">to</token>
<token id="260" sentence="11" number="3">maintaining</token>
<token id="261" sentence="11" number="4">a</token>
<token id="262" sentence="11" number="5">case-by-case</token>
<token id="263" sentence="11" number="6">approach</token>
<token id="264" sentence="11" number="7">to</token>
<token id="265" sentence="11" number="8">criminal</token>
<token id="266" sentence="11" number="9">matters</token>
<token id="267" sentence="11" number="10">with</token>
<token id="268" sentence="11" number="11">players</token>
<token id="269" sentence="11" number="12">,</token>
<token id="270" sentence="11" number="13">Cutcliffe</token>
<token id="271" sentence="11" number="14">drew</token>
<token id="272" sentence="11" number="15">fire</token>
<token id="273" sentence="11" number="16">for</token>
<token id="274" sentence="11" number="17">player</token>
<token id="275" sentence="11" number="18">dismissals</token>
<token id="276" sentence="11" number="19">and</token>
<token id="277" sentence="11" number="20">suspensions</token>
<token id="278" sentence="11" number="21">without</token>
<token id="279" sentence="11" number="22">public</token>
<token id="280" sentence="11" number="23">explanation</token>
<token id="281" sentence="11" number="24">.</token>
<token id="282" sentence="12" number="0">In</token>
<token id="283" sentence="12" number="1">2004</token>
<token id="284" sentence="12" number="2">,</token>
<token id="285" sentence="12" number="3">two</token>
<token id="286" sentence="12" number="4">players</token>
<token id="287" sentence="12" number="5">were</token>
<token id="288" sentence="12" number="6">dismissed</token>
<token id="289" sentence="12" number="7">and</token>
<token id="290" sentence="12" number="8">countless</token>
<token id="291" sentence="12" number="9">disciplined</token>
<token id="292" sentence="12" number="10">with</token>
<token id="293" sentence="12" number="11">little</token>
<token id="294" sentence="12" number="12">more</token>
<token id="295" sentence="12" number="13">than</token>
<token id="296" sentence="12" number="14">the</token>
<token id="297" sentence="12" number="15">explanation</token>
<token id="298" sentence="12" number="16">of</token>
<token id="299" sentence="12" number="17">a</token>
<token id="300" sentence="12" number="18">``</token>
<token id="301" sentence="12" number="19">team</token>
<token id="302" sentence="12" number="20">rules</token>
<token id="303" sentence="12" number="21">violation</token>
<token id="304" sentence="12" number="22">''</token>
<token id="305" sentence="12" number="23">from</token>
<token id="306" sentence="12" number="24">the</token>
<token id="307" sentence="12" number="25">team</token>
<token id="308" sentence="12" number="26">.</token>
<token id="309" sentence="13" number="0">Nevertheless</token>
<token id="310" sentence="13" number="1">,</token>
<token id="311" sentence="13" number="2">Cutcliffe</token>
<token id="312" sentence="13" number="3">maintained</token>
<token id="313" sentence="13" number="4">a</token>
<token id="314" sentence="13" number="5">steady</token>
<token id="315" sentence="13" number="6">graduation</token>
<token id="316" sentence="13" number="7">rate</token>
<token id="317" sentence="13" number="8">among</token>
<token id="318" sentence="13" number="9">players</token>
<token id="319" sentence="13" number="10">and</token>
<token id="320" sentence="13" number="11">a</token>
<token id="321" sentence="13" number="12">bevvy</token>
<token id="322" sentence="13" number="13">of</token>
<token id="323" sentence="13" number="14">Academic</token>
<token id="324" sentence="13" number="15">All-Americans</token>
<token id="325" sentence="13" number="16">.</token>
<token id="326" sentence="14" number="0">Cutcliffe</token>
<token id="327" sentence="14" number="1">was</token>
<token id="328" sentence="14" number="2">said</token>
<token id="329" sentence="14" number="3">to</token>
<token id="330" sentence="14" number="4">be</token>
<token id="331" sentence="14" number="5">a</token>
<token id="332" sentence="14" number="6">model</token>
<token id="333" sentence="14" number="7">of</token>
<token id="334" sentence="14" number="8">integrity</token>
<token id="335" sentence="14" number="9">,</token>
<token id="336" sentence="14" number="10">something</token>
<token id="337" sentence="14" number="11">Khayat</token>
<token id="338" sentence="14" number="12">said</token>
<token id="339" sentence="14" number="13">Wednesday</token>
<token id="340" sentence="14" number="14">that</token>
<token id="341" sentence="14" number="15">Cutcliffe</token>
<token id="342" sentence="14" number="16">'s</token>
<token id="343" sentence="14" number="17">coaching</token>
<token id="344" sentence="14" number="18">exemplified</token>
<token id="345" sentence="14" number="19">.</token>
<token id="346" sentence="15" number="0">Just</token>
<token id="347" sentence="15" number="1">days</token>
<token id="348" sentence="15" number="2">before</token>
<token id="349" sentence="15" number="3">Cutcliffe</token>
<token id="350" sentence="15" number="4">began</token>
<token id="351" sentence="15" number="5">talks</token>
<token id="352" sentence="15" number="6">with</token>
<token id="353" sentence="15" number="7">Boone</token>
<token id="354" sentence="15" number="8">,</token>
<token id="355" sentence="15" number="9">a</token>
<token id="356" sentence="15" number="10">bronze</token>
<token id="357" sentence="15" number="11">statue</token>
<token id="358" sentence="15" number="12">was</token>
<token id="359" sentence="15" number="13">raised</token>
<token id="360" sentence="15" number="14">in</token>
<token id="361" sentence="15" number="15">All-American</token>
<token id="362" sentence="15" number="16">Plaza</token>
<token id="363" sentence="15" number="17">,</token>
<token id="364" sentence="15" number="18">connecting</token>
<token id="365" sentence="15" number="19">the</token>
<token id="366" sentence="15" number="20">stadium</token>
<token id="367" sentence="15" number="21">renovations</token>
<token id="368" sentence="15" number="22">with</token>
<token id="369" sentence="15" number="23">the</token>
<token id="370" sentence="15" number="24">IPF</token>
<token id="371" sentence="15" number="25">.</token>
<token id="372" sentence="16" number="0">None</token>
<token id="373" sentence="16" number="1">of</token>
<token id="374" sentence="16" number="2">it</token>
<token id="375" sentence="16" number="3">existed</token>
<token id="376" sentence="16" number="4">before</token>
<token id="377" sentence="16" number="5">Cutcliffe</token>
<token id="378" sentence="16" number="6">'s</token>
<token id="379" sentence="16" number="7">tenure</token>
<token id="380" sentence="16" number="8">at</token>
<token id="381" sentence="16" number="9">Ole</token>
<token id="382" sentence="16" number="10">Miss.</token>
<token id="383" sentence="16" number="11">(</token>
<token id="384" sentence="16" number="12">C</token>
<token id="385" sentence="16" number="13">)</token>
<token id="386" sentence="16" number="14">2003</token>
<token id="387" sentence="16" number="15">Daily</token>
<token id="388" sentence="16" number="16">Mississippian</token>
<token id="389" sentence="16" number="17">via</token>
<token id="390" sentence="16" number="18">U-WIRE</token>


<Markables>
<ENTITY_MENTION id="16" syntactic_type="" head="" comment=""  >
<token_anchor id="117"/>
</ENTITY_MENTION>
<ENTITY_MENTION id="17" syntactic_type="" head="" comment=""  >
<token_anchor id="121"/>
<token_anchor id="122"/>
<token_anchor id="123"/>
<token_anchor id="124"/>
</ENTITY_MENTION>
<ENTITY_MENTION id="18" syntactic_type="" head="" comment=""  >
<token_anchor id="156"/>
</ENTITY_MENTION>
<ENTITY_MENTION id="19" syntactic_type="" head="" comment=""  >
<token_anchor id="162"/>
<token_anchor id="163"/>
</ENTITY_MENTION>
<ENTITY_MENTION id="21" syntactic_type="" head="" comment=""  >
<token_anchor id="171"/>
<token_anchor id="172"/>
<token_anchor id="173"/>
</ENTITY_MENTION>
<ENTITY_MENTION id="22" syntactic_type="" head="" comment=""  >
<token_anchor id="227"/>
</ENTITY_MENTION>
<ENTITY_MENTION id="24" syntactic_type="" head="" comment=""  >
<token_anchor id="311"/>
</ENTITY_MENTION>
<ENTITY_MENTION id="25" syntactic_type="" head="" comment=""  >
<token_anchor id="323"/>
<token_anchor id="324"/>
</ENTITY_MENTION>
<ENTITY_MENTION id="27" syntactic_type="" head="" comment=""  >
<token_anchor id="326"/>
</ENTITY_MENTION>
<ENTITY_MENTION id="28" syntactic_type="" head="" comment=""  >
<token_anchor id="337"/>
</ENTITY_MENTION>
<ENTITY_MENTION id="29" syntactic_type="" head="" comment=""  >
<token_anchor id="341"/>
</ENTITY_MENTION>
<ENTITY_MENTION id="30" syntactic_type="" head="" comment=""  >
<token_anchor id="349"/>
</ENTITY_MENTION>
<ENTITY_MENTION id="31" syntactic_type="" head="" comment=""  >
<token_anchor id="353"/>
</ENTITY_MENTION>
<ENTITY_MENTION id="33" syntactic_type="" head="" comment=""  >
<token_anchor id="361"/>
<token_anchor id="362"/>
</ENTITY_MENTION>
<ENTITY_MENTION id="34" syntactic_type="" head="" comment=""  >
<token_anchor id="377"/>
</ENTITY_MENTION>
<ENTITY_MENTION id="35" syntactic_type="" head="" comment=""  >
<token_anchor id="381"/>
<token_anchor id="382"/>
</ENTITY_MENTION>
<ENTITY_MENTION id="36" syntactic_type="" head="" comment=""  >
<token_anchor id="387"/>
<token_anchor id="388"/>
</ENTITY_MENTION>
<ENTITY_MENTION id="37" syntactic_type="" head="" comment=""  >
<token_anchor id="390"/>
</ENTITY_MENTION>
<ENTITY_MENTION id="39" head="" syntactic_type="" comment=""  >
<token_anchor id="1"/>
<token_anchor id="2"/>
<token_anchor id="3"/>
</ENTITY_MENTION>
<ENTITY_MENTION id="40" head="" syntactic_type="" comment=""  >
<token_anchor id="11"/>
<token_anchor id="12"/>
</ENTITY_MENTION>
<ENTITY_MENTION id="43" head="" syntactic_type="" comment=""  >
<token_anchor id="225"/>
</ENTITY_MENTION>
<ENTITY_MENTION id="44" head="" syntactic_type="" comment=""  >
<token_anchor id="216"/>
</ENTITY_MENTION>
<ENTITY_MENTION id="45" head="" syntactic_type="" comment=""  >
<token_anchor id="270"/>
</ENTITY_MENTION>
<ENTITY_MENTION id="1" syntactic_type="" head="" comment=""  >
<token_anchor id="15"/>
<token_anchor id="16"/>
</ENTITY_MENTION>
<ENTITY_MENTION id="3" syntactic_type="" head="" comment=""  >
<token_anchor id="64"/>
<token_anchor id="65"/>
</ENTITY_MENTION>
<ENTITY_MENTION id="5" syntactic_type="" head="" comment=""  >
<token_anchor id="76"/>
<token_anchor id="77"/>
</ENTITY_MENTION>
<ENTITY_MENTION id="7" syntactic_type="" head="" comment=""  >
<token_anchor id="82"/>
<token_anchor id="83"/>
</ENTITY_MENTION>
<ENTITY_MENTION id="9" syntactic_type="" head="" comment=""  >
<token_anchor id="88"/>
</ENTITY_MENTION>
<ENTITY_MENTION id="10" syntactic_type="" head="" comment=""  >
<token_anchor id="94"/>
</ENTITY_MENTION>
<ENTITY_MENTION id="12" syntactic_type="" head="" comment=""  >
<token_anchor id="96"/>
</ENTITY_MENTION>
<ENTITY_MENTION id="14" syntactic_type="" head="" comment=""  >
<token_anchor id="109"/>
<token_anchor id="110"/>
<token_anchor id="111"/>
</ENTITY_MENTION>
<SIGNAL id="38" comment=""  >
<token_anchor id="10"/>
</SIGNAL>


<ENTITY id="2" RELATED_TO="" TAG_DESCRIPTOR="http://dbpedia.org/resource/Pete_Boone" ent_type="" ent_class="" comment="" external_ref="http://dbpedia.org/resource/Pete_Boone" />
<ENTITY id="4" RELATED_TO="" TAG_DESCRIPTOR="http://dbpedia.org/resource/David_Cutcliffe" ent_type="" ent_class="" comment="" external_ref="http://dbpedia.org/resource/David_Cutcliffe" />
<ENTITY id="6" RELATED_TO="" TAG_DESCRIPTOR="http://dbpedia.org/resource/Eli_Manning" ent_type="" ent_class="" comment="" external_ref="http://dbpedia.org/resource/Eli_Manning" />
<ENTITY id="8" RELATED_TO="" TAG_DESCRIPTOR="http://dbpedia.org/resource/University_of_Mississippi" ent_type="" ent_class="" comment="" external_ref="http://dbpedia.org/resource/University_of_Mississippi" />
<ENTITY id="11" RELATED_TO="" TAG_DESCRIPTOR="http://dbpedia.org/resource/Peyton_Manning" ent_type="" ent_class="" comment="" external_ref="http://dbpedia.org/resource/Peyton_Manning" />
<ENTITY id="13" RELATED_TO="" TAG_DESCRIPTOR="http://dbpedia.org/resource/Tennessee" ent_type="" ent_class="" comment="" external_ref="http://dbpedia.org/resource/Tennessee" />
<ENTITY id="15" RELATED_TO="" TAG_DESCRIPTOR="http://dbpedia.org/resource/Ole_Miss_Rebels_baseball" ent_type="" ent_class="" comment="" external_ref="http://dbpedia.org/resource/Ole_Miss_Rebels_baseball" />
<ENTITY id="20" RELATED_TO="" TAG_DESCRIPTOR="http://dbpedia.org/resource/Ole_Miss_Rebels_baseball" ent_type="" ent_class="" comment="" external_ref="http://dbpedia.org/resource/Ole_Miss_Rebels_baseball" />
<ENTITY id="23" RELATED_TO="" TAG_DESCRIPTOR="http://dbpedia.org/resource/Electoral_district_of_Manning" ent_type="" ent_class="" comment="" external_ref="http://dbpedia.org/resource/Electoral_district_of_Manning" />
<ENTITY id="26" RELATED_TO="" TAG_DESCRIPTOR="http://dbpedia.org/resource/All-America" ent_type="" ent_class="" comment="" external_ref="http://dbpedia.org/resource/All-America" />
<ENTITY id="32" RELATED_TO="" TAG_DESCRIPTOR="http://dbpedia.org/resource/Daniel_Boone" ent_type="" ent_class="" comment="" external_ref="http://dbpedia.org/resource/Daniel_Boone" />
<ENTITY id="41" RELATED_TO="" TAG_DESCRIPTOR="http://dbpedia.org/resource/Ole_Miss_Rebels_football_team" ent_type="PER" ent_class="" comment="" external_ref="http://dbpedia.org/resource/Ole_Miss_Rebels_football_team" />
<ENTITY id="42" RELATED_TO="" TAG_DESCRIPTOR="http://dbpedia.org/resource/Vaught-Hemmingway_Stadium" ent_type="PER" ent_class="" comment="" external_ref="http://dbpedia.org/resource/Vaught-Hemmingway_Stadium" />
<ENTITY id="46" RELATED_TO="" TAG_DESCRIPTOR="http://dbpedia.org/resource/Robert_Khayat" ent_type="PER" ent_class="" comment="" external_ref="http://dbpedia.org/resource/Robert_Khayat" />
<ENTITY id="47" RELATED_TO="" TAG_DESCRIPTOR="http://dbpedia.org/resource/Daily_Mississippian" ent_type="PER" ent_class="" comment="" external_ref="http://dbpedia.org/resource/Daily_Mississippian" />
</Markables>

<Relations>
<REFERS_TO id="433485" >
<source id="10" />
<target id="11" />
</REFERS_TO>
<REFERS_TO id="433486" >
<source id="12" />
<target id="13" />
</REFERS_TO>
<REFERS_TO id="433487" >
<source id="14" />
<target id="8" />
</REFERS_TO>
<REFERS_TO id="433488" >
<source id="22" />
<target id="23" />
</REFERS_TO>
<REFERS_TO id="433489" >
<source id="31" />
<target id="2" />
</REFERS_TO>
<REFERS_TO id="433491" >
<source id="19" />
<target id="41" />
</REFERS_TO>
<REFERS_TO id="433492" >
<source id="1" />
<target id="2" />
</REFERS_TO>
<REFERS_TO id="433493" >
<source id="3" />
<target id="4" />
</REFERS_TO>
<REFERS_TO id="433494" >
<source id="5" />
<target id="6" />
</REFERS_TO>
<REFERS_TO id="433495" >
<source id="7" />
<target id="41" />
</REFERS_TO>
<REFERS_TO id="434005" >
<source id="39" />
<target id="41" />
</REFERS_TO>
<REFERS_TO id="434006" >
<source id="40" />
<target id="41" />
</REFERS_TO>
<REFERS_TO id="434007" >
<source id="9" />
<target id="4" />
</REFERS_TO>
<REFERS_TO id="434008" >
<source id="16" />
<target id="4" />
</REFERS_TO>
<REFERS_TO id="434009" >
<source id="17" />
<target id="42" />
</REFERS_TO>
<REFERS_TO id="434010" >
<source id="18" />
<target id="42" />
</REFERS_TO>
<REFERS_TO id="434011" >
<source id="44" />
<target id="41" />
</REFERS_TO>
<REFERS_TO id="434012" >
<source id="43" />
<target id="4" />
</REFERS_TO>
<REFERS_TO id="434013" >
<source id="22" />
<target id="6" />
</REFERS_TO>
<REFERS_TO id="434014" >
<source id="45" />
<target id="4" />
</REFERS_TO>
<REFERS_TO id="434015" >
<source id="24" />
<target id="4" />
</REFERS_TO>
<REFERS_TO id="434016" >
<source id="27" />
<target id="4" />
</REFERS_TO>
<REFERS_TO id="434017" >
<source id="29" />
<target id="4" />
</REFERS_TO>
<REFERS_TO id="434018" >
<source id="28" />
<target id="46" />
</REFERS_TO>
<REFERS_TO id="434019" >
<source id="30" />
<target id="4" />
</REFERS_TO>
<REFERS_TO id="434020" >
<source id="34" />
<target id="4" />
</REFERS_TO>
<REFERS_TO id="434021" >
<source id="35" />
<target id="41" />
</REFERS_TO>
<REFERS_TO id="434022" >
<source id="36" />
<target id="47" />
</REFERS_TO>
</Relations>
</Document>
