<Document doc_name="4JK3-1RF0-TW84-N2RG.xml">
<token id="1" sentence="0" number="0">Obituaries</token>
<token id="2" sentence="1" number="0">Estelle</token>
<token id="3" sentence="1" number="1">Busch</token>
<token id="4" sentence="1" number="2">,</token>
<token id="5" sentence="1" number="3">91</token>
<token id="6" sentence="1" number="4">,</token>
<token id="7" sentence="1" number="5">executive</token>
<token id="8" sentence="1" number="6">director</token>
<token id="9" sentence="1" number="7">of</token>
<token id="10" sentence="1" number="8">the</token>
<token id="11" sentence="1" number="9">Synthaxis</token>
<token id="12" sentence="1" number="10">Theatre</token>
<token id="13" sentence="1" number="11">Company</token>
<token id="14" sentence="1" number="12">in</token>
<token id="15" sentence="1" number="13">North</token>
<token id="16" sentence="1" number="14">Hollywood</token>
<token id="17" sentence="1" number="15">and</token>
<token id="18" sentence="1" number="16">a</token>
<token id="19" sentence="1" number="17">founder</token>
<token id="20" sentence="1" number="18">of</token>
<token id="21" sentence="1" number="19">the</token>
<token id="22" sentence="1" number="20">Equity-waiver</token>
<token id="23" sentence="1" number="21">theater</token>
<token id="24" sentence="1" number="22">movement</token>
<token id="25" sentence="1" number="23">,</token>
<token id="26" sentence="1" number="24">has</token>
<token id="27" sentence="1" number="25">died</token>
<token id="28" sentence="1" number="26">.</token>
<token id="29" sentence="2" number="0">Busch</token>
<token id="30" sentence="2" number="1">died</token>
<token id="31" sentence="2" number="2">of</token>
<token id="32" sentence="2" number="3">natural</token>
<token id="33" sentence="2" number="4">causes</token>
<token id="34" sentence="2" number="5">March</token>
<token id="35" sentence="2" number="6">15</token>
<token id="36" sentence="2" number="7">,</token>
<token id="37" sentence="2" number="8">said</token>
<token id="38" sentence="2" number="9">her</token>
<token id="39" sentence="2" number="10">son</token>
<token id="40" sentence="2" number="11">,</token>
<token id="41" sentence="2" number="12">Mark</token>
<token id="42" sentence="2" number="13">.</token>
<token id="43" sentence="3" number="0">Busch</token>
<token id="44" sentence="3" number="1">was</token>
<token id="45" sentence="3" number="2">born</token>
<token id="46" sentence="3" number="3">Aug.</token>
<token id="47" sentence="3" number="4">30</token>
<token id="48" sentence="3" number="5">,</token>
<token id="49" sentence="3" number="6">1914</token>
<token id="50" sentence="3" number="7">,</token>
<token id="51" sentence="3" number="8">in</token>
<token id="52" sentence="3" number="9">New</token>
<token id="53" sentence="3" number="10">York</token>
<token id="54" sentence="3" number="11">to</token>
<token id="55" sentence="3" number="12">Russian</token>
<token id="56" sentence="3" number="13">immigrants</token>
<token id="57" sentence="3" number="14">.</token>
<token id="58" sentence="4" number="0">She</token>
<token id="59" sentence="4" number="1">first</token>
<token id="60" sentence="4" number="2">appeared</token>
<token id="61" sentence="4" number="3">on</token>
<token id="62" sentence="4" number="4">stage</token>
<token id="63" sentence="4" number="5">at</token>
<token id="64" sentence="4" number="6">age</token>
<token id="65" sentence="4" number="7">8</token>
<token id="66" sentence="4" number="8">in</token>
<token id="67" sentence="4" number="9">a</token>
<token id="68" sentence="4" number="10">Yiddish</token>
<token id="69" sentence="4" number="11">production</token>
<token id="70" sentence="4" number="12">.</token>
<token id="71" sentence="5" number="0">She</token>
<token id="72" sentence="5" number="1">apprenticed</token>
<token id="73" sentence="5" number="2">with</token>
<token id="74" sentence="5" number="3">New</token>
<token id="75" sentence="5" number="4">York</token>
<token id="76" sentence="5" number="5">City</token>
<token id="77" sentence="5" number="6">'s</token>
<token id="78" sentence="5" number="7">Group</token>
<token id="79" sentence="5" number="8">Theater</token>
<token id="80" sentence="5" number="9">and</token>
<token id="81" sentence="5" number="10">studied</token>
<token id="82" sentence="5" number="11">at</token>
<token id="83" sentence="5" number="12">the</token>
<token id="84" sentence="5" number="13">American</token>
<token id="85" sentence="5" number="14">Academy</token>
<token id="86" sentence="5" number="15">of</token>
<token id="87" sentence="5" number="16">Dramatic</token>
<token id="88" sentence="5" number="17">Arts</token>
<token id="89" sentence="5" number="18">.</token>
<token id="90" sentence="6" number="0">In</token>
<token id="91" sentence="6" number="1">1943</token>
<token id="92" sentence="6" number="2">she</token>
<token id="93" sentence="6" number="3">and</token>
<token id="94" sentence="6" number="4">her</token>
<token id="95" sentence="6" number="5">husband</token>
<token id="96" sentence="6" number="6">,</token>
<token id="97" sentence="6" number="7">Ben</token>
<token id="98" sentence="6" number="8">Busch</token>
<token id="99" sentence="6" number="9">,</token>
<token id="100" sentence="6" number="10">moved</token>
<token id="101" sentence="6" number="11">to</token>
<token id="102" sentence="6" number="12">Los</token>
<token id="103" sentence="6" number="13">Angeles</token>
<token id="104" sentence="6" number="14">,</token>
<token id="105" sentence="6" number="15">where</token>
<token id="106" sentence="6" number="16">she</token>
<token id="107" sentence="6" number="17">continued</token>
<token id="108" sentence="6" number="18">working</token>
<token id="109" sentence="6" number="19">in</token>
<token id="110" sentence="6" number="20">theater</token>
<token id="111" sentence="6" number="21">and</token>
<token id="112" sentence="6" number="22">over</token>
<token id="113" sentence="6" number="23">the</token>
<token id="114" sentence="6" number="24">years</token>
<token id="115" sentence="6" number="25">had</token>
<token id="116" sentence="6" number="26">bit</token>
<token id="117" sentence="6" number="27">parts</token>
<token id="118" sentence="6" number="28">on</token>
<token id="119" sentence="6" number="29">television</token>
<token id="120" sentence="6" number="30">.</token>
<token id="121" sentence="7" number="0">In</token>
<token id="122" sentence="7" number="1">the</token>
<token id="123" sentence="7" number="2">1960s</token>
<token id="124" sentence="7" number="3">she</token>
<token id="125" sentence="7" number="4">helped</token>
<token id="126" sentence="7" number="5">establish</token>
<token id="127" sentence="7" number="6">99-seat</token>
<token id="128" sentence="7" number="7">Equity-waiver</token>
<token id="129" sentence="7" number="8">theaters</token>
<token id="130" sentence="7" number="9">in</token>
<token id="131" sentence="7" number="10">L.A.</token>
<token id="132" sentence="7" number="11">For</token>
<token id="133" sentence="7" number="12">the</token>
<token id="134" sentence="7" number="13">last</token>
<token id="135" sentence="7" number="14">28</token>
<token id="136" sentence="7" number="15">years</token>
<token id="137" sentence="7" number="16">,</token>
<token id="138" sentence="7" number="17">Busch</token>
<token id="139" sentence="7" number="18">staged</token>
<token id="140" sentence="7" number="19">plays</token>
<token id="141" sentence="7" number="20">focused</token>
<token id="142" sentence="7" number="21">on</token>
<token id="143" sentence="7" number="22">women</token>
<token id="144" sentence="7" number="23">'s</token>
<token id="145" sentence="7" number="24">and</token>
<token id="146" sentence="7" number="25">children</token>
<token id="147" sentence="7" number="26">'s</token>
<token id="148" sentence="7" number="27">issues</token>
<token id="149" sentence="7" number="28">for</token>
<token id="150" sentence="7" number="29">the</token>
<token id="151" sentence="7" number="30">nonprofit</token>
<token id="152" sentence="7" number="31">,</token>
<token id="153" sentence="7" number="32">community-outreach</token>
<token id="154" sentence="7" number="33">Synthaxis</token>
<token id="155" sentence="7" number="34">in</token>
<token id="156" sentence="7" number="35">the</token>
<token id="157" sentence="7" number="36">NoHo</token>
<token id="158" sentence="7" number="37">arts</token>
<token id="159" sentence="7" number="38">district</token>
<token id="160" sentence="7" number="39">.</token>
<token id="161" sentence="8" number="0">She</token>
<token id="162" sentence="8" number="1">often</token>
<token id="163" sentence="8" number="2">took</token>
<token id="164" sentence="8" number="3">her</token>
<token id="165" sentence="8" number="4">one-woman</token>
<token id="166" sentence="8" number="5">shows</token>
<token id="167" sentence="8" number="6">and</token>
<token id="168" sentence="8" number="7">staged</token>
<token id="169" sentence="8" number="8">readings</token>
<token id="170" sentence="8" number="9">to</token>
<token id="171" sentence="8" number="10">public</token>
<token id="172" sentence="8" number="11">schools</token>
<token id="173" sentence="8" number="12">under</token>
<token id="174" sentence="8" number="13">a</token>
<token id="175" sentence="8" number="14">program</token>
<token id="176" sentence="8" number="15">funded</token>
<token id="177" sentence="8" number="16">by</token>
<token id="178" sentence="8" number="17">the</token>
<token id="179" sentence="8" number="18">city</token>
<token id="180" sentence="8" number="19">.</token>
<token id="181" sentence="9" number="0">``</token>
<token id="182" sentence="9" number="1">We</token>
<token id="183" sentence="9" number="2">feel</token>
<token id="184" sentence="9" number="3">that</token>
<token id="185" sentence="9" number="4">theater</token>
<token id="186" sentence="9" number="5">is</token>
<token id="187" sentence="9" number="6">a</token>
<token id="188" sentence="9" number="7">very</token>
<token id="189" sentence="9" number="8">vital</token>
<token id="190" sentence="9" number="9">instrument</token>
<token id="191" sentence="9" number="10">,</token>
<token id="192" sentence="9" number="11">not</token>
<token id="193" sentence="9" number="12">only</token>
<token id="194" sentence="9" number="13">of</token>
<token id="195" sentence="9" number="14">entertainment</token>
<token id="196" sentence="9" number="15">,</token>
<token id="197" sentence="9" number="16">but</token>
<token id="198" sentence="9" number="17">of</token>
<token id="199" sentence="9" number="18">education</token>
<token id="200" sentence="9" number="19">,</token>
<token id="201" sentence="9" number="20">''</token>
<token id="202" sentence="9" number="21">Busch</token>
<token id="203" sentence="9" number="22">told</token>
<token id="204" sentence="9" number="23">The</token>
<token id="205" sentence="9" number="24">Times</token>
<token id="206" sentence="9" number="25">in</token>
<token id="207" sentence="9" number="26">1996</token>
<token id="208" sentence="9" number="27">.</token>
<token id="209" sentence="10" number="0">``</token>
<token id="210" sentence="10" number="1">We</token>
<token id="211" sentence="10" number="2">are</token>
<token id="212" sentence="10" number="3">very</token>
<token id="213" sentence="10" number="4">much</token>
<token id="214" sentence="10" number="5">involved</token>
<token id="215" sentence="10" number="6">,</token>
<token id="216" sentence="10" number="7">not</token>
<token id="217" sentence="10" number="8">only</token>
<token id="218" sentence="10" number="9">creating</token>
<token id="219" sentence="10" number="10">the</token>
<token id="220" sentence="10" number="11">future</token>
<token id="221" sentence="10" number="12">audiences</token>
<token id="222" sentence="10" number="13">for</token>
<token id="223" sentence="10" number="14">theater</token>
<token id="224" sentence="10" number="15">,</token>
<token id="225" sentence="10" number="16">but</token>
<token id="226" sentence="10" number="17">to</token>
<token id="227" sentence="10" number="18">bring</token>
<token id="228" sentence="10" number="19">messages</token>
<token id="229" sentence="10" number="20">.</token>
<token id="230" sentence="11" number="0">And</token>
<token id="231" sentence="11" number="1">it</token>
<token id="232" sentence="11" number="2">exposes</token>
<token id="233" sentence="11" number="3">children</token>
<token id="234" sentence="11" number="4">to</token>
<token id="235" sentence="11" number="5">an</token>
<token id="236" sentence="11" number="6">art</token>
<token id="237" sentence="11" number="7">form</token>
<token id="238" sentence="11" number="8">.</token>
<token id="239" sentence="11" number="9">''</token>


<Markables>
<ENTITY_MENTION id="14" syntactic_type="" head="" comment=""  >
<token_anchor id="55"/>
</ENTITY_MENTION>
<ENTITY_MENTION id="16" syntactic_type="" head="" comment=""  >
<token_anchor id="68"/>
</ENTITY_MENTION>
<ENTITY_MENTION id="18" syntactic_type="" head="" comment=""  >
<token_anchor id="74"/>
<token_anchor id="75"/>
<token_anchor id="76"/>
</ENTITY_MENTION>
<ENTITY_MENTION id="20" syntactic_type="" head="" comment=""  >
<token_anchor id="78"/>
<token_anchor id="79"/>
</ENTITY_MENTION>
<ENTITY_MENTION id="22" syntactic_type="" head="" comment=""  >
<token_anchor id="84"/>
<token_anchor id="85"/>
<token_anchor id="86"/>
<token_anchor id="87"/>
<token_anchor id="88"/>
</ENTITY_MENTION>
<ENTITY_MENTION id="24" syntactic_type="" head="" comment=""  >
<token_anchor id="97"/>
<token_anchor id="98"/>
</ENTITY_MENTION>
<ENTITY_MENTION id="25" syntactic_type="" head="" comment=""  >
<token_anchor id="102"/>
<token_anchor id="103"/>
</ENTITY_MENTION>
<ENTITY_MENTION id="27" syntactic_type="" head="" comment=""  >
<token_anchor id="131"/>
</ENTITY_MENTION>
<ENTITY_MENTION id="29" syntactic_type="" head="" comment=""  >
<token_anchor id="138"/>
</ENTITY_MENTION>
<ENTITY_MENTION id="31" syntactic_type="" head="" comment=""  >
<token_anchor id="154"/>
</ENTITY_MENTION>
<ENTITY_MENTION id="32" syntactic_type="" head="" comment=""  >
<token_anchor id="157"/>
</ENTITY_MENTION>
<ENTITY_MENTION id="34" syntactic_type="" head="" comment=""  >
<token_anchor id="202"/>
</ENTITY_MENTION>
<ENTITY_MENTION id="36" syntactic_type="" head="" comment=""  >
<token_anchor id="204"/>
<token_anchor id="205"/>
</ENTITY_MENTION>
<ENTITY_MENTION id="1" syntactic_type="" head="" comment=""  >
<token_anchor id="2"/>
<token_anchor id="3"/>
</ENTITY_MENTION>
<ENTITY_MENTION id="2" syntactic_type="" head="" comment=""  >
<token_anchor id="11"/>
<token_anchor id="12"/>
<token_anchor id="13"/>
</ENTITY_MENTION>
<ENTITY_MENTION id="3" syntactic_type="" head="" comment=""  >
<token_anchor id="15"/>
<token_anchor id="16"/>
</ENTITY_MENTION>
<ENTITY_MENTION id="5" syntactic_type="" head="" comment=""  >
<token_anchor id="22"/>
</ENTITY_MENTION>
<ENTITY_MENTION id="6" syntactic_type="" head="" comment=""  >
<token_anchor id="29"/>
</ENTITY_MENTION>
<ENTITY_MENTION id="8" syntactic_type="" head="" comment=""  >
<token_anchor id="41"/>
</ENTITY_MENTION>
<ENTITY_MENTION id="10" syntactic_type="" head="" comment=""  >
<token_anchor id="43"/>
</ENTITY_MENTION>
<ENTITY_MENTION id="12" syntactic_type="" head="" comment=""  >
<token_anchor id="52"/>
<token_anchor id="53"/>
</ENTITY_MENTION>
<SIGNAL id="38" comment=""  >
<token_anchor id="1"/>
</SIGNAL>


<ENTITY id="4" RELATED_TO="" TAG_DESCRIPTOR="http://dbpedia.org/resource/North_Hollywood,_Los_Angeles" ent_type="" ent_class="" comment="" external_ref="http://dbpedia.org/resource/North_Hollywood,_Los_Angeles" />
<ENTITY id="7" RELATED_TO="" TAG_DESCRIPTOR="http://dbpedia.org/resource/Adolphus_Busch" ent_type="" ent_class="" comment="" external_ref="http://dbpedia.org/resource/Adolphus_Busch" />
<ENTITY id="9" RELATED_TO="" TAG_DESCRIPTOR="http://dbpedia.org/resource/Mark_Howe" ent_type="" ent_class="" comment="" external_ref="http://dbpedia.org/resource/Mark_Howe" />
<ENTITY id="11" RELATED_TO="" TAG_DESCRIPTOR="http://dbpedia.org/resource/Adolphus_Busch" ent_type="" ent_class="" comment="" external_ref="http://dbpedia.org/resource/Adolphus_Busch" />
<ENTITY id="13" RELATED_TO="" TAG_DESCRIPTOR="http://dbpedia.org/resource/New_York" ent_type="" ent_class="" comment="" external_ref="http://dbpedia.org/resource/New_York" />
<ENTITY id="15" RELATED_TO="" TAG_DESCRIPTOR="http://dbpedia.org/resource/Russia" ent_type="" ent_class="" comment="" external_ref="http://dbpedia.org/resource/Russia" />
<ENTITY id="17" RELATED_TO="" TAG_DESCRIPTOR="http://dbpedia.org/resource/Yiddish_theatre" ent_type="" ent_class="" comment="" external_ref="http://dbpedia.org/resource/Yiddish_theatre" />
<ENTITY id="19" RELATED_TO="" TAG_DESCRIPTOR="http://dbpedia.org/resource/New_York_City" ent_type="" ent_class="" comment="" external_ref="http://dbpedia.org/resource/New_York_City" />
<ENTITY id="21" RELATED_TO="" TAG_DESCRIPTOR="http://dbpedia.org/resource/Group_Theatre_(New_York)" ent_type="" ent_class="" comment="" external_ref="http://dbpedia.org/resource/Group_Theatre_(New_York)" />
<ENTITY id="23" RELATED_TO="" TAG_DESCRIPTOR="http://dbpedia.org/resource/American_Academy_of_Dramatic_Arts" ent_type="" ent_class="" comment="" external_ref="http://dbpedia.org/resource/American_Academy_of_Dramatic_Arts" />
<ENTITY id="26" RELATED_TO="" TAG_DESCRIPTOR="http://dbpedia.org/resource/Los_Angeles" ent_type="" ent_class="" comment="" external_ref="http://dbpedia.org/resource/Los_Angeles" />
<ENTITY id="28" RELATED_TO="" TAG_DESCRIPTOR="http://dbpedia.org/resource/L.A._(Amy_Macdonald_song)" ent_type="" ent_class="" comment="" external_ref="http://dbpedia.org/resource/L.A._(Amy_Macdonald_song)" />
<ENTITY id="30" RELATED_TO="" TAG_DESCRIPTOR="http://dbpedia.org/resource/Adolphus_Busch" ent_type="" ent_class="" comment="" external_ref="http://dbpedia.org/resource/Adolphus_Busch" />
<ENTITY id="33" RELATED_TO="" TAG_DESCRIPTOR="http://dbpedia.org/resource/NoHo" ent_type="" ent_class="" comment="" external_ref="http://dbpedia.org/resource/NoHo" />
<ENTITY id="35" RELATED_TO="" TAG_DESCRIPTOR="http://dbpedia.org/resource/Adolphus_Busch" ent_type="" ent_class="" comment="" external_ref="http://dbpedia.org/resource/Adolphus_Busch" />
<ENTITY id="37" RELATED_TO="" TAG_DESCRIPTOR="http://dbpedia.org/resource/The_New_York_Times" ent_type="" ent_class="" comment="" external_ref="http://dbpedia.org/resource/The_New_York_Times" />
</Markables>

<Relations>
<REFERS_TO id="433497" >
<source id="12" />
<target id="13" />
</REFERS_TO>
<REFERS_TO id="433498" >
<source id="14" />
<target id="15" />
</REFERS_TO>
<REFERS_TO id="433499" >
<source id="20" />
<target id="21" />
</REFERS_TO>
<REFERS_TO id="433500" >
<source id="16" />
<target id="17" />
</REFERS_TO>
<REFERS_TO id="433501" >
<source id="22" />
<target id="23" />
</REFERS_TO>
<REFERS_TO id="433502" >
<source id="18" />
<target id="19" />
</REFERS_TO>
<REFERS_TO id="433503" >
<source id="36" />
<target id="37" />
</REFERS_TO>
<REFERS_TO id="433505" >
<source id="27" />
<target id="26" />
</REFERS_TO>
<REFERS_TO id="433506" >
<source id="25" />
<target id="26" />
</REFERS_TO>
<REFERS_TO id="433508" >
<source id="32" />
<target id="33" />
</REFERS_TO>
<REFERS_TO id="433509" >
<source id="3" />
<target id="4" />
</REFERS_TO>
</Relations>
</Document>
