<Document doc_name="4N8B-1100-TWMB-33DY.xml">
<token id="1" sentence="0" number="0">GM</token>
<token id="2" sentence="0" number="1">expects</token>
<token id="3" sentence="0" number="2">Brazil</token>
<token id="4" sentence="0" number="3">to</token>
<token id="5" sentence="0" number="4">become</token>
<token id="6" sentence="0" number="5">its</token>
<token id="7" sentence="0" number="6">third-largest</token>
<token id="8" sentence="0" number="7">consumer</token>
<token id="9" sentence="1" number="0">General</token>
<token id="10" sentence="1" number="1">Motors</token>
<token id="11" sentence="1" number="2">announced</token>
<token id="12" sentence="1" number="3">Wednesday</token>
<token id="13" sentence="1" number="4">that</token>
<token id="14" sentence="1" number="5">it</token>
<token id="15" sentence="1" number="6">expects</token>
<token id="16" sentence="1" number="7">Brazil</token>
<token id="17" sentence="1" number="8">to</token>
<token id="18" sentence="1" number="9">become</token>
<token id="19" sentence="1" number="10">its</token>
<token id="20" sentence="1" number="11">third-largest</token>
<token id="21" sentence="1" number="12">consumer</token>
<token id="22" sentence="1" number="13">market</token>
<token id="23" sentence="1" number="14">in</token>
<token id="24" sentence="1" number="15">2007</token>
<token id="25" sentence="1" number="16">,</token>
<token id="26" sentence="1" number="17">said</token>
<token id="27" sentence="1" number="18">Ray</token>
<token id="28" sentence="1" number="19">Young</token>
<token id="29" sentence="1" number="20">,</token>
<token id="30" sentence="1" number="21">president</token>
<token id="31" sentence="1" number="22">of</token>
<token id="32" sentence="1" number="23">the</token>
<token id="33" sentence="1" number="24">GM</token>
<token id="34" sentence="1" number="25">Brazil</token>
<token id="35" sentence="1" number="26">subsidiary</token>
<token id="36" sentence="1" number="27">.</token>
<token id="37" sentence="2" number="0">Sales</token>
<token id="38" sentence="2" number="1">to</token>
<token id="39" sentence="2" number="2">the</token>
<token id="40" sentence="2" number="3">Brazilian</token>
<token id="41" sentence="2" number="4">market</token>
<token id="42" sentence="2" number="5">are</token>
<token id="43" sentence="2" number="6">expected</token>
<token id="44" sentence="2" number="7">to</token>
<token id="45" sentence="2" number="8">rise</token>
<token id="46" sentence="2" number="9">by</token>
<token id="47" sentence="2" number="10">10</token>
<token id="48" sentence="2" number="11">percent</token>
<token id="49" sentence="2" number="12">this</token>
<token id="50" sentence="2" number="13">year</token>
<token id="51" sentence="2" number="14">,</token>
<token id="52" sentence="2" number="15">up</token>
<token id="53" sentence="2" number="16">to</token>
<token id="54" sentence="2" number="17">450,000</token>
<token id="55" sentence="2" number="18">vehicles</token>
<token id="56" sentence="2" number="19">.</token>
<token id="57" sentence="3" number="0">Brazil</token>
<token id="58" sentence="3" number="1">will</token>
<token id="59" sentence="3" number="2">then</token>
<token id="60" sentence="3" number="3">be</token>
<token id="61" sentence="3" number="4">able</token>
<token id="62" sentence="3" number="5">to</token>
<token id="63" sentence="3" number="6">surpass</token>
<token id="64" sentence="3" number="7">Canada</token>
<token id="65" sentence="3" number="8">,</token>
<token id="66" sentence="3" number="9">which</token>
<token id="67" sentence="3" number="10">currently</token>
<token id="68" sentence="3" number="11">occupies</token>
<token id="69" sentence="3" number="12">third</token>
<token id="70" sentence="3" number="13">place</token>
<token id="71" sentence="3" number="14">,</token>
<token id="72" sentence="3" number="15">after</token>
<token id="73" sentence="3" number="16">the</token>
<token id="74" sentence="3" number="17">United</token>
<token id="75" sentence="3" number="18">States</token>
<token id="76" sentence="3" number="19">and</token>
<token id="77" sentence="3" number="20">China</token>
<token id="78" sentence="3" number="21">,</token>
<token id="79" sentence="3" number="22">Young</token>
<token id="80" sentence="3" number="23">said</token>
<token id="81" sentence="3" number="24">.</token>
<token id="82" sentence="4" number="0">The</token>
<token id="83" sentence="4" number="1">company</token>
<token id="84" sentence="4" number="2">does</token>
<token id="85" sentence="4" number="3">not</token>
<token id="86" sentence="4" number="4">plan</token>
<token id="87" sentence="4" number="5">to</token>
<token id="88" sentence="4" number="6">increase</token>
<token id="89" sentence="4" number="7">its</token>
<token id="90" sentence="4" number="8">market</token>
<token id="91" sentence="4" number="9">share</token>
<token id="92" sentence="4" number="10">in</token>
<token id="93" sentence="4" number="11">Brazil</token>
<token id="94" sentence="4" number="12">,</token>
<token id="95" sentence="4" number="13">where</token>
<token id="96" sentence="4" number="14">it</token>
<token id="97" sentence="4" number="15">holds</token>
<token id="98" sentence="4" number="16">the</token>
<token id="99" sentence="4" number="17">third-largest</token>
<token id="100" sentence="4" number="18">share</token>
<token id="101" sentence="4" number="19">,</token>
<token id="102" sentence="4" number="20">after</token>
<token id="103" sentence="4" number="21">Fiat</token>
<token id="104" sentence="4" number="22">and</token>
<token id="105" sentence="4" number="23">Volkswagen</token>
<token id="106" sentence="4" number="24">.</token>
<token id="107" sentence="5" number="0">The</token>
<token id="108" sentence="5" number="1">rise</token>
<token id="109" sentence="5" number="2">in</token>
<token id="110" sentence="5" number="3">sales</token>
<token id="111" sentence="5" number="4">would</token>
<token id="112" sentence="5" number="5">then</token>
<token id="113" sentence="5" number="6">follow</token>
<token id="114" sentence="5" number="7">the</token>
<token id="115" sentence="5" number="8">general</token>
<token id="116" sentence="5" number="9">growth</token>
<token id="117" sentence="5" number="10">of</token>
<token id="118" sentence="5" number="11">the</token>
<token id="119" sentence="5" number="12">country</token>
<token id="120" sentence="5" number="13">'s</token>
<token id="121" sentence="5" number="14">estimated</token>
<token id="122" sentence="5" number="15">automobile</token>
<token id="123" sentence="5" number="16">market</token>
<token id="124" sentence="5" number="17">for</token>
<token id="125" sentence="5" number="18">2007</token>
<token id="126" sentence="5" number="19">,</token>
<token id="127" sentence="5" number="20">he</token>
<token id="128" sentence="5" number="21">added</token>
<token id="129" sentence="5" number="22">.</token>
<token id="130" sentence="6" number="0">The</token>
<token id="131" sentence="6" number="1">executive</token>
<token id="132" sentence="6" number="2">also</token>
<token id="133" sentence="6" number="3">stressed</token>
<token id="134" sentence="6" number="4">that</token>
<token id="135" sentence="6" number="5">the</token>
<token id="136" sentence="6" number="6">main</token>
<token id="137" sentence="6" number="7">aim</token>
<token id="138" sentence="6" number="8">is</token>
<token id="139" sentence="6" number="9">to</token>
<token id="140" sentence="6" number="10">consolidate</token>
<token id="141" sentence="6" number="11">the</token>
<token id="142" sentence="6" number="12">subsidiary</token>
<token id="143" sentence="6" number="13">within</token>
<token id="144" sentence="6" number="14">the</token>
<token id="145" sentence="6" number="15">General</token>
<token id="146" sentence="6" number="16">Motors</token>
<token id="147" sentence="6" number="17">Corporation</token>
<token id="148" sentence="6" number="18">.</token>
<token id="149" sentence="7" number="0">``</token>
<token id="150" sentence="7" number="1">Operations</token>
<token id="151" sentence="7" number="2">in</token>
<token id="152" sentence="7" number="3">Brazil</token>
<token id="153" sentence="7" number="4">were</token>
<token id="154" sentence="7" number="5">important</token>
<token id="155" sentence="7" number="6">to</token>
<token id="156" sentence="7" number="7">the</token>
<token id="157" sentence="7" number="8">company</token>
<token id="158" sentence="7" number="9">'s</token>
<token id="159" sentence="7" number="10">results</token>
<token id="160" sentence="7" number="11">in</token>
<token id="161" sentence="7" number="12">2006</token>
<token id="162" sentence="7" number="13">.</token>
<token id="163" sentence="8" number="0">About</token>
<token id="164" sentence="8" number="1">410,000</token>
<token id="165" sentence="8" number="2">vehicles</token>
<token id="166" sentence="8" number="3">were</token>
<token id="167" sentence="8" number="4">sold</token>
<token id="168" sentence="8" number="5">on</token>
<token id="169" sentence="8" number="6">the</token>
<token id="170" sentence="8" number="7">domestic</token>
<token id="171" sentence="8" number="8">market</token>
<token id="172" sentence="8" number="9">,</token>
<token id="173" sentence="8" number="10">and</token>
<token id="174" sentence="8" number="11">the</token>
<token id="175" sentence="8" number="12">subsidiary</token>
<token id="176" sentence="8" number="13">'s</token>
<token id="177" sentence="8" number="14">revenues</token>
<token id="178" sentence="8" number="15">reached</token>
<token id="179" sentence="8" number="16">6</token>
<token id="180" sentence="8" number="17">billion</token>
<token id="181" sentence="8" number="18">U.S.</token>
<token id="182" sentence="8" number="19">dollars</token>
<token id="183" sentence="8" number="20">last</token>
<token id="184" sentence="8" number="21">year</token>
<token id="185" sentence="8" number="22">,</token>
<token id="186" sentence="8" number="23">a</token>
<token id="187" sentence="8" number="24">rise</token>
<token id="188" sentence="8" number="25">of</token>
<token id="189" sentence="8" number="26">12</token>
<token id="190" sentence="8" number="27">percent</token>
<token id="191" sentence="8" number="28">comparing</token>
<token id="192" sentence="8" number="29">to</token>
<token id="193" sentence="8" number="30">2005</token>
<token id="194" sentence="8" number="31">,</token>
<token id="195" sentence="8" number="32">''</token>
<token id="196" sentence="8" number="33">Young</token>
<token id="197" sentence="8" number="34">said</token>
<token id="198" sentence="8" number="35">.</token>
<token id="199" sentence="9" number="0">In</token>
<token id="200" sentence="9" number="1">the</token>
<token id="201" sentence="9" number="2">first</token>
<token id="202" sentence="9" number="3">months</token>
<token id="203" sentence="9" number="4">of</token>
<token id="204" sentence="9" number="5">2007</token>
<token id="205" sentence="9" number="6">,</token>
<token id="206" sentence="9" number="7">demand</token>
<token id="207" sentence="9" number="8">proved</token>
<token id="208" sentence="9" number="9">that</token>
<token id="209" sentence="9" number="10">it</token>
<token id="210" sentence="9" number="11">was</token>
<token id="211" sentence="9" number="12">the</token>
<token id="212" sentence="9" number="13">beginning</token>
<token id="213" sentence="9" number="14">of</token>
<token id="214" sentence="9" number="15">a</token>
<token id="215" sentence="9" number="16">promising</token>
<token id="216" sentence="9" number="17">year</token>
<token id="217" sentence="9" number="18">.</token>
<token id="218" sentence="10" number="0">GM</token>
<token id="219" sentence="10" number="1">plants</token>
<token id="220" sentence="10" number="2">were</token>
<token id="221" sentence="10" number="3">not</token>
<token id="222" sentence="10" number="4">able</token>
<token id="223" sentence="10" number="5">to</token>
<token id="224" sentence="10" number="6">meet</token>
<token id="225" sentence="10" number="7">all</token>
<token id="226" sentence="10" number="8">orders</token>
<token id="227" sentence="10" number="9">of</token>
<token id="228" sentence="10" number="10">certain</token>
<token id="229" sentence="10" number="11">models</token>
<token id="230" sentence="10" number="12">,</token>
<token id="231" sentence="10" number="13">which</token>
<token id="232" sentence="10" number="14">led</token>
<token id="233" sentence="10" number="15">to</token>
<token id="234" sentence="10" number="16">customer</token>
<token id="235" sentence="10" number="17">waiting</token>
<token id="236" sentence="10" number="18">lists</token>
<token id="237" sentence="10" number="19">,</token>
<token id="238" sentence="10" number="20">a</token>
<token id="239" sentence="10" number="21">situation</token>
<token id="240" sentence="10" number="22">Young</token>
<token id="241" sentence="10" number="23">described</token>
<token id="242" sentence="10" number="24">as</token>
<token id="243" sentence="10" number="25">``</token>
<token id="244" sentence="10" number="26">a</token>
<token id="245" sentence="10" number="27">good</token>
<token id="246" sentence="10" number="28">problem</token>
<token id="247" sentence="10" number="29">.</token>
<token id="248" sentence="10" number="30">''</token>
<token id="249" sentence="11" number="0">``</token>
<token id="250" sentence="11" number="1">However</token>
<token id="251" sentence="11" number="2">,</token>
<token id="252" sentence="11" number="3">since</token>
<token id="253" sentence="11" number="4">the</token>
<token id="254" sentence="11" number="5">economies</token>
<token id="255" sentence="11" number="6">are</token>
<token id="256" sentence="11" number="7">interconnected</token>
<token id="257" sentence="11" number="8">,</token>
<token id="258" sentence="11" number="9">the</token>
<token id="259" sentence="11" number="10">growth</token>
<token id="260" sentence="11" number="11">expected</token>
<token id="261" sentence="11" number="12">for</token>
<token id="262" sentence="11" number="13">2007</token>
<token id="263" sentence="11" number="14">could</token>
<token id="264" sentence="11" number="15">be</token>
<token id="265" sentence="11" number="16">compromised</token>
<token id="266" sentence="11" number="17">in</token>
<token id="267" sentence="11" number="18">the</token>
<token id="268" sentence="11" number="19">event</token>
<token id="269" sentence="11" number="20">that</token>
<token id="270" sentence="11" number="21">market</token>
<token id="271" sentence="11" number="22">turbulence</token>
<token id="272" sentence="11" number="23">,</token>
<token id="273" sentence="11" number="24">like</token>
<token id="274" sentence="11" number="25">the</token>
<token id="275" sentence="11" number="26">current</token>
<token id="276" sentence="11" number="27">U.S.</token>
<token id="277" sentence="11" number="28">mortgage</token>
<token id="278" sentence="11" number="29">market</token>
<token id="279" sentence="11" number="30">,</token>
<token id="280" sentence="11" number="31">occurs</token>
<token id="281" sentence="11" number="32">,</token>
<token id="282" sentence="11" number="33">''</token>
<token id="283" sentence="11" number="34">he</token>
<token id="284" sentence="11" number="35">added</token>
<token id="285" sentence="11" number="36">.</token>


<Markables>
<ENTITY_MENTION id="16" syntactic_type="" head="" comment=""  >
<token_anchor id="64"/>
</ENTITY_MENTION>
<ENTITY_MENTION id="18" syntactic_type="" head="" comment=""  >
<token_anchor id="74"/>
<token_anchor id="75"/>
</ENTITY_MENTION>
<ENTITY_MENTION id="20" syntactic_type="" head="" comment=""  >
<token_anchor id="77"/>
</ENTITY_MENTION>
<ENTITY_MENTION id="22" syntactic_type="" head="" comment=""  >
<token_anchor id="79"/>
</ENTITY_MENTION>
<ENTITY_MENTION id="24" syntactic_type="" head="" comment=""  >
<token_anchor id="93"/>
</ENTITY_MENTION>
<ENTITY_MENTION id="26" syntactic_type="" head="" comment=""  >
<token_anchor id="103"/>
</ENTITY_MENTION>
<ENTITY_MENTION id="28" syntactic_type="" head="" comment=""  >
<token_anchor id="105"/>
</ENTITY_MENTION>
<ENTITY_MENTION id="30" syntactic_type="" head="" comment=""  >
<token_anchor id="145"/>
<token_anchor id="146"/>
<token_anchor id="147"/>
</ENTITY_MENTION>
<ENTITY_MENTION id="32" syntactic_type="" head="" comment=""  >
<token_anchor id="152"/>
</ENTITY_MENTION>
<ENTITY_MENTION id="35" syntactic_type="" head="" comment=""  >
<token_anchor id="196"/>
</ENTITY_MENTION>
<ENTITY_MENTION id="36" syntactic_type="" head="" comment=""  >
<token_anchor id="240"/>
</ENTITY_MENTION>
<ENTITY_MENTION id="38" syntactic_type="" head="" comment=""  >
<token_anchor id="276"/>
</ENTITY_MENTION>
<ENTITY_MENTION id="42" head="" syntactic_type="" comment=""  >
<token_anchor id="181"/>
<token_anchor id="182"/>
</ENTITY_MENTION>
<ENTITY_MENTION id="43" head="" syntactic_type="" comment=""  >
<token_anchor id="218"/>
</ENTITY_MENTION>
<ENTITY_MENTION id="1" syntactic_type="" head="" comment=""  >
<token_anchor id="1"/>
</ENTITY_MENTION>
<ENTITY_MENTION id="3" syntactic_type="" head="" comment=""  >
<token_anchor id="3"/>
</ENTITY_MENTION>
<ENTITY_MENTION id="5" syntactic_type="" head="" comment=""  >
<token_anchor id="9"/>
<token_anchor id="10"/>
</ENTITY_MENTION>
<ENTITY_MENTION id="7" syntactic_type="" head="" comment=""  >
<token_anchor id="16"/>
</ENTITY_MENTION>
<ENTITY_MENTION id="9" syntactic_type="" head="" comment=""  >
<token_anchor id="27"/>
<token_anchor id="28"/>
</ENTITY_MENTION>
<ENTITY_MENTION id="11" syntactic_type="" head="" comment=""  >
<token_anchor id="33"/>
<token_anchor id="34"/>
</ENTITY_MENTION>
<ENTITY_MENTION id="12" syntactic_type="" head="" comment=""  >
<token_anchor id="40"/>
</ENTITY_MENTION>
<ENTITY_MENTION id="14" syntactic_type="" head="" comment=""  >
<token_anchor id="57"/>
</ENTITY_MENTION>
<SIGNAL id="40" comment=""  >
<token_anchor id="8"/>
</SIGNAL>


<ENTITY id="2" RELATED_TO="" TAG_DESCRIPTOR="http://dbpedia.org/resource/General_Motors" ent_type="" ent_class="" comment="" external_ref="http://dbpedia.org/resource/General_Motors" />
<ENTITY id="4" RELATED_TO="" TAG_DESCRIPTOR="http://dbpedia.org/resource/Brazil" ent_type="" ent_class="" comment="" external_ref="http://dbpedia.org/resource/Brazil" />
<ENTITY id="6" RELATED_TO="" TAG_DESCRIPTOR="http://dbpedia.org/resource/General_Motors" ent_type="" ent_class="" comment="" external_ref="http://dbpedia.org/resource/General_Motors" />
<ENTITY id="8" RELATED_TO="" TAG_DESCRIPTOR="http://dbpedia.org/resource/Brazil" ent_type="" ent_class="" comment="" external_ref="http://dbpedia.org/resource/Brazil" />
<ENTITY id="10" RELATED_TO="" TAG_DESCRIPTOR="http://dbpedia.org/resource/Ray_Young_(executive)" ent_type="" ent_class="" comment="" external_ref="http://dbpedia.org/resource/Ray_Young_(executive)" />
<ENTITY id="13" RELATED_TO="" TAG_DESCRIPTOR="http://dbpedia.org/resource/Brazil" ent_type="" ent_class="" comment="" external_ref="http://dbpedia.org/resource/Brazil" />
<ENTITY id="15" RELATED_TO="" TAG_DESCRIPTOR="http://dbpedia.org/resource/Brazil" ent_type="" ent_class="" comment="" external_ref="http://dbpedia.org/resource/Brazil" />
<ENTITY id="17" RELATED_TO="" TAG_DESCRIPTOR="http://dbpedia.org/resource/Canada" ent_type="" ent_class="" comment="" external_ref="http://dbpedia.org/resource/Canada" />
<ENTITY id="19" RELATED_TO="" TAG_DESCRIPTOR="http://dbpedia.org/resource/United_States" ent_type="" ent_class="" comment="" external_ref="http://dbpedia.org/resource/United_States" />
<ENTITY id="21" RELATED_TO="" TAG_DESCRIPTOR="http://dbpedia.org/resource/China" ent_type="" ent_class="" comment="" external_ref="http://dbpedia.org/resource/China" />
<ENTITY id="23" RELATED_TO="" TAG_DESCRIPTOR="http://dbpedia.org/resource/Jock_Young" ent_type="" ent_class="" comment="" external_ref="http://dbpedia.org/resource/Jock_Young" />
<ENTITY id="25" RELATED_TO="" TAG_DESCRIPTOR="http://dbpedia.org/resource/Brazil" ent_type="" ent_class="" comment="" external_ref="http://dbpedia.org/resource/Brazil" />
<ENTITY id="27" RELATED_TO="" TAG_DESCRIPTOR="http://dbpedia.org/resource/Fiat" ent_type="" ent_class="" comment="" external_ref="http://dbpedia.org/resource/Fiat" />
<ENTITY id="29" RELATED_TO="" TAG_DESCRIPTOR="http://dbpedia.org/resource/Volkswagen" ent_type="" ent_class="" comment="" external_ref="http://dbpedia.org/resource/Volkswagen" />
<ENTITY id="31" RELATED_TO="" TAG_DESCRIPTOR="http://dbpedia.org/resource/GMC_(automobile)" ent_type="" ent_class="" comment="" external_ref="http://dbpedia.org/resource/GMC_(automobile)" />
<ENTITY id="33" RELATED_TO="" TAG_DESCRIPTOR="http://dbpedia.org/resource/Brazil" ent_type="" ent_class="" comment="" external_ref="http://dbpedia.org/resource/Brazil" />
<ENTITY id="34" RELATED_TO="" TAG_DESCRIPTOR="http://dbpedia.org/resource/Fauna_of_the_United_States" ent_type="" ent_class="" comment="" external_ref="http://dbpedia.org/resource/Fauna_of_the_United_States" />
<ENTITY id="37" RELATED_TO="" TAG_DESCRIPTOR="http://dbpedia.org/resource/Jock_Young" ent_type="" ent_class="" comment="" external_ref="http://dbpedia.org/resource/Jock_Young" />
<ENTITY id="39" RELATED_TO="" TAG_DESCRIPTOR="http://dbpedia.org/resource/Fauna_of_the_United_States" ent_type="" ent_class="" comment="" external_ref="http://dbpedia.org/resource/Fauna_of_the_United_States" />
<ENTITY id="41" RELATED_TO="" TAG_DESCRIPTOR=":http://dbpedia.org/resource/General_Motors_Brazil" ent_type="PER" ent_class="" comment="" external_ref=":http://dbpedia.org/resource/General_Motors_Brazil" />
<ENTITY id="44" RELATED_TO="" TAG_DESCRIPTOR="http://dbpedia.org/resource/United_States_dollar" ent_type="" ent_class="" external_ref="" comment="" />
<ENTITY id="45" RELATED_TO="" TAG_DESCRIPTOR="http://dbpedia.org/resource/General_Motors" ent_type="" ent_class="" external_ref="" comment="" />
</Markables>

<Relations>
<REFERS_TO id="433512" >
<source id="9" />
<target id="10" />
</REFERS_TO>
<REFERS_TO id="433513" >
<source id="12" />
<target id="13" />
</REFERS_TO>
<REFERS_TO id="433514" >
<source id="26" />
<target id="27" />
</REFERS_TO>
<REFERS_TO id="433515" >
<source id="14" />
<target id="15" />
</REFERS_TO>
<REFERS_TO id="433516" >
<source id="20" />
<target id="21" />
</REFERS_TO>
<REFERS_TO id="433517" >
<source id="16" />
<target id="17" />
</REFERS_TO>
<REFERS_TO id="433518" >
<source id="22" />
<target id="10" />
</REFERS_TO>
<REFERS_TO id="433519" >
<source id="18" />
<target id="19" />
</REFERS_TO>
<REFERS_TO id="433520" >
<source id="30" />
<target id="31" />
</REFERS_TO>
<REFERS_TO id="433521" >
<source id="28" />
<target id="29" />
</REFERS_TO>
<REFERS_TO id="433523" >
<source id="32" />
<target id="33" />
</REFERS_TO>
<REFERS_TO id="433524" >
<source id="1" />
<target id="2" />
</REFERS_TO>
<REFERS_TO id="433525" >
<source id="3" />
<target id="4" />
</REFERS_TO>
<REFERS_TO id="433526" >
<source id="5" />
<target id="6" />
</REFERS_TO>
<REFERS_TO id="433527" >
<source id="7" />
<target id="8" />
</REFERS_TO>
<REFERS_TO id="433528" >
<source id="36" />
<target id="10" />
</REFERS_TO>
<REFERS_TO id="433529" >
<source id="38" />
<target id="19" />
</REFERS_TO>
<REFERS_TO id="433530" >
<source id="24" />
<target id="25" />
</REFERS_TO>
<REFERS_TO id="434003" >
<source id="11" />
<target id="41" />
</REFERS_TO>
<REFERS_TO id="434004" >
<source id="35" />
<target id="10" />
</REFERS_TO>
<REFERS_TO id="434042" >
<source id="42" />
<target id="44" />
</REFERS_TO>
<REFERS_TO id="434043" >
<source id="43" />
<target id="45" />
</REFERS_TO>
</Relations>
</Document>
