<Document doc_name="4PC8-B5V0-TWK1-9510.xml">
<token id="1" sentence="0" number="0">Nardelli</token>
<token id="2" sentence="0" number="1">named</token>
<token id="3" sentence="0" number="2">Chrysler</token>
<token id="4" sentence="0" number="3">CEO</token>
<token id="5" sentence="1" number="0">Cerberus</token>
<token id="6" sentence="1" number="1">Capital</token>
<token id="7" sentence="1" number="2">Management</token>
<token id="8" sentence="1" number="3">picks</token>
<token id="9" sentence="1" number="4">an</token>
<token id="10" sentence="1" number="5">outsider</token>
<token id="11" sentence="1" number="6">to</token>
<token id="12" sentence="1" number="7">head</token>
<token id="13" sentence="1" number="8">the</token>
<token id="14" sentence="1" number="9">newly</token>
<token id="15" sentence="1" number="10">independent</token>
<token id="16" sentence="1" number="11">automaker</token>
<token id="17" sentence="1" number="12">.</token>
<token id="18" sentence="2" number="0">Cerberus</token>
<token id="19" sentence="2" number="1">Capital</token>
<token id="20" sentence="2" number="2">Management</token>
<token id="21" sentence="2" number="3">LP</token>
<token id="22" sentence="2" number="4">late</token>
<token id="23" sentence="2" number="5">Sunday</token>
<token id="24" sentence="2" number="6">,</token>
<token id="25" sentence="2" number="7">Aug.</token>
<token id="26" sentence="2" number="8">5</token>
<token id="27" sentence="2" number="9">,</token>
<token id="28" sentence="2" number="10">tapped</token>
<token id="29" sentence="2" number="11">former</token>
<token id="30" sentence="2" number="12">Home</token>
<token id="31" sentence="2" number="13">Depot</token>
<token id="32" sentence="2" number="14">Inc.</token>
<token id="33" sentence="2" number="15">chief</token>
<token id="34" sentence="2" number="16">Robert</token>
<token id="35" sentence="2" number="17">Nardelli</token>
<token id="36" sentence="2" number="18">to</token>
<token id="37" sentence="2" number="19">head</token>
<token id="38" sentence="2" number="20">Chrysler</token>
<token id="39" sentence="2" number="21">Group</token>
<token id="40" sentence="2" number="22">.</token>
<token id="41" sentence="3" number="0">The</token>
<token id="42" sentence="3" number="1">move</token>
<token id="43" sentence="3" number="2">came</token>
<token id="44" sentence="3" number="3">two</token>
<token id="45" sentence="3" number="4">days</token>
<token id="46" sentence="3" number="5">after</token>
<token id="47" sentence="3" number="6">the</token>
<token id="48" sentence="3" number="7">private</token>
<token id="49" sentence="3" number="8">equity</token>
<token id="50" sentence="3" number="9">firm</token>
<token id="51" sentence="3" number="10">closed</token>
<token id="52" sentence="3" number="11">its</token>
<token id="53" sentence="3" number="12">$</token>
<token id="54" sentence="3" number="13">7.4</token>
<token id="55" sentence="3" number="14">billion</token>
<token id="56" sentence="3" number="15">purchase</token>
<token id="57" sentence="3" number="16">of</token>
<token id="58" sentence="3" number="17">an</token>
<token id="59" sentence="3" number="18">80</token>
<token id="60" sentence="3" number="19">%</token>
<token id="61" sentence="3" number="20">stake</token>
<token id="62" sentence="3" number="21">in</token>
<token id="63" sentence="3" number="22">Chrysler</token>
<token id="64" sentence="3" number="23">from</token>
<token id="65" sentence="3" number="24">DaimlerChrysler</token>
<token id="66" sentence="3" number="25">AG.</token>
<token id="67" sentence="3" number="26">.</token>
<token id="68" sentence="4" number="0">United</token>
<token id="69" sentence="4" number="1">Auto</token>
<token id="70" sentence="4" number="2">Workers</token>
<token id="71" sentence="4" number="3">leaders</token>
<token id="72" sentence="4" number="4">approved</token>
<token id="73" sentence="4" number="5">Nardelli</token>
<token id="74" sentence="4" number="6">'s</token>
<token id="75" sentence="4" number="7">selection</token>
<token id="76" sentence="4" number="8">,</token>
<token id="77" sentence="4" number="9">reports</token>
<token id="78" sentence="4" number="10">said</token>
<token id="79" sentence="4" number="11">.</token>
<token id="80" sentence="5" number="0">But</token>
<token id="81" sentence="5" number="1">Reuters</token>
<token id="82" sentence="5" number="2">quoted</token>
<token id="83" sentence="5" number="3">Canadian</token>
<token id="84" sentence="5" number="4">Auto</token>
<token id="85" sentence="5" number="5">Workers</token>
<token id="86" sentence="5" number="6">president</token>
<token id="87" sentence="5" number="7">Buzz</token>
<token id="88" sentence="5" number="8">Hargrove</token>
<token id="89" sentence="5" number="9">Monday</token>
<token id="90" sentence="5" number="10">saying</token>
<token id="91" sentence="5" number="11">he</token>
<token id="92" sentence="5" number="12">was</token>
<token id="93" sentence="5" number="13">``</token>
<token id="94" sentence="5" number="14">surprised</token>
<token id="95" sentence="5" number="15">and</token>
<token id="96" sentence="5" number="16">concerned</token>
<token id="97" sentence="5" number="17">''</token>
<token id="98" sentence="5" number="18">at</token>
<token id="99" sentence="5" number="19">the</token>
<token id="100" sentence="5" number="20">appointment</token>
<token id="101" sentence="5" number="21">and</token>
<token id="102" sentence="5" number="22">will</token>
<token id="103" sentence="5" number="23">seek</token>
<token id="104" sentence="5" number="24">assurances</token>
<token id="105" sentence="5" number="25">from</token>
<token id="106" sentence="5" number="26">Nardelli</token>
<token id="107" sentence="5" number="27">about</token>
<token id="108" sentence="5" number="28">Chrysler</token>
<token id="109" sentence="5" number="29">'s</token>
<token id="110" sentence="5" number="30">Canadian</token>
<token id="111" sentence="5" number="31">operations</token>
<token id="112" sentence="5" number="32">.</token>
<token id="113" sentence="6" number="0">Nardelli</token>
<token id="114" sentence="6" number="1">had</token>
<token id="115" sentence="6" number="2">been</token>
<token id="116" sentence="6" number="3">the</token>
<token id="117" sentence="6" number="4">high-flying</token>
<token id="118" sentence="6" number="5">and</token>
<token id="119" sentence="6" number="6">highly</token>
<token id="120" sentence="6" number="7">paid</token>
<token id="121" sentence="6" number="8">chairman</token>
<token id="122" sentence="6" number="9">,</token>
<token id="123" sentence="6" number="10">president</token>
<token id="124" sentence="6" number="11">and</token>
<token id="125" sentence="6" number="12">CEO</token>
<token id="126" sentence="6" number="13">of</token>
<token id="127" sentence="6" number="14">Home</token>
<token id="128" sentence="6" number="15">Depot</token>
<token id="129" sentence="6" number="16">until</token>
<token id="130" sentence="6" number="17">early</token>
<token id="131" sentence="6" number="18">January</token>
<token id="132" sentence="6" number="19">,</token>
<token id="133" sentence="6" number="20">when</token>
<token id="134" sentence="6" number="21">he</token>
<token id="135" sentence="6" number="22">was</token>
<token id="136" sentence="6" number="23">forced</token>
<token id="137" sentence="6" number="24">to</token>
<token id="138" sentence="6" number="25">step</token>
<token id="139" sentence="6" number="26">down</token>
<token id="140" sentence="6" number="27">after</token>
<token id="141" sentence="6" number="28">criticism</token>
<token id="142" sentence="6" number="29">of</token>
<token id="143" sentence="6" number="30">his</token>
<token id="144" sentence="6" number="31">rich</token>
<token id="145" sentence="6" number="32">pay</token>
<token id="146" sentence="6" number="33">package</token>
<token id="147" sentence="6" number="34">and</token>
<token id="148" sentence="6" number="35">the</token>
<token id="149" sentence="6" number="36">retailer</token>
<token id="150" sentence="6" number="37">'s</token>
<token id="151" sentence="6" number="38">poor</token>
<token id="152" sentence="6" number="39">performance</token>
<token id="153" sentence="6" number="40">.</token>
<token id="154" sentence="7" number="0">Before</token>
<token id="155" sentence="7" number="1">Home</token>
<token id="156" sentence="7" number="2">Depot</token>
<token id="157" sentence="7" number="3">,</token>
<token id="158" sentence="7" number="4">Nardelli</token>
<token id="159" sentence="7" number="5">had</token>
<token id="160" sentence="7" number="6">been</token>
<token id="161" sentence="7" number="7">a</token>
<token id="162" sentence="7" number="8">senior</token>
<token id="163" sentence="7" number="9">executive</token>
<token id="164" sentence="7" number="10">at</token>
<token id="165" sentence="7" number="11">General</token>
<token id="166" sentence="7" number="12">Electric</token>
<token id="167" sentence="7" number="13">Co.</token>
<token id="168" sentence="7" number="14">.</token>
<token id="169" sentence="8" number="0">The</token>
<token id="170" sentence="8" number="1">appointment</token>
<token id="171" sentence="8" number="2">of</token>
<token id="172" sentence="8" number="3">a</token>
<token id="173" sentence="8" number="4">CEO</token>
<token id="174" sentence="8" number="5">with</token>
<token id="175" sentence="8" number="6">no</token>
<token id="176" sentence="8" number="7">background</token>
<token id="177" sentence="8" number="8">in</token>
<token id="178" sentence="8" number="9">the</token>
<token id="179" sentence="8" number="10">auto</token>
<token id="180" sentence="8" number="11">industry</token>
<token id="181" sentence="8" number="12">appeared</token>
<token id="182" sentence="8" number="13">to</token>
<token id="183" sentence="8" number="14">signal</token>
<token id="184" sentence="8" number="15">an</token>
<token id="185" sentence="8" number="16">effort</token>
<token id="186" sentence="8" number="17">to</token>
<token id="187" sentence="8" number="18">bring</token>
<token id="188" sentence="8" number="19">fresh</token>
<token id="189" sentence="8" number="20">blood</token>
<token id="190" sentence="8" number="21">into</token>
<token id="191" sentence="8" number="22">the</token>
<token id="192" sentence="8" number="23">company</token>
<token id="193" sentence="8" number="24">as</token>
<token id="194" sentence="8" number="25">it</token>
<token id="195" sentence="8" number="26">becomes</token>
<token id="196" sentence="8" number="27">independent</token>
<token id="197" sentence="8" number="28">.</token>
<token id="198" sentence="9" number="0">Cerberus</token>
<token id="199" sentence="9" number="1">has</token>
<token id="200" sentence="9" number="2">,</token>
<token id="201" sentence="9" number="3">however</token>
<token id="202" sentence="9" number="4">,</token>
<token id="203" sentence="9" number="5">named</token>
<token id="204" sentence="9" number="6">Wolfgang</token>
<token id="205" sentence="9" number="7">Bernhard</token>
<token id="206" sentence="9" number="8">,</token>
<token id="207" sentence="9" number="9">who</token>
<token id="208" sentence="9" number="10">had</token>
<token id="209" sentence="9" number="11">been</token>
<token id="210" sentence="9" number="12">a</token>
<token id="211" sentence="9" number="13">senior</token>
<token id="212" sentence="9" number="14">executive</token>
<token id="213" sentence="9" number="15">at</token>
<token id="214" sentence="9" number="16">DaimlerChrysler</token>
<token id="215" sentence="9" number="17">and</token>
<token id="216" sentence="9" number="18">Volkswagen</token>
<token id="217" sentence="9" number="19">AG</token>
<token id="218" sentence="9" number="20">,</token>
<token id="219" sentence="9" number="21">as</token>
<token id="220" sentence="9" number="22">Chrysler</token>
<token id="221" sentence="9" number="23">'s</token>
<token id="222" sentence="9" number="24">chairman</token>
<token id="223" sentence="9" number="25">.</token>
<token id="224" sentence="10" number="0">Chief</token>
<token id="225" sentence="10" number="1">operating</token>
<token id="226" sentence="10" number="2">officer</token>
<token id="227" sentence="10" number="3">Eric</token>
<token id="228" sentence="10" number="4">Ridenour</token>
<token id="229" sentence="10" number="5">will</token>
<token id="230" sentence="10" number="6">leave</token>
<token id="231" sentence="10" number="7">Chrysler</token>
<token id="232" sentence="10" number="8">after</token>
<token id="233" sentence="10" number="9">23</token>
<token id="234" sentence="10" number="10">years</token>
<token id="235" sentence="10" number="11">,</token>
<token id="236" sentence="10" number="12">the</token>
<token id="237" sentence="10" number="13">automaker</token>
<token id="238" sentence="10" number="14">said</token>
<token id="239" sentence="10" number="15">.</token>
<token id="240" sentence="11" number="0">http://www.TheDeal.com</token>


<Markables>
<ENTITY_MENTION id="14" syntactic_type="" head="" comment=""  >
<token_anchor id="68"/>
<token_anchor id="69"/>
<token_anchor id="70"/>
</ENTITY_MENTION>
<ENTITY_MENTION id="16" syntactic_type="" head="" comment=""  >
<token_anchor id="73"/>
</ENTITY_MENTION>
<ENTITY_MENTION id="17" syntactic_type="" head="" comment=""  >
<token_anchor id="81"/>
</ENTITY_MENTION>
<ENTITY_MENTION id="19" syntactic_type="" head="" comment=""  >
<token_anchor id="83"/>
<token_anchor id="84"/>
<token_anchor id="85"/>
</ENTITY_MENTION>
<ENTITY_MENTION id="21" syntactic_type="" head="" comment=""  >
<token_anchor id="87"/>
<token_anchor id="88"/>
</ENTITY_MENTION>
<ENTITY_MENTION id="23" syntactic_type="" head="" comment=""  >
<token_anchor id="106"/>
</ENTITY_MENTION>
<ENTITY_MENTION id="24" syntactic_type="" head="" comment=""  >
<token_anchor id="108"/>
</ENTITY_MENTION>
<ENTITY_MENTION id="26" syntactic_type="" head="" comment=""  >
<token_anchor id="110"/>
</ENTITY_MENTION>
<ENTITY_MENTION id="28" syntactic_type="" head="" comment=""  >
<token_anchor id="127"/>
<token_anchor id="128"/>
</ENTITY_MENTION>
<ENTITY_MENTION id="30" syntactic_type="" head="" comment=""  >
<token_anchor id="155"/>
<token_anchor id="156"/>
</ENTITY_MENTION>
<ENTITY_MENTION id="32" syntactic_type="" head="" comment=""  >
<token_anchor id="158"/>
</ENTITY_MENTION>
<ENTITY_MENTION id="33" syntactic_type="" head="" comment=""  >
<token_anchor id="165"/>
<token_anchor id="166"/>
<token_anchor id="167"/>
</ENTITY_MENTION>
<ENTITY_MENTION id="35" syntactic_type="" head="" comment=""  >
<token_anchor id="204"/>
<token_anchor id="205"/>
</ENTITY_MENTION>
<ENTITY_MENTION id="37" syntactic_type="" head="" comment=""  >
<token_anchor id="216"/>
<token_anchor id="217"/>
</ENTITY_MENTION>
<ENTITY_MENTION id="39" syntactic_type="" head="" comment=""  >
<token_anchor id="220"/>
</ENTITY_MENTION>
<ENTITY_MENTION id="41" syntactic_type="" head="" comment=""  >
<token_anchor id="227"/>
<token_anchor id="228"/>
</ENTITY_MENTION>
<ENTITY_MENTION id="42" syntactic_type="" head="" comment=""  >
<token_anchor id="231"/>
</ENTITY_MENTION>
<ENTITY_MENTION id="45" head="" syntactic_type="" comment=""  >
<token_anchor id="1"/>
</ENTITY_MENTION>
<ENTITY_MENTION id="48" head="" syntactic_type="" comment=""  >
<token_anchor id="198"/>
</ENTITY_MENTION>
<ENTITY_MENTION id="49" head="" syntactic_type="" comment=""  >
<token_anchor id="214"/>
</ENTITY_MENTION>
<ENTITY_MENTION id="1" syntactic_type="" head="" comment=""  >
<token_anchor id="3"/>
</ENTITY_MENTION>
<ENTITY_MENTION id="3" syntactic_type="" head="" comment=""  >
<token_anchor id="5"/>
<token_anchor id="6"/>
<token_anchor id="7"/>
</ENTITY_MENTION>
<ENTITY_MENTION id="5" syntactic_type="" head="" comment=""  >
<token_anchor id="18"/>
<token_anchor id="19"/>
<token_anchor id="20"/>
<token_anchor id="21"/>
</ENTITY_MENTION>
<ENTITY_MENTION id="6" syntactic_type="" head="" comment=""  >
<token_anchor id="30"/>
<token_anchor id="31"/>
<token_anchor id="32"/>
</ENTITY_MENTION>
<ENTITY_MENTION id="7" syntactic_type="" head="" comment=""  >
<token_anchor id="34"/>
<token_anchor id="35"/>
</ENTITY_MENTION>
<ENTITY_MENTION id="9" syntactic_type="" head="" comment=""  >
<token_anchor id="38"/>
<token_anchor id="39"/>
</ENTITY_MENTION>
<ENTITY_MENTION id="11" syntactic_type="" head="" comment=""  >
<token_anchor id="63"/>
</ENTITY_MENTION>
<ENTITY_MENTION id="13" syntactic_type="" head="" comment=""  >
<token_anchor id="65"/>
<token_anchor id="66"/>
</ENTITY_MENTION>
<SIGNAL id="44" comment=""  >
<token_anchor id="2"/>
</SIGNAL>


<ENTITY id="2" RELATED_TO="" TAG_DESCRIPTOR="http://dbpedia.org/resource/Chrysler" ent_type="" ent_class="" comment="" external_ref="http://dbpedia.org/resource/Chrysler" />
<ENTITY id="4" RELATED_TO="" TAG_DESCRIPTOR="http://dbpedia.org/resource/Cerberus_Capital_Management" ent_type="" ent_class="" comment="" external_ref="http://dbpedia.org/resource/Cerberus_Capital_Management" />
<ENTITY id="8" RELATED_TO="" TAG_DESCRIPTOR="http://dbpedia.org/resource/Robert_Nardelli" ent_type="" ent_class="" comment="" external_ref="http://dbpedia.org/resource/Robert_Nardelli" />
<ENTITY id="10" RELATED_TO="" TAG_DESCRIPTOR="http://dbpedia.org/resource/Chrysler" ent_type="" ent_class="" comment="" external_ref="http://dbpedia.org/resource/Chrysler" />
<ENTITY id="12" RELATED_TO="" TAG_DESCRIPTOR="http://dbpedia.org/resource/Chrysler" ent_type="" ent_class="" comment="" external_ref="http://dbpedia.org/resource/Chrysler" />
<ENTITY id="15" RELATED_TO="" TAG_DESCRIPTOR="http://dbpedia.org/resource/Allied_Industrial_Workers_of_America" ent_type="" ent_class="" comment="" external_ref="http://dbpedia.org/resource/Allied_Industrial_Workers_of_America" />
<ENTITY id="18" RELATED_TO="" TAG_DESCRIPTOR="http://dbpedia.org/resource/Reuters" ent_type="" ent_class="" comment="" external_ref="http://dbpedia.org/resource/Reuters" />
<ENTITY id="20" RELATED_TO="" TAG_DESCRIPTOR="http://dbpedia.org/resource/Canadian_Auto_Workers" ent_type="" ent_class="" comment="" external_ref="http://dbpedia.org/resource/Canadian_Auto_Workers" />
<ENTITY id="22" RELATED_TO="" TAG_DESCRIPTOR="http://dbpedia.org/resource/Buzz_Hargrove" ent_type="" ent_class="" comment="" external_ref="http://dbpedia.org/resource/Buzz_Hargrove" />
<ENTITY id="25" RELATED_TO="" TAG_DESCRIPTOR="http://dbpedia.org/resource/Chrysler" ent_type="" ent_class="" comment="" external_ref="http://dbpedia.org/resource/Chrysler" />
<ENTITY id="27" RELATED_TO="" TAG_DESCRIPTOR="http://dbpedia.org/resource/Canada" ent_type="" ent_class="" comment="" external_ref="http://dbpedia.org/resource/Canada" />
<ENTITY id="29" RELATED_TO="" TAG_DESCRIPTOR="http://dbpedia.org/resource/The_Home_Depot" ent_type="" ent_class="" comment="" external_ref="http://dbpedia.org/resource/The_Home_Depot" />
<ENTITY id="31" RELATED_TO="" TAG_DESCRIPTOR="http://dbpedia.org/resource/The_Home_Depot" ent_type="" ent_class="" comment="" external_ref="http://dbpedia.org/resource/The_Home_Depot" />
<ENTITY id="34" RELATED_TO="" TAG_DESCRIPTOR="http://dbpedia.org/resource/General_Electric" ent_type="" ent_class="" comment="" external_ref="http://dbpedia.org/resource/General_Electric" />
<ENTITY id="36" RELATED_TO="" TAG_DESCRIPTOR="http://dbpedia.org/resource/Wolfgang_Bernhard" ent_type="" ent_class="" comment="" external_ref="http://dbpedia.org/resource/Wolfgang_Bernhard" />
<ENTITY id="38" RELATED_TO="" TAG_DESCRIPTOR="http://dbpedia.org/resource/Volkswagen" ent_type="" ent_class="" comment="" external_ref="http://dbpedia.org/resource/Volkswagen" />
<ENTITY id="40" RELATED_TO="" TAG_DESCRIPTOR="http://dbpedia.org/resource/Chrysler" ent_type="" ent_class="" comment="" external_ref="http://dbpedia.org/resource/Chrysler" />
<ENTITY id="43" RELATED_TO="" TAG_DESCRIPTOR="http://dbpedia.org/resource/Chrysler" ent_type="" ent_class="" comment="" external_ref="http://dbpedia.org/resource/Chrysler" />
<ENTITY id="46" RELATED_TO="" TAG_DESCRIPTOR="http://dbpedia.org/resource/Home_Depot_Inc." ent_type="PER" ent_class="" comment="" external_ref="http://dbpedia.org/resource/Home_Depot_Inc." />
<ENTITY id="47" RELATED_TO="" TAG_DESCRIPTOR="http://dbpedia.org/resource/Daimler_Chrysler_AG" ent_type="PER" ent_class="" comment="" external_ref="http://dbpedia.org/resource/Daimler_Chrysler_AG" />
<ENTITY id="50" RELATED_TO="" TAG_DESCRIPTOR="http://dbpedia.org/resource/Cerberus_Capital_Management" ent_type="PER" ent_class="" comment="" external_ref="http://dbpedia.org/resource/Cerberus_Capital_Management" />
</Markables>

<Relations>
<REFERS_TO id="433560" >
<source id="9" />
<target id="10" />
</REFERS_TO>
<REFERS_TO id="433561" >
<source id="11" />
<target id="12" />
</REFERS_TO>
<REFERS_TO id="433562" >
<source id="14" />
<target id="15" />
</REFERS_TO>
<REFERS_TO id="433563" >
<source id="42" />
<target id="43" />
</REFERS_TO>
<REFERS_TO id="433564" >
<source id="21" />
<target id="22" />
</REFERS_TO>
<REFERS_TO id="433565" >
<source id="24" />
<target id="25" />
</REFERS_TO>
<REFERS_TO id="433566" >
<source id="17" />
<target id="18" />
</REFERS_TO>
<REFERS_TO id="433567" >
<source id="30" />
<target id="46" />
</REFERS_TO>
<REFERS_TO id="433568" >
<source id="28" />
<target id="46" />
</REFERS_TO>
<REFERS_TO id="433569" >
<source id="39" />
<target id="40" />
</REFERS_TO>
<REFERS_TO id="433570" >
<source id="19" />
<target id="20" />
</REFERS_TO>
<REFERS_TO id="433571" >
<source id="26" />
<target id="27" />
</REFERS_TO>
<REFERS_TO id="433572" >
<source id="1" />
<target id="2" />
</REFERS_TO>
<REFERS_TO id="433573" >
<source id="3" />
<target id="4" />
</REFERS_TO>
<REFERS_TO id="433574" >
<source id="35" />
<target id="36" />
</REFERS_TO>
<REFERS_TO id="433575" >
<source id="7" />
<target id="8" />
</REFERS_TO>
<REFERS_TO id="433576" >
<source id="37" />
<target id="38" />
</REFERS_TO>
<REFERS_TO id="433577" >
<source id="33" />
<target id="34" />
</REFERS_TO>
<REFERS_TO id="433993" >
<source id="45" />
<target id="8" />
</REFERS_TO>
<REFERS_TO id="433994" >
<source id="5" />
<target id="4" />
</REFERS_TO>
<REFERS_TO id="433995" >
<source id="6" />
<target id="46" />
</REFERS_TO>
<REFERS_TO id="433996" >
<source id="13" />
<target id="47" />
</REFERS_TO>
<REFERS_TO id="433997" >
<source id="16" />
<target id="8" />
</REFERS_TO>
<REFERS_TO id="433998" >
<source id="23" />
<target id="8" />
</REFERS_TO>
<REFERS_TO id="433999" >
<source id="32" />
<target id="8" />
</REFERS_TO>
<REFERS_TO id="434000" >
<source id="49" />
<target id="47" />
</REFERS_TO>
<REFERS_TO id="434001" >
<source id="48" />
<target id="50" />
</REFERS_TO>
</Relations>
</Document>
