<Document doc_name="4R63-B1B0-TX4N-X01J.xml">
<token id="1" sentence="0" number="0">GOV.</token>
<token id="2" sentence="0" number="1">RICHARDSON</token>
<token id="3" sentence="0" number="2">APPOINTS</token>
<token id="4" sentence="0" number="3">RODOLPHO</token>
<token id="5" sentence="0" number="4">MARTINEZ</token>
<token id="6" sentence="0" number="5">TO</token>
<token id="7" sentence="0" number="6">NEW</token>
<token id="8" sentence="0" number="7">MEXICO</token>
<token id="9" sentence="0" number="8">HOUSE</token>
<token id="10" sentence="0" number="9">OF</token>
<token id="11" sentence="0" number="10">REPRESENTATIVES</token>
<token id="12" sentence="1" number="0">Gov.</token>
<token id="13" sentence="1" number="1">Bill</token>
<token id="14" sentence="1" number="2">Richardson</token>
<token id="15" sentence="1" number="3">,</token>
<token id="16" sentence="1" number="4">D-N.M.</token>
<token id="17" sentence="1" number="5">,</token>
<token id="18" sentence="1" number="6">issued</token>
<token id="19" sentence="1" number="7">the</token>
<token id="20" sentence="1" number="8">following</token>
<token id="21" sentence="1" number="9">press</token>
<token id="22" sentence="1" number="10">release</token>
<token id="23" sentence="1" number="11">:</token>
<token id="24" sentence="1" number="12">Governor</token>
<token id="25" sentence="1" number="13">Bill</token>
<token id="26" sentence="1" number="14">Richardson</token>
<token id="27" sentence="1" number="15">today</token>
<token id="28" sentence="1" number="16">appointed</token>
<token id="29" sentence="1" number="17">Rodolpho</token>
<token id="30" sentence="1" number="18">``</token>
<token id="31" sentence="1" number="19">Rudy</token>
<token id="32" sentence="1" number="20">''</token>
<token id="33" sentence="1" number="21">Martinez</token>
<token id="34" sentence="1" number="22">to</token>
<token id="35" sentence="1" number="23">the</token>
<token id="36" sentence="1" number="24">New</token>
<token id="37" sentence="1" number="25">Mexico</token>
<token id="38" sentence="1" number="26">House</token>
<token id="39" sentence="1" number="27">of</token>
<token id="40" sentence="1" number="28">Representatives</token>
<token id="41" sentence="1" number="29">District</token>
<token id="42" sentence="1" number="30">39</token>
<token id="43" sentence="1" number="31">seat</token>
<token id="44" sentence="1" number="32">.</token>
<token id="45" sentence="2" number="0">Martinez</token>
<token id="46" sentence="2" number="1">replaces</token>
<token id="47" sentence="2" number="2">former</token>
<token id="48" sentence="2" number="3">Representative</token>
<token id="49" sentence="2" number="4">Manuel</token>
<token id="50" sentence="2" number="5">Herrera</token>
<token id="51" sentence="2" number="6">who</token>
<token id="52" sentence="2" number="7">passed</token>
<token id="53" sentence="2" number="8">away</token>
<token id="54" sentence="2" number="9">in</token>
<token id="55" sentence="2" number="10">October</token>
<token id="56" sentence="2" number="11">following</token>
<token id="57" sentence="2" number="12">a</token>
<token id="58" sentence="2" number="13">long</token>
<token id="59" sentence="2" number="14">battle</token>
<token id="60" sentence="2" number="15">with</token>
<token id="61" sentence="2" number="16">cancer</token>
<token id="62" sentence="2" number="17">.</token>
<token id="63" sentence="3" number="0">``</token>
<token id="64" sentence="3" number="1">Rodolpho</token>
<token id="65" sentence="3" number="2">Martinez</token>
<token id="66" sentence="3" number="3">is</token>
<token id="67" sentence="3" number="4">a</token>
<token id="68" sentence="3" number="5">proven</token>
<token id="69" sentence="3" number="6">and</token>
<token id="70" sentence="3" number="7">trusted</token>
<token id="71" sentence="3" number="8">leader</token>
<token id="72" sentence="3" number="9">,</token>
<token id="73" sentence="3" number="10">I</token>
<token id="74" sentence="3" number="11">am</token>
<token id="75" sentence="3" number="12">confident</token>
<token id="76" sentence="3" number="13">that</token>
<token id="77" sentence="3" number="14">he</token>
<token id="78" sentence="3" number="15">will</token>
<token id="79" sentence="3" number="16">serve</token>
<token id="80" sentence="3" number="17">the</token>
<token id="81" sentence="3" number="18">constituents</token>
<token id="82" sentence="3" number="19">of</token>
<token id="83" sentence="3" number="20">Grant</token>
<token id="84" sentence="3" number="21">and</token>
<token id="85" sentence="3" number="22">Hidalgo</token>
<token id="86" sentence="3" number="23">counties</token>
<token id="87" sentence="3" number="24">well</token>
<token id="88" sentence="3" number="25">,</token>
<token id="89" sentence="3" number="26">''</token>
<token id="90" sentence="3" number="27">said</token>
<token id="91" sentence="3" number="28">Governor</token>
<token id="92" sentence="3" number="29">Richardson</token>
<token id="93" sentence="3" number="30">.</token>
<token id="94" sentence="4" number="0">``</token>
<token id="95" sentence="4" number="1">His</token>
<token id="96" sentence="4" number="2">legislative</token>
<token id="97" sentence="4" number="3">experience</token>
<token id="98" sentence="4" number="4">will</token>
<token id="99" sentence="4" number="5">be</token>
<token id="100" sentence="4" number="6">a</token>
<token id="101" sentence="4" number="7">valuable</token>
<token id="102" sentence="4" number="8">asset</token>
<token id="103" sentence="4" number="9">to</token>
<token id="104" sentence="4" number="10">the</token>
<token id="105" sentence="4" number="11">New</token>
<token id="106" sentence="4" number="12">Mexico</token>
<token id="107" sentence="4" number="13">House</token>
<token id="108" sentence="4" number="14">of</token>
<token id="109" sentence="4" number="15">Representatives</token>
<token id="110" sentence="4" number="16">.</token>
<token id="111" sentence="4" number="17">''</token>
<token id="112" sentence="5" number="0">Martinez</token>
<token id="113" sentence="5" number="1">is</token>
<token id="114" sentence="5" number="2">mayor</token>
<token id="115" sentence="5" number="3">of</token>
<token id="116" sentence="5" number="4">Bayard</token>
<token id="117" sentence="5" number="5">,</token>
<token id="118" sentence="5" number="6">NM</token>
<token id="119" sentence="5" number="7">and</token>
<token id="120" sentence="5" number="8">Grant</token>
<token id="121" sentence="5" number="9">County</token>
<token id="122" sentence="5" number="10">Commission</token>
<token id="123" sentence="5" number="11">Chairman</token>
<token id="124" sentence="5" number="12">.</token>
<token id="125" sentence="6" number="0">He</token>
<token id="126" sentence="6" number="1">is</token>
<token id="127" sentence="6" number="2">also</token>
<token id="128" sentence="6" number="3">the</token>
<token id="129" sentence="6" number="4">Facility</token>
<token id="130" sentence="6" number="5">Services</token>
<token id="131" sentence="6" number="6">Manager</token>
<token id="132" sentence="6" number="7">of</token>
<token id="133" sentence="6" number="8">GEO</token>
<token id="134" sentence="6" number="9">Care</token>
<token id="135" sentence="6" number="10">Inc.</token>
<token id="136" sentence="6" number="11">and</token>
<token id="137" sentence="6" number="12">a</token>
<token id="138" sentence="6" number="13">volunteer</token>
<token id="139" sentence="6" number="14">firefighter</token>
<token id="140" sentence="6" number="15">.</token>
<token id="141" sentence="7" number="0">Previously</token>
<token id="142" sentence="7" number="1">,</token>
<token id="143" sentence="7" number="2">Martinez</token>
<token id="144" sentence="7" number="3">worked</token>
<token id="145" sentence="7" number="4">for</token>
<token id="146" sentence="7" number="5">Chino</token>
<token id="147" sentence="7" number="6">Mines</token>
<token id="148" sentence="7" number="7">for</token>
<token id="149" sentence="7" number="8">more</token>
<token id="150" sentence="7" number="9">than</token>
<token id="151" sentence="7" number="10">thirty</token>
<token id="152" sentence="7" number="11">years</token>
<token id="153" sentence="7" number="12">.</token>
<token id="154" sentence="8" number="0">Rodolpho</token>
<token id="155" sentence="8" number="1">Martinez</token>
<token id="156" sentence="8" number="2">holds</token>
<token id="157" sentence="8" number="3">a</token>
<token id="158" sentence="8" number="4">Bachelors</token>
<token id="159" sentence="8" number="5">of</token>
<token id="160" sentence="8" number="6">Science</token>
<token id="161" sentence="8" number="7">degree</token>
<token id="162" sentence="8" number="8">from</token>
<token id="163" sentence="8" number="9">Western</token>
<token id="164" sentence="8" number="10">New</token>
<token id="165" sentence="8" number="11">Mexico</token>
<token id="166" sentence="8" number="12">University</token>
<token id="167" sentence="8" number="13">in</token>
<token id="168" sentence="8" number="14">Silver</token>
<token id="169" sentence="8" number="15">City</token>
<token id="170" sentence="8" number="16">and</token>
<token id="171" sentence="8" number="17">is</token>
<token id="172" sentence="8" number="18">a</token>
<token id="173" sentence="8" number="19">graduate</token>
<token id="174" sentence="8" number="20">of</token>
<token id="175" sentence="8" number="21">Cobre</token>
<token id="176" sentence="8" number="22">High</token>
<token id="177" sentence="8" number="23">School</token>
<token id="178" sentence="8" number="24">in</token>
<token id="179" sentence="8" number="25">Bayard</token>
<token id="180" sentence="8" number="26">.</token>
<token id="181" sentence="9" number="0">He</token>
<token id="182" sentence="9" number="1">also</token>
<token id="183" sentence="9" number="2">served</token>
<token id="184" sentence="9" number="3">in</token>
<token id="185" sentence="9" number="4">the</token>
<token id="186" sentence="9" number="5">United</token>
<token id="187" sentence="9" number="6">States</token>
<token id="188" sentence="9" number="7">Air</token>
<token id="189" sentence="9" number="8">Force</token>
<token id="190" sentence="9" number="9">.</token>
<token id="191" sentence="10" number="0">Martinez</token>
<token id="192" sentence="10" number="1">lives</token>
<token id="193" sentence="10" number="2">in</token>
<token id="194" sentence="10" number="3">Bayard</token>
<token id="195" sentence="10" number="4">.</token>
<token id="196" sentence="11" number="0">Martinez</token>
<token id="197" sentence="11" number="1">'</token>
<token id="198" sentence="11" number="2">term</token>
<token id="199" sentence="11" number="3">is</token>
<token id="200" sentence="11" number="4">effective</token>
<token id="201" sentence="11" number="5">immediately</token>
<token id="202" sentence="11" number="6">.</token>
<token id="203" sentence="12" number="0">He</token>
<token id="204" sentence="12" number="1">will</token>
<token id="205" sentence="12" number="2">serve</token>
<token id="206" sentence="12" number="3">until</token>
<token id="207" sentence="12" number="4">December</token>
<token id="208" sentence="12" number="5">31st</token>
<token id="209" sentence="12" number="6">subsequent</token>
<token id="210" sentence="12" number="7">to</token>
<token id="211" sentence="12" number="8">the</token>
<token id="212" sentence="12" number="9">next</token>
<token id="213" sentence="12" number="10">succeeding</token>
<token id="214" sentence="12" number="11">general</token>
<token id="215" sentence="12" number="12">election</token>
<token id="216" sentence="12" number="13">.</token>
<token id="217" sentence="13" number="0">Contact</token>
<token id="218" sentence="13" number="1">:</token>
<token id="219" sentence="13" number="2">Gilbert</token>
<token id="220" sentence="13" number="3">Gallegos</token>
<token id="221" sentence="13" number="4">,</token>
<token id="222" sentence="13" number="5">505/476</token>
<token id="223" sentence="13" number="6">-2217</token>
<token id="224" sentence="13" number="7">.</token>
<token id="225" sentence="14" number="0">For</token>
<token id="226" sentence="14" number="1">any</token>
<token id="227" sentence="14" number="2">query</token>
<token id="228" sentence="14" number="3">with</token>
<token id="229" sentence="14" number="4">respect</token>
<token id="230" sentence="14" number="5">to</token>
<token id="231" sentence="14" number="6">this</token>
<token id="232" sentence="14" number="7">article</token>
<token id="233" sentence="14" number="8">or</token>
<token id="234" sentence="14" number="9">any</token>
<token id="235" sentence="14" number="10">other</token>
<token id="236" sentence="14" number="11">content</token>
<token id="237" sentence="14" number="12">requirement</token>
<token id="238" sentence="14" number="13">,</token>
<token id="239" sentence="14" number="14">please</token>
<token id="240" sentence="14" number="15">contact</token>
<token id="241" sentence="14" number="16">Editor</token>
<token id="242" sentence="14" number="17">at</token>
<token id="243" sentence="14" number="18">htsyndication@hindustantimes.com</token>


<Markables>
<ENTITY_MENTION id="15" syntactic_type="" head="" comment=""  >
<token_anchor id="85"/>
</ENTITY_MENTION>
<ENTITY_MENTION id="17" syntactic_type="" head="" comment=""  >
<token_anchor id="92"/>
</ENTITY_MENTION>
<ENTITY_MENTION id="19" syntactic_type="" head="" comment=""  >
<token_anchor id="105"/>
<token_anchor id="106"/>
<token_anchor id="107"/>
<token_anchor id="108"/>
<token_anchor id="109"/>
</ENTITY_MENTION>
<ENTITY_MENTION id="21" syntactic_type="" head="" comment=""  >
<token_anchor id="112"/>
</ENTITY_MENTION>
<ENTITY_MENTION id="23" syntactic_type="" head="" comment=""  >
<token_anchor id="116"/>
</ENTITY_MENTION>
<ENTITY_MENTION id="25" syntactic_type="" head="" comment=""  >
<token_anchor id="118"/>
</ENTITY_MENTION>
<ENTITY_MENTION id="27" syntactic_type="" head="" comment=""  >
<token_anchor id="120"/>
<token_anchor id="121"/>
<token_anchor id="122"/>
</ENTITY_MENTION>
<ENTITY_MENTION id="28" syntactic_type="" head="" comment=""  >
<token_anchor id="129"/>
<token_anchor id="130"/>
<token_anchor id="131"/>
<token_anchor id="132"/>
<token_anchor id="133"/>
<token_anchor id="134"/>
<token_anchor id="135"/>
</ENTITY_MENTION>
<ENTITY_MENTION id="29" syntactic_type="" head="" comment=""  >
<token_anchor id="143"/>
</ENTITY_MENTION>
<ENTITY_MENTION id="31" syntactic_type="" head="" comment=""  >
<token_anchor id="146"/>
<token_anchor id="147"/>
</ENTITY_MENTION>
<ENTITY_MENTION id="32" syntactic_type="" head="" comment=""  >
<token_anchor id="154"/>
<token_anchor id="155"/>
</ENTITY_MENTION>
<ENTITY_MENTION id="33" syntactic_type="" head="" comment=""  >
<token_anchor id="163"/>
<token_anchor id="164"/>
<token_anchor id="165"/>
<token_anchor id="166"/>
</ENTITY_MENTION>
<ENTITY_MENTION id="35" syntactic_type="" head="" comment=""  >
<token_anchor id="168"/>
<token_anchor id="169"/>
</ENTITY_MENTION>
<ENTITY_MENTION id="37" syntactic_type="" head="" comment=""  >
<token_anchor id="175"/>
<token_anchor id="176"/>
<token_anchor id="177"/>
</ENTITY_MENTION>
<ENTITY_MENTION id="38" syntactic_type="" head="" comment=""  >
<token_anchor id="179"/>
</ENTITY_MENTION>
<ENTITY_MENTION id="41" syntactic_type="" head="" comment=""  >
<token_anchor id="191"/>
</ENTITY_MENTION>
<ENTITY_MENTION id="43" syntactic_type="" head="" comment=""  >
<token_anchor id="194"/>
</ENTITY_MENTION>
<ENTITY_MENTION id="45" syntactic_type="" head="" comment=""  >
<token_anchor id="196"/>
</ENTITY_MENTION>
<ENTITY_MENTION id="47" syntactic_type="" head="" comment=""  >
<token_anchor id="219"/>
<token_anchor id="220"/>
</ENTITY_MENTION>
<ENTITY_MENTION id="48" head="" syntactic_type="" comment=""  >
<token_anchor id="1"/>
<token_anchor id="2"/>
</ENTITY_MENTION>
<ENTITY_MENTION id="49" head="" syntactic_type="" comment=""  >
<token_anchor id="4"/>
<token_anchor id="5"/>
</ENTITY_MENTION>
<ENTITY_MENTION id="51" head="" syntactic_type="" comment=""  >
<token_anchor id="36"/>
<token_anchor id="37"/>
<token_anchor id="38"/>
<token_anchor id="39"/>
<token_anchor id="40"/>
</ENTITY_MENTION>
<ENTITY_MENTION id="52" head="" syntactic_type="" comment=""  >
<token_anchor id="186"/>
<token_anchor id="187"/>
<token_anchor id="188"/>
<token_anchor id="189"/>
</ENTITY_MENTION>
<ENTITY_MENTION id="2" syntactic_type="" head="" comment=""  >
<token_anchor id="7"/>
<token_anchor id="8"/>
<token_anchor id="9"/>
<token_anchor id="10"/>
<token_anchor id="11"/>
</ENTITY_MENTION>
<ENTITY_MENTION id="3" syntactic_type="" head="" comment=""  >
<token_anchor id="13"/>
<token_anchor id="14"/>
</ENTITY_MENTION>
<ENTITY_MENTION id="5" syntactic_type="" head="" comment=""  >
<token_anchor id="25"/>
<token_anchor id="26"/>
</ENTITY_MENTION>
<ENTITY_MENTION id="7" syntactic_type="" head="" comment=""  >
<token_anchor id="29"/>
<token_anchor id="30"/>
<token_anchor id="31"/>
<token_anchor id="32"/>
<token_anchor id="33"/>
</ENTITY_MENTION>
<ENTITY_MENTION id="9" syntactic_type="" head="" comment=""  >
<token_anchor id="45"/>
</ENTITY_MENTION>
<ENTITY_MENTION id="11" syntactic_type="" head="" comment=""  >
<token_anchor id="49"/>
<token_anchor id="50"/>
</ENTITY_MENTION>
<ENTITY_MENTION id="12" syntactic_type="" head="" comment=""  >
<token_anchor id="64"/>
<token_anchor id="65"/>
</ENTITY_MENTION>
<ENTITY_MENTION id="13" syntactic_type="" head="" comment=""  >
<token_anchor id="83"/>
</ENTITY_MENTION>
<SIGNAL id="50" comment=""  >
<token_anchor id="3"/>
</SIGNAL>


<ENTITY id="1" RELATED_TO="" TAG_DESCRIPTOR="http://dbpedia.org/resource/Martinez,_California" ent_type="" ent_class="" comment="" external_ref="http://dbpedia.org/resource/Rodolpho_Martinez" />
<ENTITY id="4" RELATED_TO="" TAG_DESCRIPTOR="http://dbpedia.org/resource/Bill_Richardson" ent_type="" ent_class="" comment="" external_ref="http://dbpedia.org/resource/Bill_Richardson" />
<ENTITY id="6" RELATED_TO="" TAG_DESCRIPTOR="http://dbpedia.org/resource/Bill_Richardson" ent_type="" ent_class="" comment="" external_ref="http://dbpedia.org/resource/Bill_Richardson" />
<ENTITY id="8" RELATED_TO="" TAG_DESCRIPTOR="http://dbpedia.org/resource/New_Mexico" ent_type="" ent_class="" comment="" external_ref="http://dbpedia.org/resource/New_Mexico" />
<ENTITY id="10" RELATED_TO="" TAG_DESCRIPTOR="http://dbpedia.org/resource/Rodolpho_Martinez" ent_type="" ent_class="" comment="" external_ref="http://dbpedia.org/resource/Martinez,_California" />
<ENTITY id="14" RELATED_TO="" TAG_DESCRIPTOR="http://dbpedia.org/resource/Grant_County,_New_Mexico" ent_type="" ent_class="" comment="" external_ref="http://dbpedia.org/resource/Grant_County,_New_Mexico" />
<ENTITY id="16" RELATED_TO="" TAG_DESCRIPTOR="http://dbpedia.org/resource/Hidalgo_County,_New_Mexico" ent_type="" ent_class="" comment="" external_ref="http://dbpedia.org/resource/Hidalgo_County,_New_Mexico" />
<ENTITY id="18" RELATED_TO="" TAG_DESCRIPTOR="http://dbpedia.org/resource/Richardson,_Texas" ent_type="" ent_class="" comment="" external_ref="http://dbpedia.org/resource/Richardson,_Texas" />
<ENTITY id="20" RELATED_TO="" TAG_DESCRIPTOR="http://dbpedia.org/resource/New_mexico_house_of_representatives" ent_type="" ent_class="" comment="" external_ref="http://dbpedia.org/resource/New_mexico_house_of_representatives" />
<ENTITY id="22" RELATED_TO="" TAG_DESCRIPTOR="http://dbpedia.org/resource/Martinez,_California" ent_type="" ent_class="" comment="" external_ref="http://dbpedia.org/resource/Martinez,_California" />
<ENTITY id="24" RELATED_TO="" TAG_DESCRIPTOR="http://dbpedia.org/resource/Bayard,_New_Mexico" ent_type="" ent_class="" comment="" external_ref="http://dbpedia.org/resource/Bayard,_New_Mexico" />
<ENTITY id="26" RELATED_TO="" TAG_DESCRIPTOR="http://dbpedia.org/resource/New_Mexico" ent_type="" ent_class="" comment="" external_ref="http://dbpedia.org/resource/New_Mexico" />
<ENTITY id="30" RELATED_TO="" TAG_DESCRIPTOR="http://dbpedia.org/resource/Martinez,_California" ent_type="" ent_class="" comment="" external_ref="http://dbpedia.org/resource/Martinez,_California" />
<ENTITY id="34" RELATED_TO="" TAG_DESCRIPTOR="http://dbpedia.org/resource/Western_New_Mexico_University" ent_type="" ent_class="" comment="" external_ref="http://dbpedia.org/resource/Western_New_Mexico_University" />
<ENTITY id="36" RELATED_TO="" TAG_DESCRIPTOR="http://dbpedia.org/resource/Silver_City,_New_Mexico" ent_type="" ent_class="" comment="" external_ref="http://dbpedia.org/resource/Silver_City,_New_Mexico" />
<ENTITY id="39" RELATED_TO="" TAG_DESCRIPTOR="http://dbpedia.org/resource/Pierre_Terrail,_seigneur_de_Bayard" ent_type="" ent_class="" comment="" external_ref="http://dbpedia.org/resource/Pierre_Terrail,_seigneur_de_Bayard" />
<ENTITY id="40" RELATED_TO="" TAG_DESCRIPTOR="http://dbpedia.org/resource/United_States_Air_Force" ent_type="" ent_class="" comment="" external_ref="http://dbpedia.org/resource/United_States" />
<ENTITY id="42" RELATED_TO="" TAG_DESCRIPTOR="http://dbpedia.org/resource/Martinez,_California" ent_type="" ent_class="" comment="" external_ref="http://dbpedia.org/resource/Martinez,_California" />
<ENTITY id="44" RELATED_TO="" TAG_DESCRIPTOR="http://dbpedia.org/resource/Pierre_Terrail,_seigneur_de_Bayard" ent_type="" ent_class="" comment="" external_ref="http://dbpedia.org/resource/Pierre_Terrail,_seigneur_de_Bayard" />
<ENTITY id="46" RELATED_TO="" TAG_DESCRIPTOR="http://dbpedia.org/resource/Martinez,_California" ent_type="" ent_class="" comment="" external_ref="http://dbpedia.org/resource/Martinez,_California" />
<ENTITY id="53" RELATED_TO="" TAG_DESCRIPTOR="http://dbpedia.org/resource/United_States_Air_Force_(USAF)" ent_type="PER" ent_class="" comment="" external_ref="http://dbpedia.org/resource/United_States_Air_Force_(USAF)" />
</Markables>

<Relations>
<REFERS_TO id="433578" >
<source id="19" />
<target id="20" />
</REFERS_TO>
<REFERS_TO id="433579" >
<source id="45" />
<target id="10" />
</REFERS_TO>
<REFERS_TO id="433580" >
<source id="21" />
<target id="10" />
</REFERS_TO>
<REFERS_TO id="433582" >
<source id="15" />
<target id="16" />
</REFERS_TO>
<REFERS_TO id="433583" >
<source id="9" />
<target id="10" />
</REFERS_TO>
<REFERS_TO id="433584" >
<source id="17" />
<target id="4" />
</REFERS_TO>
<REFERS_TO id="433585" >
<source id="43" />
<target id="24" />
</REFERS_TO>
<REFERS_TO id="433586" >
<source id="13" />
<target id="14" />
</REFERS_TO>
<REFERS_TO id="433587" >
<source id="25" />
<target id="26" />
</REFERS_TO>
<REFERS_TO id="433588" >
<source id="23" />
<target id="24" />
</REFERS_TO>
<REFERS_TO id="433589" >
<source id="38" />
<target id="24" />
</REFERS_TO>
<REFERS_TO id="433590" >
<source id="35" />
<target id="36" />
</REFERS_TO>
<REFERS_TO id="433591" >
<source id="29" />
<target id="10" />
</REFERS_TO>
<REFERS_TO id="433592" >
<source id="52" />
<target id="40" />
</REFERS_TO>
<REFERS_TO id="433593" >
<source id="41" />
<target id="10" />
</REFERS_TO>
<REFERS_TO id="433595" >
<source id="33" />
<target id="34" />
</REFERS_TO>
<REFERS_TO id="433596" >
<source id="3" />
<target id="4" />
</REFERS_TO>
<REFERS_TO id="433597" >
<source id="5" />
<target id="6" />
</REFERS_TO>
<REFERS_TO id="433985" >
<source id="48" />
<target id="4" />
</REFERS_TO>
<REFERS_TO id="433986" >
<source id="2" />
<target id="20" />
</REFERS_TO>
<REFERS_TO id="433987" >
<source id="49" />
<target id="10" />
</REFERS_TO>
<REFERS_TO id="433989" >
<source id="7" />
<target id="10" />
</REFERS_TO>
<REFERS_TO id="433990" >
<source id="51" />
<target id="20" />
</REFERS_TO>
<REFERS_TO id="433991" >
<source id="12" />
<target id="10" />
</REFERS_TO>
<REFERS_TO id="433992" >
<source id="32" />
<target id="10" />
</REFERS_TO>
</Relations>
</Document>
