<Document doc_name="4RFM-BF10-TWT8-T087.xml">
<token id="1" sentence="0" number="0">China</token>
<token id="2" sentence="0" number="1">Automotive</token>
<token id="3" sentence="0" number="2">to</token>
<token id="4" sentence="0" number="3">acquire</token>
<token id="5" sentence="0" number="4">additional</token>
<token id="6" sentence="0" number="5">interests</token>
<token id="7" sentence="0" number="6">Henglong</token>
<token id="8" sentence="0" number="7">Automotive</token>
<token id="9" sentence="0" number="8">Parts</token>
<token id="10" sentence="1" number="0">China</token>
<token id="11" sentence="1" number="1">Automotive</token>
<token id="12" sentence="1" number="2">Systems</token>
<token id="13" sentence="1" number="3">,</token>
<token id="14" sentence="1" number="4">a</token>
<token id="15" sentence="1" number="5">power</token>
<token id="16" sentence="1" number="6">steering</token>
<token id="17" sentence="1" number="7">components</token>
<token id="18" sentence="1" number="8">and</token>
<token id="19" sentence="1" number="9">systems</token>
<token id="20" sentence="1" number="10">supplier</token>
<token id="21" sentence="1" number="11">,</token>
<token id="22" sentence="1" number="12">has</token>
<token id="23" sentence="1" number="13">started</token>
<token id="24" sentence="1" number="14">discussions</token>
<token id="25" sentence="1" number="15">with</token>
<token id="26" sentence="1" number="16">Hubei</token>
<token id="27" sentence="1" number="17">Wanlong</token>
<token id="28" sentence="1" number="18">Investment</token>
<token id="29" sentence="1" number="19">to</token>
<token id="30" sentence="1" number="20">acquire</token>
<token id="31" sentence="1" number="21">an</token>
<token id="32" sentence="1" number="22">additional</token>
<token id="33" sentence="1" number="23">36.5</token>
<token id="34" sentence="1" number="24">%</token>
<token id="35" sentence="1" number="25">stake</token>
<token id="36" sentence="1" number="26">in</token>
<token id="37" sentence="1" number="27">Henglong</token>
<token id="38" sentence="1" number="28">Automotive</token>
<token id="39" sentence="1" number="29">Parts</token>
<token id="40" sentence="1" number="30">Company</token>
<token id="41" sentence="1" number="31">.</token>
<token id="42" sentence="2" number="0">Henglong</token>
<token id="43" sentence="2" number="1">,</token>
<token id="44" sentence="2" number="2">currently</token>
<token id="45" sentence="2" number="3">44.5</token>
<token id="46" sentence="2" number="4">%</token>
<token id="47" sentence="2" number="5">owned</token>
<token id="48" sentence="2" number="6">by</token>
<token id="49" sentence="2" number="7">China</token>
<token id="50" sentence="2" number="8">Automotive</token>
<token id="51" sentence="2" number="9">Systems</token>
<token id="52" sentence="2" number="10">,</token>
<token id="53" sentence="2" number="11">is</token>
<token id="54" sentence="2" number="12">engaged</token>
<token id="55" sentence="2" number="13">in</token>
<token id="56" sentence="2" number="14">manufacturing</token>
<token id="57" sentence="2" number="15">power</token>
<token id="58" sentence="2" number="16">steering</token>
<token id="59" sentence="2" number="17">systems</token>
<token id="60" sentence="2" number="18">and</token>
<token id="61" sentence="2" number="19">components</token>
<token id="62" sentence="2" number="20">for</token>
<token id="63" sentence="2" number="21">Chinese</token>
<token id="64" sentence="2" number="22">passenger</token>
<token id="65" sentence="2" number="23">vehicle</token>
<token id="66" sentence="2" number="24">market</token>
<token id="67" sentence="2" number="25">.</token>
<token id="68" sentence="3" number="0">Henglong</token>
<token id="69" sentence="3" number="1">'s</token>
<token id="70" sentence="3" number="2">main</token>
<token id="71" sentence="3" number="3">customers</token>
<token id="72" sentence="3" number="4">include</token>
<token id="73" sentence="3" number="5">Chery</token>
<token id="74" sentence="3" number="6">Auto</token>
<token id="75" sentence="3" number="7">,</token>
<token id="76" sentence="3" number="8">BYD</token>
<token id="77" sentence="3" number="9">Auto</token>
<token id="78" sentence="3" number="10">,</token>
<token id="79" sentence="3" number="11">Geely</token>
<token id="80" sentence="3" number="12">Auto</token>
<token id="81" sentence="3" number="13">and</token>
<token id="82" sentence="3" number="14">FAW</token>
<token id="83" sentence="3" number="15">Volkswagen</token>
<token id="84" sentence="3" number="16">.</token>
<token id="85" sentence="4" number="0">Upon</token>
<token id="86" sentence="4" number="1">the</token>
<token id="87" sentence="4" number="2">completion</token>
<token id="88" sentence="4" number="3">of</token>
<token id="89" sentence="4" number="4">the</token>
<token id="90" sentence="4" number="5">proposed</token>
<token id="91" sentence="4" number="6">acquisition</token>
<token id="92" sentence="4" number="7">,</token>
<token id="93" sentence="4" number="8">China</token>
<token id="94" sentence="4" number="9">Automotive</token>
<token id="95" sentence="4" number="10">Systems</token>
<token id="96" sentence="4" number="11">'s</token>
<token id="97" sentence="4" number="12">ownership</token>
<token id="98" sentence="4" number="13">in</token>
<token id="99" sentence="4" number="14">Henglong</token>
<token id="100" sentence="4" number="15">will</token>
<token id="101" sentence="4" number="16">increase</token>
<token id="102" sentence="4" number="17">to</token>
<token id="103" sentence="4" number="18">81</token>
<token id="104" sentence="4" number="19">%</token>
<token id="105" sentence="4" number="20">.</token>
<token id="106" sentence="5" number="0">No</token>
<token id="107" sentence="5" number="1">binding</token>
<token id="108" sentence="5" number="2">agreement</token>
<token id="109" sentence="5" number="3">has</token>
<token id="110" sentence="5" number="4">been</token>
<token id="111" sentence="5" number="5">signed</token>
<token id="112" sentence="5" number="6">yet</token>
<token id="113" sentence="5" number="7">and</token>
<token id="114" sentence="5" number="8">the</token>
<token id="115" sentence="5" number="9">discussions</token>
<token id="116" sentence="5" number="10">are</token>
<token id="117" sentence="5" number="11">continuing</token>
<token id="118" sentence="5" number="12">.</token>
<token id="119" sentence="6" number="0">Jie</token>
<token id="120" sentence="6" number="1">Li</token>
<token id="121" sentence="6" number="2">,</token>
<token id="122" sentence="6" number="3">CFO</token>
<token id="123" sentence="6" number="4">of</token>
<token id="124" sentence="6" number="5">China</token>
<token id="125" sentence="6" number="6">Automotive</token>
<token id="126" sentence="6" number="7">Systems</token>
<token id="127" sentence="6" number="8">,</token>
<token id="128" sentence="6" number="9">said</token>
<token id="129" sentence="6" number="10">:</token>
<token id="130" sentence="6" number="11">``</token>
<token id="131" sentence="6" number="12">We</token>
<token id="132" sentence="6" number="13">are</token>
<token id="133" sentence="6" number="14">very</token>
<token id="134" sentence="6" number="15">pleased</token>
<token id="135" sentence="6" number="16">to</token>
<token id="136" sentence="6" number="17">take</token>
<token id="137" sentence="6" number="18">this</token>
<token id="138" sentence="6" number="19">step</token>
<token id="139" sentence="6" number="20">to</token>
<token id="140" sentence="6" number="21">consolidate</token>
<token id="141" sentence="6" number="22">our</token>
<token id="142" sentence="6" number="23">fastest-growing</token>
<token id="143" sentence="6" number="24">subsidiary</token>
<token id="144" sentence="6" number="25">to</token>
<token id="145" sentence="6" number="26">enhance</token>
<token id="146" sentence="6" number="27">value</token>
<token id="147" sentence="6" number="28">for</token>
<token id="148" sentence="6" number="29">our</token>
<token id="149" sentence="6" number="30">shareholders</token>
<token id="150" sentence="6" number="31">.</token>
<token id="151" sentence="7" number="0">Our</token>
<token id="152" sentence="7" number="1">special</token>
<token id="153" sentence="7" number="2">acquisition</token>
<token id="154" sentence="7" number="3">committee</token>
<token id="155" sentence="7" number="4">continues</token>
<token id="156" sentence="7" number="5">its</token>
<token id="157" sentence="7" number="6">discussion</token>
<token id="158" sentence="7" number="7">with</token>
<token id="159" sentence="7" number="8">Henglong</token>
<token id="160" sentence="7" number="9">'s</token>
<token id="161" sentence="7" number="10">minority</token>
<token id="162" sentence="7" number="11">shareholder</token>
<token id="163" sentence="7" number="12">as</token>
<token id="164" sentence="7" number="13">we</token>
<token id="165" sentence="7" number="14">are</token>
<token id="166" sentence="7" number="15">working</token>
<token id="167" sentence="7" number="16">to</token>
<token id="168" sentence="7" number="17">roll</token>
<token id="169" sentence="7" number="18">this</token>
<token id="170" sentence="7" number="19">key</token>
<token id="171" sentence="7" number="20">minority</token>
<token id="172" sentence="7" number="21">stake</token>
<token id="173" sentence="7" number="22">into</token>
<token id="174" sentence="7" number="23">our</token>
<token id="175" sentence="7" number="24">public</token>
<token id="176" sentence="7" number="25">company</token>
<token id="177" sentence="7" number="26">.</token>
<token id="178" sentence="7" number="27">''</token>


<Markables>
<ENTITY_MENTION id="10" syntactic_type="" head="" comment=""  >
<token_anchor id="76"/>
<token_anchor id="77"/>
</ENTITY_MENTION>
<ENTITY_MENTION id="12" syntactic_type="" head="" comment=""  >
<token_anchor id="79"/>
<token_anchor id="80"/>
</ENTITY_MENTION>
<ENTITY_MENTION id="13" syntactic_type="" head="" comment=""  >
<token_anchor id="82"/>
<token_anchor id="83"/>
</ENTITY_MENTION>
<ENTITY_MENTION id="14" syntactic_type="" head="" comment=""  >
<token_anchor id="93"/>
<token_anchor id="94"/>
<token_anchor id="95"/>
</ENTITY_MENTION>
<ENTITY_MENTION id="15" syntactic_type="" head="" comment=""  >
<token_anchor id="99"/>
</ENTITY_MENTION>
<ENTITY_MENTION id="17" syntactic_type="" head="" comment=""  >
<token_anchor id="119"/>
<token_anchor id="120"/>
</ENTITY_MENTION>
<ENTITY_MENTION id="18" syntactic_type="" head="" comment=""  >
<token_anchor id="124"/>
<token_anchor id="125"/>
<token_anchor id="126"/>
</ENTITY_MENTION>
<ENTITY_MENTION id="20" head="" syntactic_type="" comment=""  >
<token_anchor id="42"/>
</ENTITY_MENTION>
<ENTITY_MENTION id="21" head="" syntactic_type="" comment=""  >
<token_anchor id="68"/>
</ENTITY_MENTION>
<ENTITY_MENTION id="22" head="" syntactic_type="" comment=""  >
<token_anchor id="159"/>
</ENTITY_MENTION>
<ENTITY_MENTION id="1" syntactic_type="" head="" comment=""  >
<token_anchor id="1"/>
<token_anchor id="2"/>
</ENTITY_MENTION>
<ENTITY_MENTION id="2" syntactic_type="" head="" comment=""  >
<token_anchor id="7"/>
<token_anchor id="8"/>
<token_anchor id="9"/>
</ENTITY_MENTION>
<ENTITY_MENTION id="3" syntactic_type="" head="" comment=""  >
<token_anchor id="10"/>
<token_anchor id="11"/>
<token_anchor id="12"/>
</ENTITY_MENTION>
<ENTITY_MENTION id="4" syntactic_type="" head="" comment=""  >
<token_anchor id="26"/>
<token_anchor id="27"/>
<token_anchor id="28"/>
</ENTITY_MENTION>
<ENTITY_MENTION id="5" syntactic_type="" head="" comment=""  >
<token_anchor id="37"/>
<token_anchor id="38"/>
<token_anchor id="39"/>
<token_anchor id="40"/>
</ENTITY_MENTION>
<ENTITY_MENTION id="6" syntactic_type="" head="" comment=""  >
<token_anchor id="49"/>
<token_anchor id="50"/>
<token_anchor id="51"/>
</ENTITY_MENTION>
<ENTITY_MENTION id="7" syntactic_type="" head="" comment=""  >
<token_anchor id="63"/>
</ENTITY_MENTION>
<ENTITY_MENTION id="9" syntactic_type="" head="" comment=""  >
<token_anchor id="73"/>
<token_anchor id="74"/>
</ENTITY_MENTION>
<SIGNAL id="19" comment=""  >
<token_anchor id="5"/>
</SIGNAL>


<ENTITY id="8" RELATED_TO="" TAG_DESCRIPTOR="http://dbpedia.org/resource/Chinese_people" ent_type="" ent_class="" comment="" external_ref="http://dbpedia.org/resource/Chinese_people" />
<ENTITY id="11" RELATED_TO="" TAG_DESCRIPTOR="http://dbpedia.org/resource/BYD_Auto" ent_type="" ent_class="" comment="" external_ref="http://dbpedia.org/resource/BYD_Auto" />
<ENTITY id="16" RELATED_TO="" TAG_DESCRIPTOR="http://dbpedia.org/resource/Henglong_(former_city)" ent_type="" ent_class="" comment="" external_ref="http://dbpedia.org/resource/Henglong_(former_city)" />
<ENTITY id="23" RELATED_TO="" TAG_DESCRIPTOR="http://dbpedia.org/resource/China_automotive_industry" ent_type="PER" ent_class="" comment="" external_ref="http://dbpedia.org/resource/China_automotive_industry" />
<ENTITY id="24" RELATED_TO="" TAG_DESCRIPTOR="http://dbpedia.org/resource/Chery" ent_type="PER" ent_class="" comment="" external_ref="http://dbpedia.org/resource/Chery" />
<ENTITY id="25" RELATED_TO="" TAG_DESCRIPTOR="http://dbpedia.org/resource/Geely_Auto" ent_type="PER" ent_class="" comment="" external_ref="http://dbpedia.org/resource/Geely_Auto" />
<ENTITY id="26" RELATED_TO="" TAG_DESCRIPTOR="http://dbpedia.org/resource/FAW-Volkswagen" ent_type="PER" ent_class="" comment="" external_ref="http://dbpedia.org/resource/FAW-Volkswagen" />
</Markables>

<Relations>
<REFERS_TO id="433598" >
<source id="10" />
<target id="11" />
</REFERS_TO>
<REFERS_TO id="433599" >
<source id="7" />
<target id="8" />
</REFERS_TO>
<REFERS_TO id="433977" >
<source id="1" />
<target id="23" />
</REFERS_TO>
<REFERS_TO id="433978" >
<source id="3" />
<target id="23" />
</REFERS_TO>
<REFERS_TO id="433979" >
<source id="6" />
<target id="23" />
</REFERS_TO>
<REFERS_TO id="433980" >
<source id="14" />
<target id="23" />
</REFERS_TO>
<REFERS_TO id="433981" >
<source id="18" />
<target id="23" />
</REFERS_TO>
<REFERS_TO id="433982" >
<source id="9" />
<target id="24" />
</REFERS_TO>
<REFERS_TO id="433983" >
<source id="12" />
<target id="25" />
</REFERS_TO>
<REFERS_TO id="433984" >
<source id="13" />
<target id="26" />
</REFERS_TO>
</Relations>
</Document>
