<Document doc_name="4SK4-PY40-TX4S-W0X0.xml">
<token id="1" sentence="0" number="0">Porsche</token>
<token id="2" sentence="0" number="1">Officially</token>
<token id="3" sentence="0" number="2">Registers</token>
<token id="4" sentence="0" number="3">VW</token>
<token id="5" sentence="0" number="4">Takeover</token>
<token id="6" sentence="0" number="5">Plan</token>
<token id="7" sentence="0" number="6">with</token>
<token id="8" sentence="0" number="7">EU</token>
<token id="9" sentence="1" number="0">Porsche</token>
<token id="10" sentence="1" number="1">has</token>
<token id="11" sentence="1" number="2">confirmed</token>
<token id="12" sentence="1" number="3">that</token>
<token id="13" sentence="1" number="4">it</token>
<token id="14" sentence="1" number="5">has</token>
<token id="15" sentence="1" number="6">registered</token>
<token id="16" sentence="1" number="7">its</token>
<token id="17" sentence="1" number="8">plan</token>
<token id="18" sentence="1" number="9">to</token>
<token id="19" sentence="1" number="10">gain</token>
<token id="20" sentence="1" number="11">a</token>
<token id="21" sentence="1" number="12">majority</token>
<token id="22" sentence="1" number="13">shareholding</token>
<token id="23" sentence="1" number="14">in</token>
<token id="24" sentence="1" number="15">the</token>
<token id="25" sentence="1" number="16">Volkswagen</token>
<token id="26" sentence="1" number="17">(</token>
<token id="27" sentence="1" number="18">VW</token>
<token id="28" sentence="1" number="19">)</token>
<token id="29" sentence="1" number="20">Group</token>
<token id="30" sentence="1" number="21">with</token>
<token id="31" sentence="1" number="22">the</token>
<token id="32" sentence="1" number="23">European</token>
<token id="33" sentence="1" number="24">Commission</token>
<token id="34" sentence="1" number="25">(</token>
<token id="35" sentence="1" number="26">EC</token>
<token id="36" sentence="1" number="27">)</token>
<token id="37" sentence="1" number="28">according</token>
<token id="38" sentence="1" number="29">to</token>
<token id="39" sentence="1" number="30">theFinancial</token>
<token id="40" sentence="1" number="31">Times</token>
<token id="41" sentence="1" number="32">Deutschland</token>
<token id="42" sentence="1" number="33">.</token>
<token id="43" sentence="2" number="0">The</token>
<token id="44" sentence="2" number="1">European</token>
<token id="45" sentence="2" number="2">Union</token>
<token id="46" sentence="2" number="3">(</token>
<token id="47" sentence="2" number="4">EU</token>
<token id="48" sentence="2" number="5">)</token>
<token id="49" sentence="2" number="6">competition</token>
<token id="50" sentence="2" number="7">authorities</token>
<token id="51" sentence="2" number="8">have</token>
<token id="52" sentence="2" number="9">already</token>
<token id="53" sentence="2" number="10">said</token>
<token id="54" sentence="2" number="11">that</token>
<token id="55" sentence="2" number="12">they</token>
<token id="56" sentence="2" number="13">are</token>
<token id="57" sentence="2" number="14">likely</token>
<token id="58" sentence="2" number="15">to</token>
<token id="59" sentence="2" number="16">reach</token>
<token id="60" sentence="2" number="17">a</token>
<token id="61" sentence="2" number="18">decision</token>
<token id="62" sentence="2" number="19">by</token>
<token id="63" sentence="2" number="20">18</token>
<token id="64" sentence="2" number="21">June</token>
<token id="65" sentence="2" number="22">on</token>
<token id="66" sentence="2" number="23">whether</token>
<token id="67" sentence="2" number="24">Porsche</token>
<token id="68" sentence="2" number="25">buying</token>
<token id="69" sentence="2" number="26">into</token>
<token id="70" sentence="2" number="27">VW</token>
<token id="71" sentence="2" number="28">will</token>
<token id="72" sentence="2" number="29">create</token>
<token id="73" sentence="2" number="30">a</token>
<token id="74" sentence="2" number="31">monopoly</token>
<token id="75" sentence="2" number="32">in</token>
<token id="76" sentence="2" number="33">the</token>
<token id="77" sentence="2" number="34">German</token>
<token id="78" sentence="2" number="35">automotive</token>
<token id="79" sentence="2" number="36">industry</token>
<token id="80" sentence="2" number="37">.</token>
<token id="81" sentence="3" number="0">Significance</token>
<token id="82" sentence="3" number="1">:</token>
<token id="83" sentence="3" number="2">Porsche</token>
<token id="84" sentence="3" number="3">'s</token>
<token id="85" sentence="3" number="4">statement</token>
<token id="86" sentence="3" number="5">is</token>
<token id="87" sentence="3" number="6">part</token>
<token id="88" sentence="3" number="7">of</token>
<token id="89" sentence="3" number="8">the</token>
<token id="90" sentence="3" number="9">legal</token>
<token id="91" sentence="3" number="10">procedure</token>
<token id="92" sentence="3" number="11">in</token>
<token id="93" sentence="3" number="12">its</token>
<token id="94" sentence="3" number="13">bid</token>
<token id="95" sentence="3" number="14">to</token>
<token id="96" sentence="3" number="15">gain</token>
<token id="97" sentence="3" number="16">a</token>
<token id="98" sentence="3" number="17">majority</token>
<token id="99" sentence="3" number="18">shareholding</token>
<token id="100" sentence="3" number="19">in</token>
<token id="101" sentence="3" number="20">Europe</token>
<token id="102" sentence="3" number="21">'s</token>
<token id="103" sentence="3" number="22">largest</token>
<token id="104" sentence="3" number="23">volume</token>
<token id="105" sentence="3" number="24">carmaker</token>
<token id="106" sentence="3" number="25">.</token>
<token id="107" sentence="4" number="0">Porsche</token>
<token id="108" sentence="4" number="1">is</token>
<token id="109" sentence="4" number="2">planning</token>
<token id="110" sentence="4" number="3">to</token>
<token id="111" sentence="4" number="4">increase</token>
<token id="112" sentence="4" number="5">its</token>
<token id="113" sentence="4" number="6">stake</token>
<token id="114" sentence="4" number="7">in</token>
<token id="115" sentence="4" number="8">VW</token>
<token id="116" sentence="4" number="9">from</token>
<token id="117" sentence="4" number="10">around</token>
<token id="118" sentence="4" number="11">30.8</token>
<token id="119" sentence="4" number="12">%</token>
<token id="120" sentence="4" number="13">to</token>
<token id="121" sentence="4" number="14">more</token>
<token id="122" sentence="4" number="15">than</token>
<token id="123" sentence="4" number="16">50</token>
<token id="124" sentence="4" number="17">%</token>
<token id="125" sentence="4" number="18">as</token>
<token id="126" sentence="4" number="19">soon</token>
<token id="127" sentence="4" number="20">as</token>
<token id="128" sentence="4" number="21">the</token>
<token id="129" sentence="4" number="22">EC</token>
<token id="130" sentence="4" number="23">and</token>
<token id="131" sentence="4" number="24">15</token>
<token id="132" sentence="4" number="25">further</token>
<token id="133" sentence="4" number="26">anti-trust</token>
<token id="134" sentence="4" number="27">authorities</token>
<token id="135" sentence="4" number="28">give</token>
<token id="136" sentence="4" number="29">the</token>
<token id="137" sentence="4" number="30">acquisition</token>
<token id="138" sentence="4" number="31">the</token>
<token id="139" sentence="4" number="32">green</token>
<token id="140" sentence="4" number="33">light</token>
<token id="141" sentence="4" number="34">.</token>
<token id="142" sentence="5" number="0">It</token>
<token id="143" sentence="5" number="1">is</token>
<token id="144" sentence="5" number="2">confident</token>
<token id="145" sentence="5" number="3">that</token>
<token id="146" sentence="5" number="4">it</token>
<token id="147" sentence="5" number="5">will</token>
<token id="148" sentence="5" number="6">be</token>
<token id="149" sentence="5" number="7">free</token>
<token id="150" sentence="5" number="8">to</token>
<token id="151" sentence="5" number="9">acquire</token>
<token id="152" sentence="5" number="10">a</token>
<token id="153" sentence="5" number="11">majority</token>
<token id="154" sentence="5" number="12">stake</token>
<token id="155" sentence="5" number="13">later</token>
<token id="156" sentence="5" number="14">this</token>
<token id="157" sentence="5" number="15">year</token>
<token id="158" sentence="5" number="16">.</token>
<token id="159" sentence="6" number="0">Porsche</token>
<token id="160" sentence="6" number="1">is</token>
<token id="161" sentence="6" number="2">going</token>
<token id="162" sentence="6" number="3">ahead</token>
<token id="163" sentence="6" number="4">with</token>
<token id="164" sentence="6" number="5">acquiring</token>
<token id="165" sentence="6" number="6">a</token>
<token id="166" sentence="6" number="7">majority</token>
<token id="167" sentence="6" number="8">shareholding</token>
<token id="168" sentence="6" number="9">despite</token>
<token id="169" sentence="6" number="10">the</token>
<token id="170" sentence="6" number="11">fact</token>
<token id="171" sentence="6" number="12">that</token>
<token id="172" sentence="6" number="13">there</token>
<token id="173" sentence="6" number="14">is</token>
<token id="174" sentence="6" number="15">still</token>
<token id="175" sentence="6" number="16">some</token>
<token id="176" sentence="6" number="17">uncertainty</token>
<token id="177" sentence="6" number="18">over</token>
<token id="178" sentence="6" number="19">the</token>
<token id="179" sentence="6" number="20">German</token>
<token id="180" sentence="6" number="21">government</token>
<token id="181" sentence="6" number="22">'s</token>
<token id="182" sentence="6" number="23">drafting</token>
<token id="183" sentence="6" number="24">of</token>
<token id="184" sentence="6" number="25">a</token>
<token id="185" sentence="6" number="26">new</token>
<token id="186" sentence="6" number="27">VW</token>
<token id="187" sentence="6" number="28">Law</token>
<token id="188" sentence="6" number="29">attempting</token>
<token id="189" sentence="6" number="30">to</token>
<token id="190" sentence="6" number="31">retain</token>
<token id="191" sentence="6" number="32">the</token>
<token id="192" sentence="6" number="33">controversial</token>
<token id="193" sentence="6" number="34">blocking</token>
<token id="194" sentence="6" number="35">minority</token>
<token id="195" sentence="6" number="36">,</token>
<token id="196" sentence="6" number="37">which</token>
<token id="197" sentence="6" number="38">could</token>
<token id="198" sentence="6" number="39">thwart</token>
<token id="199" sentence="6" number="40">Porsche</token>
<token id="200" sentence="6" number="41">'s</token>
<token id="201" sentence="6" number="42">managerial</token>
<token id="202" sentence="6" number="43">control</token>
<token id="203" sentence="6" number="44">of</token>
<token id="204" sentence="6" number="45">VW</token>
<token id="205" sentence="6" number="46">.</token>


<Markables>
<ENTITY_MENTION id="15" syntactic_type="" head="" comment=""  >
<token_anchor id="67"/>
</ENTITY_MENTION>
<ENTITY_MENTION id="17" syntactic_type="" head="" comment=""  >
<token_anchor id="70"/>
</ENTITY_MENTION>
<ENTITY_MENTION id="19" syntactic_type="" head="" comment=""  >
<token_anchor id="77"/>
</ENTITY_MENTION>
<ENTITY_MENTION id="21" syntactic_type="" head="" comment=""  >
<token_anchor id="83"/>
</ENTITY_MENTION>
<ENTITY_MENTION id="23" syntactic_type="" head="" comment=""  >
<token_anchor id="101"/>
</ENTITY_MENTION>
<ENTITY_MENTION id="25" syntactic_type="" head="" comment=""  >
<token_anchor id="107"/>
</ENTITY_MENTION>
<ENTITY_MENTION id="27" syntactic_type="" head="" comment=""  >
<token_anchor id="115"/>
</ENTITY_MENTION>
<ENTITY_MENTION id="29" syntactic_type="" head="" comment=""  >
<token_anchor id="129"/>
</ENTITY_MENTION>
<ENTITY_MENTION id="31" syntactic_type="" head="" comment=""  >
<token_anchor id="159"/>
</ENTITY_MENTION>
<ENTITY_MENTION id="33" syntactic_type="" head="" comment=""  >
<token_anchor id="179"/>
</ENTITY_MENTION>
<ENTITY_MENTION id="35" syntactic_type="" head="" comment=""  >
<token_anchor id="186"/>
<token_anchor id="187"/>
</ENTITY_MENTION>
<ENTITY_MENTION id="36" syntactic_type="" head="" comment=""  >
<token_anchor id="199"/>
</ENTITY_MENTION>
<ENTITY_MENTION id="39" head="" syntactic_type="" comment=""  >
<token_anchor id="1"/>
</ENTITY_MENTION>
<ENTITY_MENTION id="40" head="" syntactic_type="" comment=""  >
<token_anchor id="4"/>
</ENTITY_MENTION>
<ENTITY_MENTION id="42" head="" syntactic_type="" comment=""  >
<token_anchor id="204"/>
</ENTITY_MENTION>
<ENTITY_MENTION id="43" head="" syntactic_type="" comment=""  >
<token_anchor id="27"/>
</ENTITY_MENTION>
<ENTITY_MENTION id="1" syntactic_type="" head="" comment=""  >
<token_anchor id="8"/>
</ENTITY_MENTION>
<ENTITY_MENTION id="3" syntactic_type="" head="" comment=""  >
<token_anchor id="9"/>
</ENTITY_MENTION>
<ENTITY_MENTION id="5" syntactic_type="" head="" comment=""  >
<token_anchor id="25"/>
</ENTITY_MENTION>
<ENTITY_MENTION id="6" syntactic_type="" head="" comment=""  >
<token_anchor id="32"/>
<token_anchor id="33"/>
</ENTITY_MENTION>
<ENTITY_MENTION id="8" syntactic_type="" head="" comment=""  >
<token_anchor id="35"/>
</ENTITY_MENTION>
<ENTITY_MENTION id="10" syntactic_type="" head="" comment=""  >
<token_anchor id="39"/>
<token_anchor id="40"/>
<token_anchor id="41"/>
</ENTITY_MENTION>
<ENTITY_MENTION id="11" syntactic_type="" head="" comment=""  >
<token_anchor id="44"/>
<token_anchor id="45"/>
</ENTITY_MENTION>
<ENTITY_MENTION id="13" syntactic_type="" head="" comment=""  >
<token_anchor id="47"/>
</ENTITY_MENTION>
<SIGNAL id="38" comment=""  >
<token_anchor id="7"/>
</SIGNAL>


<ENTITY id="2" RELATED_TO="" TAG_DESCRIPTOR="http://dbpedia.org/resource/Europe" ent_type="" ent_class="" comment="" external_ref="http://dbpedia.org/resource/Europe" />
<ENTITY id="4" RELATED_TO="" TAG_DESCRIPTOR="http://dbpedia.org/resource/Porsche" ent_type="" ent_class="" comment="" external_ref="http://dbpedia.org/resource/Porsche" />
<ENTITY id="7" RELATED_TO="" TAG_DESCRIPTOR="http://dbpedia.org/resource/European_Commission" ent_type="" ent_class="" comment="" external_ref="http://dbpedia.org/resource/European_Commission" />
<ENTITY id="9" RELATED_TO="" TAG_DESCRIPTOR="http://dbpedia.org/resource/EC_Comics" ent_type="" ent_class="" comment="" external_ref="http://dbpedia.org/resource/EC_Comics" />
<ENTITY id="12" RELATED_TO="" TAG_DESCRIPTOR="http://dbpedia.org/resource/European_Union" ent_type="" ent_class="" comment="" external_ref="http://dbpedia.org/resource/European_Union" />
<ENTITY id="14" RELATED_TO="" TAG_DESCRIPTOR="http://dbpedia.org/resource/Europe" ent_type="" ent_class="" comment="" external_ref="http://dbpedia.org/resource/Europe" />
<ENTITY id="16" RELATED_TO="" TAG_DESCRIPTOR="http://dbpedia.org/resource/Porsche" ent_type="" ent_class="" comment="" external_ref="http://dbpedia.org/resource/Porsche" />
<ENTITY id="18" RELATED_TO="" TAG_DESCRIPTOR="http://dbpedia.org/resource/Volkswagen_Group" ent_type="" ent_class="" comment="" external_ref="http://dbpedia.org/resource/Volkswagen_Group" />
<ENTITY id="20" RELATED_TO="" TAG_DESCRIPTOR="http://dbpedia.org/resource/Germany" ent_type="" ent_class="" comment="" external_ref="http://dbpedia.org/resource/Germany" />
<ENTITY id="22" RELATED_TO="" TAG_DESCRIPTOR="http://dbpedia.org/resource/Porsche" ent_type="" ent_class="" comment="" external_ref="http://dbpedia.org/resource/Porsche" />
<ENTITY id="24" RELATED_TO="" TAG_DESCRIPTOR="http://dbpedia.org/resource/European_Union" ent_type="" ent_class="" comment="" external_ref="http://dbpedia.org/resource/European_Union" />
<ENTITY id="26" RELATED_TO="" TAG_DESCRIPTOR="http://dbpedia.org/resource/Porsche" ent_type="" ent_class="" comment="" external_ref="http://dbpedia.org/resource/Porsche" />
<ENTITY id="28" RELATED_TO="" TAG_DESCRIPTOR="http://dbpedia.org/resource/Volkswagen_Group" ent_type="" ent_class="" comment="" external_ref="http://dbpedia.org/resource/Volkswagen_Group" />
<ENTITY id="30" RELATED_TO="" TAG_DESCRIPTOR="http://dbpedia.org/resource/EC_Comics" ent_type="" ent_class="" comment="" external_ref="http://dbpedia.org/resource/EC_Comics" />
<ENTITY id="32" RELATED_TO="" TAG_DESCRIPTOR="http://dbpedia.org/resource/Porsche" ent_type="" ent_class="" comment="" external_ref="http://dbpedia.org/resource/Porsche" />
<ENTITY id="34" RELATED_TO="" TAG_DESCRIPTOR="http://dbpedia.org/resource/Germany" ent_type="" ent_class="" comment="" external_ref="http://dbpedia.org/resource/Germany" />
<ENTITY id="37" RELATED_TO="" TAG_DESCRIPTOR="http://dbpedia.org/resource/Porsche" ent_type="" ent_class="" comment="" external_ref="http://dbpedia.org/resource/Porsche" />
<ENTITY id="41" RELATED_TO="" TAG_DESCRIPTOR="http://dbpedia.org/resource/Financial_Times_Deutschland" ent_type="PER" ent_class="" comment="" external_ref="http://dbpedia.org/resource/Financial_Times_Deutschland" />
</Markables>

<Relations>
<REFERS_TO id="433601" >
<source id="8" />
<target id="7" />
</REFERS_TO>
<REFERS_TO id="433602" >
<source id="11" />
<target id="12" />
</REFERS_TO>
<REFERS_TO id="433603" >
<source id="25" />
<target id="26" />
</REFERS_TO>
<REFERS_TO id="433604" >
<source id="13" />
<target id="24" />
</REFERS_TO>
<REFERS_TO id="433605" >
<source id="19" />
<target id="20" />
</REFERS_TO>
<REFERS_TO id="433606" >
<source id="15" />
<target id="16" />
</REFERS_TO>
<REFERS_TO id="433607" >
<source id="21" />
<target id="22" />
</REFERS_TO>
<REFERS_TO id="433608" >
<source id="17" />
<target id="18" />
</REFERS_TO>
<REFERS_TO id="433609" >
<source id="29" />
<target id="7" />
</REFERS_TO>
<REFERS_TO id="433610" >
<source id="27" />
<target id="28" />
</REFERS_TO>
<REFERS_TO id="433611" >
<source id="33" />
<target id="34" />
</REFERS_TO>
<REFERS_TO id="433612" >
<source id="31" />
<target id="32" />
</REFERS_TO>
<REFERS_TO id="433613" >
<source id="1" />
<target id="24" />
</REFERS_TO>
<REFERS_TO id="433614" >
<source id="36" />
<target id="37" />
</REFERS_TO>
<REFERS_TO id="433615" >
<source id="3" />
<target id="4" />
</REFERS_TO>
<REFERS_TO id="433616" >
<source id="23" />
<target id="2" />
</REFERS_TO>
<REFERS_TO id="433617" >
<source id="6" />
<target id="7" />
</REFERS_TO>
<REFERS_TO id="433973" >
<source id="39" />
<target id="37" />
</REFERS_TO>
<REFERS_TO id="433974" >
<source id="40" />
<target id="18" />
</REFERS_TO>
<REFERS_TO id="433975" >
<source id="10" />
<target id="41" />
</REFERS_TO>
<REFERS_TO id="433976" >
<source id="42" />
<target id="18" />
</REFERS_TO>
<REFERS_TO id="434044" >
<source id="43" />
<target id="28" />
</REFERS_TO>
</Relations>
</Document>
