<Document doc_name="4SK6-6650-TX4F-90TC.xml">
<token id="1" sentence="0" number="0">MOTOR</token>
<token id="2" sentence="0" number="1">SPARES</token>
<token id="3" sentence="1" number="0">MOTOR</token>
<token id="4" sentence="1" number="1">SPARES</token>
<token id="5" sentence="1" number="2">Have</token>
<token id="6" sentence="1" number="3">South</token>
<token id="7" sentence="1" number="4">Africans</token>
<token id="8" sentence="1" number="5">missed</token>
<token id="9" sentence="1" number="6">out</token>
<token id="10" sentence="1" number="7">again</token>
<token id="11" sentence="1" number="8">?</token>
<token id="12" sentence="2" number="0">TATA</token>
<token id="13" sentence="2" number="1">has</token>
<token id="14" sentence="2" number="2">announced</token>
<token id="15" sentence="2" number="3">that</token>
<token id="16" sentence="2" number="4">it</token>
<token id="17" sentence="2" number="5">will</token>
<token id="18" sentence="2" number="6">build</token>
<token id="19" sentence="2" number="7">a</token>
<token id="20" sentence="2" number="8">bus</token>
<token id="21" sentence="2" number="9">assembly</token>
<token id="22" sentence="2" number="10">plant</token>
<token id="23" sentence="2" number="11">in</token>
<token id="24" sentence="2" number="12">Mombasa</token>
<token id="25" sentence="2" number="13">,</token>
<token id="26" sentence="2" number="14">Kenya</token>
<token id="27" sentence="2" number="15">.</token>
<token id="28" sentence="3" number="0">The</token>
<token id="29" sentence="3" number="1">plant</token>
<token id="30" sentence="3" number="2">will</token>
<token id="31" sentence="3" number="3">assemble</token>
<token id="32" sentence="3" number="4">between</token>
<token id="33" sentence="3" number="5">10</token>
<token id="34" sentence="3" number="6">and</token>
<token id="35" sentence="3" number="7">60</token>
<token id="36" sentence="3" number="8">buses</token>
<token id="37" sentence="3" number="9">a</token>
<token id="38" sentence="3" number="10">month</token>
<token id="39" sentence="3" number="11">,</token>
<token id="40" sentence="3" number="12">mainly</token>
<token id="41" sentence="3" number="13">for</token>
<token id="42" sentence="3" number="14">the</token>
<token id="43" sentence="3" number="15">central</token>
<token id="44" sentence="3" number="16">African</token>
<token id="45" sentence="3" number="17">region</token>
<token id="46" sentence="3" number="18">.</token>
<token id="47" sentence="4" number="0">The</token>
<token id="48" sentence="4" number="1">plant</token>
<token id="49" sentence="4" number="2">will</token>
<token id="50" sentence="4" number="3">commence</token>
<token id="51" sentence="4" number="4">operations</token>
<token id="52" sentence="4" number="5">next</token>
<token id="53" sentence="4" number="6">year</token>
<token id="54" sentence="4" number="7">.</token>
<token id="55" sentence="5" number="0">BMW</token>
<token id="56" sentence="5" number="1">,</token>
<token id="57" sentence="5" number="2">Mercedes</token>
<token id="58" sentence="5" number="3">join</token>
<token id="59" sentence="5" number="4">forces</token>
<token id="60" sentence="5" number="5">IT</token>
<token id="61" sentence="5" number="6">HAS</token>
<token id="62" sentence="5" number="7">been</token>
<token id="63" sentence="5" number="8">expected</token>
<token id="64" sentence="5" number="9">for</token>
<token id="65" sentence="5" number="10">some</token>
<token id="66" sentence="5" number="11">time</token>
<token id="67" sentence="5" number="12">now</token>
<token id="68" sentence="5" number="13">that</token>
<token id="69" sentence="5" number="14">BMW</token>
<token id="70" sentence="5" number="15">and</token>
<token id="71" sentence="5" number="16">Mercedes-Benz</token>
<token id="72" sentence="5" number="17">would</token>
<token id="73" sentence="5" number="18">be</token>
<token id="74" sentence="5" number="19">forced</token>
<token id="75" sentence="5" number="20">into</token>
<token id="76" sentence="5" number="21">co-operation</token>
<token id="77" sentence="5" number="22">to</token>
<token id="78" sentence="5" number="23">compete</token>
<token id="79" sentence="5" number="24">against</token>
<token id="80" sentence="5" number="25">the</token>
<token id="81" sentence="5" number="26">mighty</token>
<token id="82" sentence="5" number="27">internal</token>
<token id="83" sentence="5" number="28">power</token>
<token id="84" sentence="5" number="29">of</token>
<token id="85" sentence="5" number="30">the</token>
<token id="86" sentence="5" number="31">Volkswagen/Audi</token>
<token id="87" sentence="5" number="32">group</token>
<token id="88" sentence="5" number="33">and</token>
<token id="89" sentence="5" number="34">Toyota/Lexus</token>
<token id="90" sentence="5" number="35">,</token>
<token id="91" sentence="5" number="36">but</token>
<token id="92" sentence="5" number="37">now</token>
<token id="93" sentence="5" number="38">it</token>
<token id="94" sentence="5" number="39">has</token>
<token id="95" sentence="5" number="40">been</token>
<token id="96" sentence="5" number="41">confirmed</token>
<token id="97" sentence="5" number="42">.</token>
<token id="98" sentence="6" number="0">Spokesmen</token>
<token id="99" sentence="6" number="1">for</token>
<token id="100" sentence="6" number="2">both</token>
<token id="101" sentence="6" number="3">companies</token>
<token id="102" sentence="6" number="4">have</token>
<token id="103" sentence="6" number="5">said</token>
<token id="104" sentence="6" number="6">discussions</token>
<token id="105" sentence="6" number="7">are</token>
<token id="106" sentence="6" number="8">under</token>
<token id="107" sentence="6" number="9">way</token>
<token id="108" sentence="6" number="10">regarding</token>
<token id="109" sentence="6" number="11">collaboration</token>
<token id="110" sentence="6" number="12">on</token>
<token id="111" sentence="6" number="13">development</token>
<token id="112" sentence="6" number="14">and</token>
<token id="113" sentence="6" number="15">production</token>
<token id="114" sentence="6" number="16">of</token>
<token id="115" sentence="6" number="17">parts</token>
<token id="116" sentence="6" number="18">.</token>
<token id="117" sentence="7" number="0">Ford</token>
<token id="118" sentence="7" number="1">to</token>
<token id="119" sentence="7" number="2">cut</token>
<token id="120" sentence="7" number="3">down</token>
<token id="121" sentence="7" number="4">on</token>
<token id="122" sentence="7" number="5">Volvos</token>
<token id="123" sentence="7" number="6">PARENT</token>
<token id="124" sentence="7" number="7">company</token>
<token id="125" sentence="7" number="8">Ford</token>
<token id="126" sentence="7" number="9">is</token>
<token id="127" sentence="7" number="10">cutting</token>
<token id="128" sentence="7" number="11">production</token>
<token id="129" sentence="7" number="12">at</token>
<token id="130" sentence="7" number="13">its</token>
<token id="131" sentence="7" number="14">Swedish</token>
<token id="132" sentence="7" number="15">luxury</token>
<token id="133" sentence="7" number="16">brand</token>
<token id="134" sentence="7" number="17">Volvo</token>
<token id="135" sentence="7" number="18">in</token>
<token id="136" sentence="7" number="19">a</token>
<token id="137" sentence="7" number="20">bid</token>
<token id="138" sentence="7" number="21">to</token>
<token id="139" sentence="7" number="22">cut</token>
<token id="140" sentence="7" number="23">losses</token>
<token id="141" sentence="7" number="24">.</token>
<token id="142" sentence="8" number="0">Ford</token>
<token id="143" sentence="8" number="1">executives</token>
<token id="144" sentence="8" number="2">have</token>
<token id="145" sentence="8" number="3">confirmed</token>
<token id="146" sentence="8" number="4">to</token>
<token id="147" sentence="8" number="5">the</token>
<token id="148" sentence="8" number="6">Wall</token>
<token id="149" sentence="8" number="7">Street</token>
<token id="150" sentence="8" number="8">Journal</token>
<token id="151" sentence="8" number="9">that</token>
<token id="152" sentence="8" number="10">CEO</token>
<token id="153" sentence="8" number="11">Alan</token>
<token id="154" sentence="8" number="12">Mulally</token>
<token id="155" sentence="8" number="13">is</token>
<token id="156" sentence="8" number="14">implementing</token>
<token id="157" sentence="8" number="15">a</token>
<token id="158" sentence="8" number="16">new</token>
<token id="159" sentence="8" number="17">business</token>
<token id="160" sentence="8" number="18">plan</token>
<token id="161" sentence="8" number="19">to</token>
<token id="162" sentence="8" number="20">return</token>
<token id="163" sentence="8" number="21">Volvo</token>
<token id="164" sentence="8" number="22">to</token>
<token id="165" sentence="8" number="23">profitability</token>
<token id="166" sentence="8" number="24">ahead</token>
<token id="167" sentence="8" number="25">of</token>
<token id="168" sentence="8" number="26">its</token>
<token id="169" sentence="8" number="27">eventual</token>
<token id="170" sentence="8" number="28">sale</token>
<token id="171" sentence="8" number="29">.</token>
<token id="172" sentence="9" number="0">Toyota</token>
<token id="173" sentence="9" number="1">flies</token>
<token id="174" sentence="9" number="2">into</token>
<token id="175" sentence="9" number="3">jet</token>
<token id="176" sentence="9" number="4">business</token>
<token id="177" sentence="9" number="5">FOLLOWING</token>
<token id="178" sentence="9" number="6">the</token>
<token id="179" sentence="9" number="7">launch</token>
<token id="180" sentence="9" number="8">of</token>
<token id="181" sentence="9" number="9">the</token>
<token id="182" sentence="9" number="10">new</token>
<token id="183" sentence="9" number="11">Honda</token>
<token id="184" sentence="9" number="12">Jet</token>
<token id="185" sentence="9" number="13">,</token>
<token id="186" sentence="9" number="14">Toyota</token>
<token id="187" sentence="9" number="15">is</token>
<token id="188" sentence="9" number="16">now</token>
<token id="189" sentence="9" number="17">looking</token>
<token id="190" sentence="9" number="18">at</token>
<token id="191" sentence="9" number="19">partnering</token>
<token id="192" sentence="9" number="20">with</token>
<token id="193" sentence="9" number="21">Mitsubishi</token>
<token id="194" sentence="9" number="22">on</token>
<token id="195" sentence="9" number="23">a</token>
<token id="196" sentence="9" number="24">new</token>
<token id="197" sentence="9" number="25">Japanese-built</token>
<token id="198" sentence="9" number="26">aircraft</token>
<token id="199" sentence="9" number="27">.</token>
<token id="200" sentence="10" number="0">Already</token>
<token id="201" sentence="10" number="1">under</token>
<token id="202" sentence="10" number="2">development</token>
<token id="203" sentence="10" number="3">the</token>
<token id="204" sentence="10" number="4">Mitsubishi</token>
<token id="205" sentence="10" number="5">Regional</token>
<token id="206" sentence="10" number="6">Jet</token>
<token id="207" sentence="10" number="7">will</token>
<token id="208" sentence="10" number="8">be</token>
<token id="209" sentence="10" number="9">a</token>
<token id="210" sentence="10" number="10">twin</token>
<token id="211" sentence="10" number="11">engine</token>
<token id="212" sentence="10" number="12">aircraft</token>
<token id="213" sentence="10" number="13">seating</token>
<token id="214" sentence="10" number="14">70-90</token>
<token id="215" sentence="10" number="15">people</token>
<token id="216" sentence="10" number="16">and</token>
<token id="217" sentence="10" number="17">will</token>
<token id="218" sentence="10" number="18">go</token>
<token id="219" sentence="10" number="19">on</token>
<token id="220" sentence="10" number="20">sale</token>
<token id="221" sentence="10" number="21">in</token>
<token id="222" sentence="10" number="22">2012</token>
<token id="223" sentence="10" number="23">.</token>
<token id="224" sentence="11" number="0">Ford</token>
<token id="225" sentence="11" number="1">SA</token>
<token id="226" sentence="11" number="2">adds</token>
<token id="227" sentence="11" number="3">railway</token>
<token id="228" sentence="11" number="4">siding</token>
<token id="229" sentence="11" number="5">FORD</token>
<token id="230" sentence="11" number="6">Motor</token>
<token id="231" sentence="11" number="7">Company</token>
<token id="232" sentence="11" number="8">SA</token>
<token id="233" sentence="11" number="9">has</token>
<token id="234" sentence="11" number="10">opened</token>
<token id="235" sentence="11" number="11">its</token>
<token id="236" sentence="11" number="12">own</token>
<token id="237" sentence="11" number="13">railway</token>
<token id="238" sentence="11" number="14">siding</token>
<token id="239" sentence="11" number="15">to</token>
<token id="240" sentence="11" number="16">assist</token>
<token id="241" sentence="11" number="17">in</token>
<token id="242" sentence="11" number="18">transportation</token>
<token id="243" sentence="11" number="19">services</token>
<token id="244" sentence="11" number="20">as</token>
<token id="245" sentence="11" number="21">it</token>
<token id="246" sentence="11" number="22">expands</token>
<token id="247" sentence="11" number="23">its</token>
<token id="248" sentence="11" number="24">local</token>
<token id="249" sentence="11" number="25">manufacturing</token>
<token id="250" sentence="11" number="26">ahead</token>
<token id="251" sentence="11" number="27">of</token>
<token id="252" sentence="11" number="28">the</token>
<token id="253" sentence="11" number="29">new</token>
<token id="254" sentence="11" number="30">global</token>
<token id="255" sentence="11" number="31">pickup</token>
<token id="256" sentence="11" number="32">export</token>
<token id="257" sentence="11" number="33">programme</token>
<token id="258" sentence="11" number="34">.</token>
<token id="259" sentence="12" number="0">The</token>
<token id="260" sentence="12" number="1">siding</token>
<token id="261" sentence="12" number="2">will</token>
<token id="262" sentence="12" number="3">allow</token>
<token id="263" sentence="12" number="4">greater</token>
<token id="264" sentence="12" number="5">efficiency</token>
<token id="265" sentence="12" number="6">,</token>
<token id="266" sentence="12" number="7">says</token>
<token id="267" sentence="12" number="8">Ford</token>
<token id="268" sentence="12" number="9">,</token>
<token id="269" sentence="12" number="10">and</token>
<token id="270" sentence="12" number="11">direct</token>
<token id="271" sentence="12" number="12">transport</token>
<token id="272" sentence="12" number="13">to</token>
<token id="273" sentence="12" number="14">Silverton</token>
<token id="274" sentence="12" number="15">from</token>
<token id="275" sentence="12" number="16">Port</token>
<token id="276" sentence="12" number="17">Elizabeth</token>
<token id="277" sentence="12" number="18">.</token>
<token id="278" sentence="13" number="0">Nissan</token>
<token id="279" sentence="13" number="1">plays</token>
<token id="280" sentence="13" number="2">green</token>
<token id="281" sentence="13" number="3">catch-up</token>
<token id="282" sentence="13" number="4">NISSAN</token>
<token id="283" sentence="13" number="5">has</token>
<token id="284" sentence="13" number="6">announced</token>
<token id="285" sentence="13" number="7">it</token>
<token id="286" sentence="13" number="8">plans</token>
<token id="287" sentence="13" number="9">to</token>
<token id="288" sentence="13" number="10">begin</token>
<token id="289" sentence="13" number="11">mass</token>
<token id="290" sentence="13" number="12">production</token>
<token id="291" sentence="13" number="13">of</token>
<token id="292" sentence="13" number="14">lithium-ion</token>
<token id="293" sentence="13" number="15">batteries</token>
<token id="294" sentence="13" number="16">next</token>
<token id="295" sentence="13" number="17">year</token>
<token id="296" sentence="13" number="18">in</token>
<token id="297" sentence="13" number="19">a</token>
<token id="298" sentence="13" number="20">bid</token>
<token id="299" sentence="13" number="21">to</token>
<token id="300" sentence="13" number="22">become</token>
<token id="301" sentence="13" number="23">more</token>
<token id="302" sentence="13" number="24">involved</token>
<token id="303" sentence="13" number="25">in</token>
<token id="304" sentence="13" number="26">the</token>
<token id="305" sentence="13" number="27">low-emission</token>
<token id="306" sentence="13" number="28">vehicle</token>
<token id="307" sentence="13" number="29">market</token>
<token id="308" sentence="13" number="30">.</token>
<token id="309" sentence="14" number="0">Initial</token>
<token id="310" sentence="14" number="1">production</token>
<token id="311" sentence="14" number="2">will</token>
<token id="312" sentence="14" number="3">be</token>
<token id="313" sentence="14" number="4">13000</token>
<token id="314" sentence="14" number="5">batteries</token>
<token id="315" sentence="14" number="6">a</token>
<token id="316" sentence="14" number="7">year</token>
<token id="317" sentence="14" number="8">,</token>
<token id="318" sentence="14" number="9">but</token>
<token id="319" sentence="14" number="10">the</token>
<token id="320" sentence="14" number="11">company</token>
<token id="321" sentence="14" number="12">plans</token>
<token id="322" sentence="14" number="13">to</token>
<token id="323" sentence="14" number="14">increase</token>
<token id="324" sentence="14" number="15">this</token>
<token id="325" sentence="14" number="16">to</token>
<token id="326" sentence="14" number="17">65000</token>
<token id="327" sentence="14" number="18">by</token>
<token id="328" sentence="14" number="19">2011</token>
<token id="329" sentence="14" number="20">.</token>
<token id="330" sentence="15" number="0">Many</token>
<token id="331" sentence="15" number="1">of</token>
<token id="332" sentence="15" number="2">these</token>
<token id="333" sentence="15" number="3">will</token>
<token id="334" sentence="15" number="4">be</token>
<token id="335" sentence="15" number="5">for</token>
<token id="336" sentence="15" number="6">Nissan</token>
<token id="337" sentence="15" number="7">electric</token>
<token id="338" sentence="15" number="8">vehicles</token>
<token id="339" sentence="15" number="9">,</token>
<token id="340" sentence="15" number="10">initially</token>
<token id="341" sentence="15" number="11">only</token>
<token id="342" sentence="15" number="12">for</token>
<token id="343" sentence="15" number="13">the</token>
<token id="344" sentence="15" number="14">US</token>
<token id="345" sentence="15" number="15">market</token>
<token id="346" sentence="15" number="16">.</token>
<token id="347" sentence="16" number="0">Reports</token>
<token id="348" sentence="16" number="1">:</token>


<Markables>
<ENTITY_MENTION id="17" syntactic_type="" head="" comment=""  >
<token_anchor id="71"/>
</ENTITY_MENTION>
<ENTITY_MENTION id="19" syntactic_type="" head="" comment=""  >
<token_anchor id="86"/>
</ENTITY_MENTION>
<ENTITY_MENTION id="20" syntactic_type="" head="" comment=""  >
<token_anchor id="117"/>
</ENTITY_MENTION>
<ENTITY_MENTION id="22" syntactic_type="" head="" comment=""  >
<token_anchor id="125"/>
</ENTITY_MENTION>
<ENTITY_MENTION id="24" syntactic_type="" head="" comment=""  >
<token_anchor id="131"/>
</ENTITY_MENTION>
<ENTITY_MENTION id="26" syntactic_type="" head="" comment=""  >
<token_anchor id="134"/>
</ENTITY_MENTION>
<ENTITY_MENTION id="28" syntactic_type="" head="" comment=""  >
<token_anchor id="142"/>
</ENTITY_MENTION>
<ENTITY_MENTION id="30" syntactic_type="" head="" comment=""  >
<token_anchor id="148"/>
<token_anchor id="149"/>
<token_anchor id="150"/>
</ENTITY_MENTION>
<ENTITY_MENTION id="32" syntactic_type="" head="" comment=""  >
<token_anchor id="153"/>
<token_anchor id="154"/>
</ENTITY_MENTION>
<ENTITY_MENTION id="34" syntactic_type="" head="" comment=""  >
<token_anchor id="163"/>
</ENTITY_MENTION>
<ENTITY_MENTION id="36" syntactic_type="" head="" comment=""  >
<token_anchor id="172"/>
</ENTITY_MENTION>
<ENTITY_MENTION id="38" syntactic_type="" head="" comment=""  >
<token_anchor id="183"/>
<token_anchor id="184"/>
</ENTITY_MENTION>
<ENTITY_MENTION id="39" syntactic_type="" head="" comment=""  >
<token_anchor id="186"/>
</ENTITY_MENTION>
<ENTITY_MENTION id="41" syntactic_type="" head="" comment=""  >
<token_anchor id="193"/>
</ENTITY_MENTION>
<ENTITY_MENTION id="43" syntactic_type="" head="" comment=""  >
<token_anchor id="204"/>
<token_anchor id="205"/>
<token_anchor id="206"/>
</ENTITY_MENTION>
<ENTITY_MENTION id="45" syntactic_type="" head="" comment=""  >
<token_anchor id="224"/>
<token_anchor id="225"/>
</ENTITY_MENTION>
<ENTITY_MENTION id="46" syntactic_type="" head="" comment=""  >
<token_anchor id="229"/>
<token_anchor id="230"/>
<token_anchor id="231"/>
<token_anchor id="232"/>
</ENTITY_MENTION>
<ENTITY_MENTION id="47" syntactic_type="" head="" comment=""  >
<token_anchor id="267"/>
</ENTITY_MENTION>
<ENTITY_MENTION id="49" syntactic_type="" head="" comment=""  >
<token_anchor id="275"/>
<token_anchor id="276"/>
</ENTITY_MENTION>
<ENTITY_MENTION id="51" syntactic_type="" head="" comment=""  >
<token_anchor id="278"/>
</ENTITY_MENTION>
<ENTITY_MENTION id="53" syntactic_type="" head="" comment=""  >
<token_anchor id="282"/>
</ENTITY_MENTION>
<ENTITY_MENTION id="55" syntactic_type="" head="" comment=""  >
<token_anchor id="336"/>
</ENTITY_MENTION>
<ENTITY_MENTION id="57" syntactic_type="" head="" comment=""  >
<token_anchor id="344"/>
</ENTITY_MENTION>
<ENTITY_MENTION id="1" syntactic_type="" head="" comment=""  >
<token_anchor id="6"/>
<token_anchor id="7"/>
</ENTITY_MENTION>
<ENTITY_MENTION id="60" head="" syntactic_type="" comment=""  >
<token_anchor id="89"/>
</ENTITY_MENTION>
<ENTITY_MENTION id="3" syntactic_type="" head="" comment=""  >
<token_anchor id="12"/>
</ENTITY_MENTION>
<ENTITY_MENTION id="64" head="" syntactic_type="" comment=""  >
<token_anchor id="122"/>
</ENTITY_MENTION>
<ENTITY_MENTION id="5" syntactic_type="" head="" comment=""  >
<token_anchor id="24"/>
</ENTITY_MENTION>
<ENTITY_MENTION id="7" syntactic_type="" head="" comment=""  >
<token_anchor id="26"/>
</ENTITY_MENTION>
<ENTITY_MENTION id="9" syntactic_type="" head="" comment=""  >
<token_anchor id="43"/>
<token_anchor id="44"/>
</ENTITY_MENTION>
<ENTITY_MENTION id="11" syntactic_type="" head="" comment=""  >
<token_anchor id="55"/>
</ENTITY_MENTION>
<ENTITY_MENTION id="13" syntactic_type="" head="" comment=""  >
<token_anchor id="57"/>
</ENTITY_MENTION>
<ENTITY_MENTION id="15" syntactic_type="" head="" comment=""  >
<token_anchor id="69"/>
</ENTITY_MENTION>
<SIGNAL id="59" comment=""  >
<token_anchor id="1"/>
</SIGNAL>


<ENTITY id="2" RELATED_TO="" TAG_DESCRIPTOR="http://dbpedia.org/resource/South_Africa" ent_type="" ent_class="" comment="" external_ref="http://dbpedia.org/resource/South_Africa" />
<ENTITY id="4" RELATED_TO="" TAG_DESCRIPTOR="http://dbpedia.org/resource/Tata_Motors" ent_type="" ent_class="" comment="" external_ref="http://dbpedia.org/resource/Tata_Motors" />
<ENTITY id="6" RELATED_TO="" TAG_DESCRIPTOR="http://dbpedia.org/resource/Mombasa" ent_type="" ent_class="" comment="" external_ref="http://dbpedia.org/resource/Mombasa" />
<ENTITY id="8" RELATED_TO="" TAG_DESCRIPTOR="http://dbpedia.org/resource/Kenya" ent_type="" ent_class="" comment="" external_ref="http://dbpedia.org/resource/Kenya" />
<ENTITY id="10" RELATED_TO="" TAG_DESCRIPTOR="http://dbpedia.org/resource/Central_Africa" ent_type="" ent_class="" comment="" external_ref="http://dbpedia.org/resource/Central_Africa" />
<ENTITY id="12" RELATED_TO="" TAG_DESCRIPTOR="http://dbpedia.org/resource/BMW" ent_type="" ent_class="" comment="" external_ref="http://dbpedia.org/resource/BMW" />
<ENTITY id="14" RELATED_TO="" TAG_DESCRIPTOR="http://dbpedia.org/resource/Mercedes-Benz" ent_type="" ent_class="" comment="" external_ref="http://dbpedia.org/resource/Mercedes-Benz" />
<ENTITY id="16" RELATED_TO="" TAG_DESCRIPTOR="http://dbpedia.org/resource/BMW" ent_type="" ent_class="" comment="" external_ref="http://dbpedia.org/resource/BMW" />
<ENTITY id="18" RELATED_TO="" TAG_DESCRIPTOR="http://dbpedia.org/resource/Mercedes-Benz" ent_type="" ent_class="" comment="" external_ref="http://dbpedia.org/resource/Mercedes-Benz" />
<ENTITY id="21" RELATED_TO="" TAG_DESCRIPTOR="http://dbpedia.org/resource/Ford_Germany" ent_type="" ent_class="" comment="" external_ref="http://dbpedia.org/resource/Ford_Germany" />
<ENTITY id="23" RELATED_TO="" TAG_DESCRIPTOR="http://dbpedia.org/resource/Ford_Germany" ent_type="" ent_class="" comment="" external_ref="http://dbpedia.org/resource/Ford_Germany" />
<ENTITY id="25" RELATED_TO="" TAG_DESCRIPTOR="http://dbpedia.org/resource/Sweden" ent_type="" ent_class="" comment="" external_ref="http://dbpedia.org/resource/Sweden" />
<ENTITY id="27" RELATED_TO="" TAG_DESCRIPTOR="http://dbpedia.org/resource/Volvo" ent_type="" ent_class="" comment="" external_ref="http://dbpedia.org/resource/Volvo" />
<ENTITY id="29" RELATED_TO="" TAG_DESCRIPTOR="http://dbpedia.org/resource/Ford_Germany" ent_type="" ent_class="" comment="" external_ref="http://dbpedia.org/resource/Ford_Germany" />
<ENTITY id="31" RELATED_TO="" TAG_DESCRIPTOR="http://dbpedia.org/resource/The_Wall_Street_Journal" ent_type="" ent_class="" comment="" external_ref="http://dbpedia.org/resource/The_Wall_Street_Journal" />
<ENTITY id="33" RELATED_TO="" TAG_DESCRIPTOR="http://dbpedia.org/resource/Alan_Mulally" ent_type="" ent_class="" comment="" external_ref="http://dbpedia.org/resource/Alan_Mulally" />
<ENTITY id="35" RELATED_TO="" TAG_DESCRIPTOR="http://dbpedia.org/resource/Volvo" ent_type="" ent_class="" comment="" external_ref="http://dbpedia.org/resource/Volvo" />
<ENTITY id="37" RELATED_TO="" TAG_DESCRIPTOR="http://dbpedia.org/resource/Toyota" ent_type="" ent_class="" comment="" external_ref="http://dbpedia.org/resource/Toyota" />
<ENTITY id="40" RELATED_TO="" TAG_DESCRIPTOR="http://dbpedia.org/resource/Toyota" ent_type="" ent_class="" comment="" external_ref="http://dbpedia.org/resource/Toyota" />
<ENTITY id="42" RELATED_TO="" TAG_DESCRIPTOR="http://dbpedia.org/resource/Mitsubishi" ent_type="" ent_class="" comment="" external_ref="http://dbpedia.org/resource/Mitsubishi" />
<ENTITY id="44" RELATED_TO="" TAG_DESCRIPTOR="http://dbpedia.org/resource/Mitsubishi_Regional_Jet" ent_type="" ent_class="" comment="" external_ref="http://dbpedia.org/resource/Mitsubishi_Regional_Jet" />
<ENTITY id="48" RELATED_TO="" TAG_DESCRIPTOR="http://dbpedia.org/resource/Ford" ent_type="" ent_class="" comment="" external_ref="http://dbpedia.org/resource/Ford" />
<ENTITY id="50" RELATED_TO="" TAG_DESCRIPTOR="http://dbpedia.org/resource/Port_Elizabeth" ent_type="" ent_class="" comment="" external_ref="http://dbpedia.org/resource/Port_Elizabeth" />
<ENTITY id="52" RELATED_TO="" TAG_DESCRIPTOR="http://dbpedia.org/resource/UD_Trucks" ent_type="" ent_class="" comment="" external_ref="http://dbpedia.org/resource/UD_Trucks" />
<ENTITY id="54" RELATED_TO="" TAG_DESCRIPTOR="http://dbpedia.org/resource/UD_Trucks" ent_type="" ent_class="" comment="" external_ref="http://dbpedia.org/resource/UD_Trucks" />
<ENTITY id="56" RELATED_TO="" TAG_DESCRIPTOR="http://dbpedia.org/resource/Nissan" ent_type="" ent_class="" comment="" external_ref="http://dbpedia.org/resource/Nissan" />
<ENTITY id="58" RELATED_TO="" TAG_DESCRIPTOR="http://dbpedia.org/resource/United_States" ent_type="" ent_class="" comment="" external_ref="http://dbpedia.org/resource/United_States" />
<ENTITY id="61" RELATED_TO="" TAG_DESCRIPTOR="http://dbpedia.org/resource/Volkswagen_Audi_Group_AMB_Engine" ent_type="PER" ent_class="" comment="" external_ref="http://dbpedia.org/resource/Volkswagen_Audi_Group_AMB_Engine" />
<ENTITY id="62" RELATED_TO="" TAG_DESCRIPTOR="http://dbpedia.org/resource/Toyota_Lexus" ent_type="PER" ent_class="" comment="" external_ref="http://dbpedia.org/resource/Toyota_Lexus" />
<ENTITY id="63" RELATED_TO="" TAG_DESCRIPTOR="http://dbpedia.org/resource/Honda_Jet" ent_type="PER" ent_class="" comment="" external_ref="http://dbpedia.org/resource/Honda_Jet" />
</Markables>

<Relations>
<REFERS_TO id="433618" >
<source id="49" />
<target id="50" />
</REFERS_TO>
<REFERS_TO id="433619" >
<source id="51" />
<target id="52" />
</REFERS_TO>
<REFERS_TO id="433620" >
<source id="24" />
<target id="25" />
</REFERS_TO>
<REFERS_TO id="433621" >
<source id="26" />
<target id="27" />
</REFERS_TO>
<REFERS_TO id="433622" >
<source id="20" />
<target id="48" />
</REFERS_TO>
<REFERS_TO id="433623" >
<source id="22" />
<target id="48" />
</REFERS_TO>
<REFERS_TO id="433624" >
<source id="43" />
<target id="44" />
</REFERS_TO>
<REFERS_TO id="433625" >
<source id="41" />
<target id="42" />
</REFERS_TO>
<REFERS_TO id="433626" >
<source id="28" />
<target id="48" />
</REFERS_TO>
<REFERS_TO id="433627" >
<source id="39" />
<target id="40" />
</REFERS_TO>
<REFERS_TO id="433628" >
<source id="1" />
<target id="2" />
</REFERS_TO>
<REFERS_TO id="433629" >
<source id="3" />
<target id="4" />
</REFERS_TO>
<REFERS_TO id="433630" >
<source id="5" />
<target id="6" />
</REFERS_TO>
<REFERS_TO id="433631" >
<source id="7" />
<target id="8" />
</REFERS_TO>
<REFERS_TO id="433632" >
<source id="9" />
<target id="10" />
</REFERS_TO>
<REFERS_TO id="433633" >
<source id="11" />
<target id="12" />
</REFERS_TO>
<REFERS_TO id="433634" >
<source id="57" />
<target id="58" />
</REFERS_TO>
<REFERS_TO id="433635" >
<source id="13" />
<target id="14" />
</REFERS_TO>
<REFERS_TO id="433636" >
<source id="15" />
<target id="16" />
</REFERS_TO>
<REFERS_TO id="433637" >
<source id="32" />
<target id="33" />
</REFERS_TO>
<REFERS_TO id="433638" >
<source id="17" />
<target id="18" />
</REFERS_TO>
<REFERS_TO id="433639" >
<source id="30" />
<target id="31" />
</REFERS_TO>
<REFERS_TO id="433640" >
<source id="47" />
<target id="48" />
</REFERS_TO>
<REFERS_TO id="433641" >
<source id="36" />
<target id="37" />
</REFERS_TO>
<REFERS_TO id="433642" >
<source id="34" />
<target id="35" />
</REFERS_TO>
<REFERS_TO id="433643" >
<source id="53" />
<target id="56" />
</REFERS_TO>
<REFERS_TO id="433644" >
<source id="55" />
<target id="56" />
</REFERS_TO>
<REFERS_TO id="433969" >
<source id="19" />
<target id="61" />
</REFERS_TO>
<REFERS_TO id="433970" >
<source id="60" />
<target id="62" />
</REFERS_TO>
<REFERS_TO id="434045" >
<source id="64" />
<target id="35" />
</REFERS_TO>
</Relations>
</Document>
