<Document doc_name="4TVJ-F420-TX2T-X0WW.xml">
<token id="1" sentence="0" number="0">Media</token>
<token id="2" sentence="0" number="1">Alert</token>
<token id="3" sentence="0" number="2">/</token>
<token id="4" sentence="0" number="3">Photo</token>
<token id="5" sentence="0" number="4">Opportunity</token>
<token id="6" sentence="0" number="5">:</token>
<token id="7" sentence="0" number="6">Galaxy</token>
<token id="8" sentence="0" number="7">Cinemas</token>
<token id="9" sentence="0" number="8">Brantford</token>
<token id="10" sentence="0" number="9">Grand</token>
<token id="11" sentence="0" number="10">Opening</token>
<token id="12" sentence="0" number="11">Gala</token>
<token id="13" sentence="0" number="12">on</token>
<token id="14" sentence="0" number="13">Tuesday</token>
<token id="15" sentence="0" number="14">November</token>
<token id="16" sentence="0" number="15">11</token>
<token id="17" sentence="0" number="16">,</token>
<token id="18" sentence="0" number="17">2008</token>
<token id="19" sentence="1" number="0">BRANTFORD</token>
<token id="20" sentence="1" number="1">,</token>
<token id="21" sentence="1" number="2">ONTARIO</token>
<token id="22" sentence="1" number="3">--</token>
<token id="23" sentence="1" number="4">(</token>
<token id="24" sentence="1" number="5">Marketwire</token>
<token id="25" sentence="1" number="6">-</token>
<token id="26" sentence="1" number="7">Nov.</token>
<token id="27" sentence="1" number="8">5</token>
<token id="28" sentence="1" number="9">,</token>
<token id="29" sentence="1" number="10">2008</token>
<token id="30" sentence="1" number="11">)</token>
<token id="31" sentence="1" number="12">-</token>
<token id="32" sentence="1" number="13">Cineplex</token>
<token id="33" sentence="1" number="14">Entertainment</token>
<token id="34" sentence="1" number="15">(</token>
<token id="35" sentence="1" number="16">TSX</token>
<token id="36" sentence="1" number="17">:</token>
<token id="37" sentence="1" number="18">CGX.UN</token>
<token id="38" sentence="1" number="19">)</token>
<token id="39" sentence="1" number="20">is</token>
<token id="40" sentence="1" number="21">very</token>
<token id="41" sentence="1" number="22">pleased</token>
<token id="42" sentence="1" number="23">to</token>
<token id="43" sentence="1" number="24">celebrate</token>
<token id="44" sentence="1" number="25">the</token>
<token id="45" sentence="1" number="26">opening</token>
<token id="46" sentence="1" number="27">of</token>
<token id="47" sentence="1" number="28">the</token>
<token id="48" sentence="1" number="29">new</token>
<token id="49" sentence="1" number="30">eight-screen</token>
<token id="50" sentence="1" number="31">Galaxy</token>
<token id="51" sentence="1" number="32">Cinemas</token>
<token id="52" sentence="1" number="33">Brantford</token>
<token id="53" sentence="1" number="34">with</token>
<token id="54" sentence="1" number="35">an</token>
<token id="55" sentence="1" number="36">invitation-only</token>
<token id="56" sentence="1" number="37">gala</token>
<token id="57" sentence="1" number="38">on</token>
<token id="58" sentence="1" number="39">Tuesday</token>
<token id="59" sentence="1" number="40">November</token>
<token id="60" sentence="1" number="41">11</token>
<token id="61" sentence="1" number="42">,</token>
<token id="62" sentence="1" number="43">2008</token>
<token id="63" sentence="1" number="44">.</token>
<token id="64" sentence="2" number="0">In</token>
<token id="65" sentence="2" number="1">attendance</token>
<token id="66" sentence="2" number="2">at</token>
<token id="67" sentence="2" number="3">the</token>
<token id="68" sentence="2" number="4">gala</token>
<token id="69" sentence="2" number="5">:</token>
<token id="70" sentence="2" number="6">-</token>
<token id="71" sentence="2" number="7">Ellis</token>
<token id="72" sentence="2" number="8">Jacob</token>
<token id="73" sentence="2" number="9">,</token>
<token id="74" sentence="2" number="10">President</token>
<token id="75" sentence="2" number="11">and</token>
<token id="76" sentence="2" number="12">CEO</token>
<token id="77" sentence="2" number="13">,</token>
<token id="78" sentence="2" number="14">Cineplex</token>
<token id="79" sentence="2" number="15">Entertainment</token>
<token id="80" sentence="2" number="16">-</token>
<token id="81" sentence="2" number="17">Mike</token>
<token id="82" sentence="2" number="18">Hancock</token>
<token id="83" sentence="2" number="19">,</token>
<token id="84" sentence="2" number="20">Mayor</token>
<token id="85" sentence="2" number="21">,</token>
<token id="86" sentence="2" number="22">City</token>
<token id="87" sentence="2" number="23">of</token>
<token id="88" sentence="2" number="24">Brantford</token>
<token id="89" sentence="2" number="25">-</token>
<token id="90" sentence="2" number="26">Numerous</token>
<token id="91" sentence="2" number="27">other</token>
<token id="92" sentence="2" number="28">local</token>
<token id="93" sentence="2" number="29">community</token>
<token id="94" sentence="2" number="30">leaders</token>
<token id="95" sentence="2" number="31">and</token>
<token id="96" sentence="2" number="32">members</token>
<token id="97" sentence="2" number="33">of</token>
<token id="98" sentence="2" number="34">the</token>
<token id="99" sentence="2" number="35">Canadian</token>
<token id="100" sentence="2" number="36">film</token>
<token id="101" sentence="2" number="37">,</token>
<token id="102" sentence="2" number="38">entertainment</token>
<token id="103" sentence="2" number="39">and</token>
<token id="104" sentence="2" number="40">business</token>
<token id="105" sentence="2" number="41">communities</token>
<token id="106" sentence="2" number="42">The</token>
<token id="107" sentence="2" number="43">official</token>
<token id="108" sentence="2" number="44">opening</token>
<token id="109" sentence="2" number="45">ceremony</token>
<token id="110" sentence="2" number="46">will</token>
<token id="111" sentence="2" number="47">commence</token>
<token id="112" sentence="2" number="48">at</token>
<token id="113" sentence="2" number="49">7:30</token>
<token id="114" sentence="2" number="50">p.m.</token>
<token id="115" sentence="2" number="51">with</token>
<token id="116" sentence="2" number="52">speeches</token>
<token id="117" sentence="2" number="53">from</token>
<token id="118" sentence="2" number="54">Ellis</token>
<token id="119" sentence="2" number="55">Jacob</token>
<token id="120" sentence="2" number="56">and</token>
<token id="121" sentence="2" number="57">Mayor</token>
<token id="122" sentence="2" number="58">Mike</token>
<token id="123" sentence="2" number="59">Hancock</token>
<token id="124" sentence="2" number="60">.</token>
<token id="125" sentence="3" number="0">Guests</token>
<token id="126" sentence="3" number="1">will</token>
<token id="127" sentence="3" number="2">then</token>
<token id="128" sentence="3" number="3">be</token>
<token id="129" sentence="3" number="4">treated</token>
<token id="130" sentence="3" number="5">to</token>
<token id="131" sentence="3" number="6">a</token>
<token id="132" sentence="3" number="7">screening</token>
<token id="133" sentence="3" number="8">of</token>
<token id="134" sentence="3" number="9">a</token>
<token id="135" sentence="3" number="10">major</token>
<token id="136" sentence="3" number="11">motion</token>
<token id="137" sentence="3" number="12">picture</token>
<token id="138" sentence="3" number="13">.</token>
<token id="139" sentence="4" number="0">Please</token>
<token id="140" sentence="4" number="1">note</token>
<token id="141" sentence="4" number="2">that</token>
<token id="142" sentence="4" number="3">the</token>
<token id="143" sentence="4" number="4">theatre</token>
<token id="144" sentence="4" number="5">will</token>
<token id="145" sentence="4" number="6">not</token>
<token id="146" sentence="4" number="7">be</token>
<token id="147" sentence="4" number="8">open</token>
<token id="148" sentence="4" number="9">to</token>
<token id="149" sentence="4" number="10">the</token>
<token id="150" sentence="4" number="11">general</token>
<token id="151" sentence="4" number="12">public</token>
<token id="152" sentence="4" number="13">that</token>
<token id="153" sentence="4" number="14">evening</token>
<token id="154" sentence="4" number="15">.</token>
<token id="155" sentence="5" number="0">About</token>
<token id="156" sentence="5" number="1">Galaxy</token>
<token id="157" sentence="5" number="2">Cinemas</token>
<token id="158" sentence="5" number="3">Brantford</token>
<token id="159" sentence="5" number="4">The</token>
<token id="160" sentence="5" number="5">new</token>
<token id="161" sentence="5" number="6">31,000</token>
<token id="162" sentence="5" number="7">square</token>
<token id="163" sentence="5" number="8">foot</token>
<token id="164" sentence="5" number="9">Galaxy</token>
<token id="165" sentence="5" number="10">Cinemas</token>
<token id="166" sentence="5" number="11">Brantford</token>
<token id="167" sentence="5" number="12">will</token>
<token id="168" sentence="5" number="13">feature</token>
<token id="169" sentence="5" number="14">1,600</token>
<token id="170" sentence="5" number="15">all</token>
<token id="171" sentence="5" number="16">stadium</token>
<token id="172" sentence="5" number="17">rocker</token>
<token id="173" sentence="5" number="18">seating</token>
<token id="174" sentence="5" number="19">(</token>
<token id="175" sentence="5" number="20">each</token>
<token id="176" sentence="5" number="21">seat</token>
<token id="177" sentence="5" number="22">row</token>
<token id="178" sentence="5" number="23">will</token>
<token id="179" sentence="5" number="24">be</token>
<token id="180" sentence="5" number="25">18</token>
<token id="181" sentence="5" number="26">''</token>
<token id="182" sentence="5" number="27">higher</token>
<token id="183" sentence="5" number="28">than</token>
<token id="184" sentence="5" number="29">the</token>
<token id="185" sentence="5" number="30">previous</token>
<token id="186" sentence="5" number="31">row</token>
<token id="187" sentence="5" number="32">)</token>
<token id="188" sentence="5" number="33">with</token>
<token id="189" sentence="5" number="34">ample</token>
<token id="190" sentence="5" number="35">legroom</token>
<token id="191" sentence="5" number="36">;</token>
<token id="192" sentence="5" number="37">wall-to-wall</token>
<token id="193" sentence="5" number="38">,</token>
<token id="194" sentence="5" number="39">giant</token>
<token id="195" sentence="5" number="40">,</token>
<token id="196" sentence="5" number="41">curved</token>
<token id="197" sentence="5" number="42">screens</token>
<token id="198" sentence="5" number="43">;</token>
<token id="199" sentence="5" number="44">Digital</token>
<token id="200" sentence="5" number="45">DLP</token>
<token id="201" sentence="5" number="46">projection</token>
<token id="202" sentence="5" number="47">systems</token>
<token id="203" sentence="5" number="48">;</token>
<token id="204" sentence="5" number="49">auditoriums</token>
<token id="205" sentence="5" number="50">equipped</token>
<token id="206" sentence="5" number="51">with</token>
<token id="207" sentence="5" number="52">RealD</token>
<token id="208" sentence="5" number="53">3D</token>
<token id="209" sentence="5" number="54">technology</token>
<token id="210" sentence="5" number="55">and</token>
<token id="211" sentence="5" number="56">Digital</token>
<token id="212" sentence="5" number="57">Surround</token>
<token id="213" sentence="5" number="58">Sound</token>
<token id="214" sentence="5" number="59">.</token>
<token id="215" sentence="6" number="0">The</token>
<token id="216" sentence="6" number="1">concessions</token>
<token id="217" sentence="6" number="2">will</token>
<token id="218" sentence="6" number="3">include</token>
<token id="219" sentence="6" number="4">traditional</token>
<token id="220" sentence="6" number="5">movie</token>
<token id="221" sentence="6" number="6">fare</token>
<token id="222" sentence="6" number="7">such</token>
<token id="223" sentence="6" number="8">as</token>
<token id="224" sentence="6" number="9">popcorn</token>
<token id="225" sentence="6" number="10">,</token>
<token id="226" sentence="6" number="11">candy</token>
<token id="227" sentence="6" number="12">and</token>
<token id="228" sentence="6" number="13">soft</token>
<token id="229" sentence="6" number="14">drinks</token>
<token id="230" sentence="6" number="15">in</token>
<token id="231" sentence="6" number="16">addition</token>
<token id="232" sentence="6" number="17">to</token>
<token id="233" sentence="6" number="18">Pizza</token>
<token id="234" sentence="6" number="19">Pizza</token>
<token id="235" sentence="6" number="20">,</token>
<token id="236" sentence="6" number="21">Outtakes</token>
<token id="237" sentence="6" number="22">and</token>
<token id="238" sentence="6" number="23">Yogen</token>
<token id="239" sentence="6" number="24">Fruz</token>
<token id="240" sentence="6" number="25">with</token>
<token id="241" sentence="6" number="26">a</token>
<token id="242" sentence="6" number="27">wide</token>
<token id="243" sentence="6" number="28">selection</token>
<token id="244" sentence="6" number="29">of</token>
<token id="245" sentence="6" number="30">low-fat</token>
<token id="246" sentence="6" number="31">and</token>
<token id="247" sentence="6" number="32">no-fat</token>
<token id="248" sentence="6" number="33">frozen</token>
<token id="249" sentence="6" number="34">yogurts</token>
<token id="250" sentence="6" number="35">and</token>
<token id="251" sentence="6" number="36">premium</token>
<token id="252" sentence="6" number="37">ice</token>
<token id="253" sentence="6" number="38">cream</token>
<token id="254" sentence="6" number="39">.</token>
<token id="255" sentence="7" number="0">A</token>
<token id="256" sentence="7" number="1">Zero</token>
<token id="257" sentence="7" number="2">Gravity</token>
<token id="258" sentence="7" number="3">family</token>
<token id="259" sentence="7" number="4">entertainment</token>
<token id="260" sentence="7" number="5">centre</token>
<token id="261" sentence="7" number="6">will</token>
<token id="262" sentence="7" number="7">offer</token>
<token id="263" sentence="7" number="8">a</token>
<token id="264" sentence="7" number="9">number</token>
<token id="265" sentence="7" number="10">of</token>
<token id="266" sentence="7" number="11">interactive</token>
<token id="267" sentence="7" number="12">video</token>
<token id="268" sentence="7" number="13">games</token>
<token id="269" sentence="7" number="14">and</token>
<token id="270" sentence="7" number="15">activities</token>
<token id="271" sentence="7" number="16">and</token>
<token id="272" sentence="7" number="17">is</token>
<token id="273" sentence="7" number="18">accessible</token>
<token id="274" sentence="7" number="19">without</token>
<token id="275" sentence="7" number="20">the</token>
<token id="276" sentence="7" number="21">purchase</token>
<token id="277" sentence="7" number="22">of</token>
<token id="278" sentence="7" number="23">a</token>
<token id="279" sentence="7" number="24">movie</token>
<token id="280" sentence="7" number="25">ticket</token>
<token id="281" sentence="7" number="26">.</token>
<token id="282" sentence="8" number="0">About</token>
<token id="283" sentence="8" number="1">Cineplex</token>
<token id="284" sentence="8" number="2">Entertainment</token>
<token id="285" sentence="8" number="3">LP</token>
<token id="286" sentence="8" number="4">:</token>
<token id="287" sentence="8" number="5">As</token>
<token id="288" sentence="8" number="6">the</token>
<token id="289" sentence="8" number="7">largest</token>
<token id="290" sentence="8" number="8">motion</token>
<token id="291" sentence="8" number="9">picture</token>
<token id="292" sentence="8" number="10">exhibitor</token>
<token id="293" sentence="8" number="11">in</token>
<token id="294" sentence="8" number="12">Canada</token>
<token id="295" sentence="8" number="13">,</token>
<token id="296" sentence="8" number="14">Cineplex</token>
<token id="297" sentence="8" number="15">Entertainment</token>
<token id="298" sentence="8" number="16">LP</token>
<token id="299" sentence="8" number="17">owns</token>
<token id="300" sentence="8" number="18">,</token>
<token id="301" sentence="8" number="19">leases</token>
<token id="302" sentence="8" number="20">or</token>
<token id="303" sentence="8" number="21">has</token>
<token id="304" sentence="8" number="22">a</token>
<token id="305" sentence="8" number="23">joint-venture</token>
<token id="306" sentence="8" number="24">interest</token>
<token id="307" sentence="8" number="25">in</token>
<token id="308" sentence="8" number="26">130</token>
<token id="309" sentence="8" number="27">theatres</token>
<token id="310" sentence="8" number="28">with</token>
<token id="311" sentence="8" number="29">1,325</token>
<token id="312" sentence="8" number="30">screens</token>
<token id="313" sentence="8" number="31">(</token>
<token id="314" sentence="8" number="32">as</token>
<token id="315" sentence="8" number="33">of</token>
<token id="316" sentence="8" number="34">Friday</token>
<token id="317" sentence="8" number="35">November</token>
<token id="318" sentence="8" number="36">7th</token>
<token id="319" sentence="8" number="37">)</token>
<token id="320" sentence="8" number="38">serving</token>
<token id="321" sentence="8" number="39">approximately</token>
<token id="322" sentence="8" number="40">61</token>
<token id="323" sentence="8" number="41">million</token>
<token id="324" sentence="8" number="42">guests</token>
<token id="325" sentence="8" number="43">annually</token>
<token id="326" sentence="8" number="44">.</token>
<token id="327" sentence="9" number="0">Headquartered</token>
<token id="328" sentence="9" number="1">in</token>
<token id="329" sentence="9" number="2">Toronto</token>
<token id="330" sentence="9" number="3">,</token>
<token id="331" sentence="9" number="4">Canada</token>
<token id="332" sentence="9" number="5">,</token>
<token id="333" sentence="9" number="6">Cineplex</token>
<token id="334" sentence="9" number="7">Entertainment</token>
<token id="335" sentence="9" number="8">operates</token>
<token id="336" sentence="9" number="9">theatres</token>
<token id="337" sentence="9" number="10">from</token>
<token id="338" sentence="9" number="11">British</token>
<token id="339" sentence="9" number="12">Columbia</token>
<token id="340" sentence="9" number="13">to</token>
<token id="341" sentence="9" number="14">Quebec</token>
<token id="342" sentence="9" number="15">and</token>
<token id="343" sentence="9" number="16">is</token>
<token id="344" sentence="9" number="17">the</token>
<token id="345" sentence="9" number="18">largest</token>
<token id="346" sentence="9" number="19">exhibitor</token>
<token id="347" sentence="9" number="20">of</token>
<token id="348" sentence="9" number="21">digital</token>
<token id="349" sentence="9" number="22">,</token>
<token id="350" sentence="9" number="23">3D</token>
<token id="351" sentence="9" number="24">and</token>
<token id="352" sentence="9" number="25">IMAX</token>
<token id="353" sentence="9" number="26">projection</token>
<token id="354" sentence="9" number="27">technologies</token>
<token id="355" sentence="9" number="28">in</token>
<token id="356" sentence="9" number="29">the</token>
<token id="357" sentence="9" number="30">country</token>
<token id="358" sentence="9" number="31">.</token>
<token id="359" sentence="10" number="0">Proudly</token>
<token id="360" sentence="10" number="1">Canadian</token>
<token id="361" sentence="10" number="2">and</token>
<token id="362" sentence="10" number="3">with</token>
<token id="363" sentence="10" number="4">a</token>
<token id="364" sentence="10" number="5">workforce</token>
<token id="365" sentence="10" number="6">of</token>
<token id="366" sentence="10" number="7">more</token>
<token id="367" sentence="10" number="8">than</token>
<token id="368" sentence="10" number="9">8,000</token>
<token id="369" sentence="10" number="10">,</token>
<token id="370" sentence="10" number="11">the</token>
<token id="371" sentence="10" number="12">company</token>
<token id="372" sentence="10" number="13">operates</token>
<token id="373" sentence="10" number="14">the</token>
<token id="374" sentence="10" number="15">following</token>
<token id="375" sentence="10" number="16">top</token>
<token id="376" sentence="10" number="17">tier</token>
<token id="377" sentence="10" number="18">brands</token>
<token id="378" sentence="10" number="19">:</token>
<token id="379" sentence="10" number="20">Cineplex</token>
<token id="380" sentence="10" number="21">Odeon</token>
<token id="381" sentence="10" number="22">,</token>
<token id="382" sentence="10" number="23">Galaxy</token>
<token id="383" sentence="10" number="24">and</token>
<token id="384" sentence="10" number="25">Famous</token>
<token id="385" sentence="10" number="26">Players</token>
<token id="386" sentence="10" number="27">including</token>
<token id="387" sentence="10" number="28">Colossus</token>
<token id="388" sentence="10" number="29">,</token>
<token id="389" sentence="10" number="30">Coliseum</token>
<token id="390" sentence="10" number="31">and</token>
<token id="391" sentence="10" number="32">SilverCity</token>
<token id="392" sentence="10" number="33">,</token>
<token id="393" sentence="10" number="34">in</token>
<token id="394" sentence="10" number="35">addition</token>
<token id="395" sentence="10" number="36">to</token>
<token id="396" sentence="10" number="37">Cinema</token>
<token id="397" sentence="10" number="38">City</token>
<token id="398" sentence="10" number="39">and</token>
<token id="399" sentence="10" number="40">Scotiabank</token>
<token id="400" sentence="10" number="41">Theatres</token>
<token id="401" sentence="10" number="42">.</token>
<token id="402" sentence="11" number="0">The</token>
<token id="403" sentence="11" number="1">units</token>
<token id="404" sentence="11" number="2">of</token>
<token id="405" sentence="11" number="3">Cineplex</token>
<token id="406" sentence="11" number="4">Galaxy</token>
<token id="407" sentence="11" number="5">Income</token>
<token id="408" sentence="11" number="6">Fund</token>
<token id="409" sentence="11" number="7">,</token>
<token id="410" sentence="11" number="8">which</token>
<token id="411" sentence="11" number="9">owns</token>
<token id="412" sentence="11" number="10">approximately</token>
<token id="413" sentence="11" number="11">76</token>
<token id="414" sentence="11" number="12">%</token>
<token id="415" sentence="11" number="13">of</token>
<token id="416" sentence="11" number="14">Cineplex</token>
<token id="417" sentence="11" number="15">Entertainment</token>
<token id="418" sentence="11" number="16">LP</token>
<token id="419" sentence="11" number="17">,</token>
<token id="420" sentence="11" number="18">are</token>
<token id="421" sentence="11" number="19">traded</token>
<token id="422" sentence="11" number="20">on</token>
<token id="423" sentence="11" number="21">the</token>
<token id="424" sentence="11" number="22">Toronto</token>
<token id="425" sentence="11" number="23">Stock</token>
<token id="426" sentence="11" number="24">Exchange</token>
<token id="427" sentence="11" number="25">(</token>
<token id="428" sentence="11" number="26">symbol</token>
<token id="429" sentence="11" number="27">CGX.UN</token>
<token id="430" sentence="11" number="28">)</token>
<token id="431" sentence="11" number="29">.</token>
<token id="432" sentence="12" number="0">For</token>
<token id="433" sentence="12" number="1">more</token>
<token id="434" sentence="12" number="2">information</token>
<token id="435" sentence="12" number="3">,</token>
<token id="436" sentence="12" number="4">visit</token>
<token id="437" sentence="12" number="5">www.cineplex.com</token>
<token id="438" sentence="12" number="6">.</token>


<Markables>
<ENTITY_MENTION id="16" syntactic_type="" head="" comment=""  >
<token_anchor id="99"/>
</ENTITY_MENTION>
<ENTITY_MENTION id="70" head="" syntactic_type="" comment=""  >
<token_anchor id="50"/>
<token_anchor id="51"/>
</ENTITY_MENTION>
<ENTITY_MENTION id="18" syntactic_type="" head="" comment=""  >
<token_anchor id="118"/>
<token_anchor id="119"/>
</ENTITY_MENTION>
<ENTITY_MENTION id="71" head="" syntactic_type="" comment=""  >
<token_anchor id="52"/>
</ENTITY_MENTION>
<ENTITY_MENTION id="19" syntactic_type="" head="" comment=""  >
<token_anchor id="122"/>
<token_anchor id="123"/>
</ENTITY_MENTION>
<ENTITY_MENTION id="72" head="" syntactic_type="" comment=""  >
<token_anchor id="158"/>
</ENTITY_MENTION>
<ENTITY_MENTION id="21" syntactic_type="" head="" comment=""  >
<token_anchor id="156"/>
<token_anchor id="157"/>
</ENTITY_MENTION>
<ENTITY_MENTION id="73" head="" syntactic_type="" comment=""  >
<token_anchor id="199"/>
<token_anchor id="200"/>
</ENTITY_MENTION>
<ENTITY_MENTION id="23" syntactic_type="" head="" comment=""  >
<token_anchor id="164"/>
<token_anchor id="165"/>
<token_anchor id="166"/>
</ENTITY_MENTION>
<ENTITY_MENTION id="74" head="" syntactic_type="" comment=""  >
<token_anchor id="164"/>
<token_anchor id="165"/>
</ENTITY_MENTION>
<ENTITY_MENTION id="25" syntactic_type="" head="" comment=""  >
<token_anchor id="207"/>
</ENTITY_MENTION>
<ENTITY_MENTION id="75" head="" syntactic_type="" comment=""  >
<token_anchor id="166"/>
</ENTITY_MENTION>
<ENTITY_MENTION id="27" syntactic_type="" head="" comment=""  >
<token_anchor id="211"/>
<token_anchor id="212"/>
<token_anchor id="213"/>
</ENTITY_MENTION>
<ENTITY_MENTION id="76" head="" syntactic_type="" comment=""  >
<token_anchor id="256"/>
<token_anchor id="257"/>
</ENTITY_MENTION>
<ENTITY_MENTION id="28" syntactic_type="" head="" comment=""  >
<token_anchor id="233"/>
<token_anchor id="234"/>
</ENTITY_MENTION>
<ENTITY_MENTION id="79" head="" syntactic_type="" comment=""  >
<token_anchor id="50"/>
<token_anchor id="51"/>
<token_anchor id="52"/>
</ENTITY_MENTION>
<ENTITY_MENTION id="30" syntactic_type="" head="" comment=""  >
<token_anchor id="236"/>
</ENTITY_MENTION>
<ENTITY_MENTION id="80" head="" syntactic_type="" comment=""  >
<token_anchor id="7"/>
<token_anchor id="8"/>
<token_anchor id="9"/>
</ENTITY_MENTION>
<ENTITY_MENTION id="32" syntactic_type="" head="" comment=""  >
<token_anchor id="238"/>
<token_anchor id="239"/>
</ENTITY_MENTION>
<ENTITY_MENTION id="81" head="" syntactic_type="" comment=""  >
<token_anchor id="156"/>
<token_anchor id="157"/>
<token_anchor id="158"/>
</ENTITY_MENTION>
<ENTITY_MENTION id="34" syntactic_type="" head="" comment=""  >
<token_anchor id="283"/>
<token_anchor id="284"/>
<token_anchor id="285"/>
</ENTITY_MENTION>
<ENTITY_MENTION id="35" syntactic_type="" head="" comment=""  >
<token_anchor id="294"/>
</ENTITY_MENTION>
<ENTITY_MENTION id="37" syntactic_type="" head="" comment=""  >
<token_anchor id="296"/>
<token_anchor id="297"/>
<token_anchor id="298"/>
</ENTITY_MENTION>
<ENTITY_MENTION id="38" syntactic_type="" head="" comment=""  >
<token_anchor id="329"/>
</ENTITY_MENTION>
<ENTITY_MENTION id="40" syntactic_type="" head="" comment=""  >
<token_anchor id="331"/>
</ENTITY_MENTION>
<ENTITY_MENTION id="42" syntactic_type="" head="" comment=""  >
<token_anchor id="333"/>
<token_anchor id="334"/>
</ENTITY_MENTION>
<ENTITY_MENTION id="44" syntactic_type="" head="" comment=""  >
<token_anchor id="338"/>
<token_anchor id="339"/>
</ENTITY_MENTION>
<ENTITY_MENTION id="46" syntactic_type="" head="" comment=""  >
<token_anchor id="341"/>
</ENTITY_MENTION>
<ENTITY_MENTION id="48" syntactic_type="" head="" comment=""  >
<token_anchor id="360"/>
</ENTITY_MENTION>
<ENTITY_MENTION id="50" syntactic_type="" head="" comment=""  >
<token_anchor id="379"/>
<token_anchor id="380"/>
</ENTITY_MENTION>
<ENTITY_MENTION id="52" syntactic_type="" head="" comment=""  >
<token_anchor id="387"/>
</ENTITY_MENTION>
<ENTITY_MENTION id="54" syntactic_type="" head="" comment=""  >
<token_anchor id="389"/>
</ENTITY_MENTION>
<ENTITY_MENTION id="56" syntactic_type="" head="" comment=""  >
<token_anchor id="391"/>
</ENTITY_MENTION>
<ENTITY_MENTION id="58" syntactic_type="" head="" comment=""  >
<token_anchor id="396"/>
<token_anchor id="397"/>
</ENTITY_MENTION>
<ENTITY_MENTION id="1" syntactic_type="" head="" comment=""  >
<token_anchor id="19"/>
</ENTITY_MENTION>
<ENTITY_MENTION id="60" syntactic_type="" head="" comment=""  >
<token_anchor id="399"/>
<token_anchor id="400"/>
</ENTITY_MENTION>
<ENTITY_MENTION id="3" syntactic_type="" head="" comment=""  >
<token_anchor id="21"/>
</ENTITY_MENTION>
<ENTITY_MENTION id="61" syntactic_type="" head="" comment=""  >
<token_anchor id="405"/>
<token_anchor id="406"/>
<token_anchor id="407"/>
<token_anchor id="408"/>
</ENTITY_MENTION>
<ENTITY_MENTION id="5" syntactic_type="" head="" comment=""  >
<token_anchor id="32"/>
<token_anchor id="33"/>
</ENTITY_MENTION>
<ENTITY_MENTION id="62" syntactic_type="" head="" comment=""  >
<token_anchor id="416"/>
<token_anchor id="417"/>
<token_anchor id="418"/>
</ENTITY_MENTION>
<ENTITY_MENTION id="7" syntactic_type="" head="" comment=""  >
<token_anchor id="71"/>
<token_anchor id="72"/>
</ENTITY_MENTION>
<ENTITY_MENTION id="63" syntactic_type="" head="" comment=""  >
<token_anchor id="424"/>
<token_anchor id="425"/>
<token_anchor id="426"/>
</ENTITY_MENTION>
<ENTITY_MENTION id="8" syntactic_type="" head="" comment=""  >
<token_anchor id="78"/>
<token_anchor id="79"/>
</ENTITY_MENTION>
<ENTITY_MENTION id="65" syntactic_type="" head="" comment=""  >
<token_anchor id="429"/>
</ENTITY_MENTION>
<ENTITY_MENTION id="10" syntactic_type="" head="" comment=""  >
<token_anchor id="81"/>
<token_anchor id="82"/>
</ENTITY_MENTION>
<ENTITY_MENTION id="12" syntactic_type="" head="" comment=""  >
<token_anchor id="86"/>
</ENTITY_MENTION>
<ENTITY_MENTION id="67" head="" syntactic_type="" comment=""  >
<token_anchor id="7"/>
<token_anchor id="8"/>
</ENTITY_MENTION>
<ENTITY_MENTION id="14" syntactic_type="" head="" comment=""  >
<token_anchor id="88"/>
</ENTITY_MENTION>
<ENTITY_MENTION id="68" head="" syntactic_type="" comment=""  >
<token_anchor id="9"/>
</ENTITY_MENTION>
<SIGNAL id="66" comment=""  >
<token_anchor id="4"/>
</SIGNAL>


<ENTITY id="2" RELATED_TO="" TAG_DESCRIPTOR="http://dbpedia.org/resource/Brantford_(electoral_district)" ent_type="" ent_class="" comment="" external_ref="http://dbpedia.org/resource/Brantford_(electoral_district)" />
<ENTITY id="4" RELATED_TO="" TAG_DESCRIPTOR="http://dbpedia.org/resource/Ontario" ent_type="" ent_class="" comment="" external_ref="http://dbpedia.org/resource/Ontario" />
<ENTITY id="6" RELATED_TO="" TAG_DESCRIPTOR="http://dbpedia.org/resource/Cineplex_Entertainment" ent_type="" ent_class="" comment="" external_ref="http://dbpedia.org/resource/Cineplex_Entertainment" />
<ENTITY id="9" RELATED_TO="" TAG_DESCRIPTOR="http://dbpedia.org/resource/Cineplex_Entertainment" ent_type="" ent_class="" comment="" external_ref="http://dbpedia.org/resource/Cineplex_Entertainment" />
<ENTITY id="11" RELATED_TO="" TAG_DESCRIPTOR="http://dbpedia.org/resource/Mike_Hancock_(Canadian_politician)" ent_type="" ent_class="" comment="" external_ref="http://dbpedia.org/resource/Mike_Hancock_(Canadian_politician)" />
<ENTITY id="13" RELATED_TO="" TAG_DESCRIPTOR="http://dbpedia.org/resource/City" ent_type="" ent_class="" comment="" external_ref="http://dbpedia.org/resource/City" />
<ENTITY id="15" RELATED_TO="" TAG_DESCRIPTOR="http://dbpedia.org/resource/Brantford,_Ontario" ent_type="" ent_class="" comment="" external_ref="http://dbpedia.org/resource/Brantford,_Ontario" />
<ENTITY id="17" RELATED_TO="" TAG_DESCRIPTOR="http://dbpedia.org/resource/Cinema_of_Canada" ent_type="" ent_class="" comment="" external_ref="http://dbpedia.org/resource/Cinema_of_Canada" />
<ENTITY id="20" RELATED_TO="" TAG_DESCRIPTOR="http://dbpedia.org/resource/Mike_Hancock_(Canadian_politician)" ent_type="" ent_class="" comment="" external_ref="http://dbpedia.org/resource/Mike_Hancock_(Canadian_politician)" />
<ENTITY id="22" RELATED_TO="" TAG_DESCRIPTOR="http://dbpedia.org/resource/Cineplex_Entertainment" ent_type="" ent_class="" comment="" external_ref="http://dbpedia.org/resource/Cineplex_Entertainment" />
<ENTITY id="24" RELATED_TO="" TAG_DESCRIPTOR="http://dbpedia.org/resource/Digital_Light_Processing" ent_type="" ent_class="" comment="" external_ref="http://dbpedia.org/resource/Digital_Light_Processing" />
<ENTITY id="26" RELATED_TO="" TAG_DESCRIPTOR="http://dbpedia.org/resource/RealD" ent_type="" ent_class="" comment="" external_ref="http://dbpedia.org/resource/RealD" />
<ENTITY id="29" RELATED_TO="" TAG_DESCRIPTOR="http://dbpedia.org/resource/Pizza_Pizza" ent_type="" ent_class="" comment="" external_ref="http://dbpedia.org/resource/Pizza_Pizza" />
<ENTITY id="31" RELATED_TO="" TAG_DESCRIPTOR="http://dbpedia.org/resource/Zero-gravity" ent_type="" ent_class="" comment="" external_ref="http://dbpedia.org/resource/Zero-gravity" />
<ENTITY id="33" RELATED_TO="" TAG_DESCRIPTOR="http://dbpedia.org/resource/Yogen_Fr??z" ent_type="" ent_class="" comment="" external_ref="http://dbpedia.org/resource/Yogen_Fr??z" />
<ENTITY id="36" RELATED_TO="" TAG_DESCRIPTOR="http://dbpedia.org/resource/Canada" ent_type="" ent_class="" comment="" external_ref="http://dbpedia.org/resource/Canada" />
<ENTITY id="39" RELATED_TO="" TAG_DESCRIPTOR="http://dbpedia.org/resource/Toronto" ent_type="" ent_class="" comment="" external_ref="http://dbpedia.org/resource/Toronto" />
<ENTITY id="41" RELATED_TO="" TAG_DESCRIPTOR="http://dbpedia.org/resource/dbpedia:Cineplex_Entertainment_LP" ent_type="" ent_class="" comment="" external_ref="http://dbpedia.org/resource/dbpedia:Cineplex_Entertainment_LP" />
<ENTITY id="43" RELATED_TO="" TAG_DESCRIPTOR="http://dbpedia.org/resource/Cineplex_Entertainment" ent_type="" ent_class="" comment="" external_ref="http://dbpedia.org/resource/Cineplex_Entertainment" />
<ENTITY id="45" RELATED_TO="" TAG_DESCRIPTOR="http://dbpedia.org/resource/British_Columbia" ent_type="" ent_class="" comment="" external_ref="http://dbpedia.org/resource/British_Columbia" />
<ENTITY id="47" RELATED_TO="" TAG_DESCRIPTOR="http://dbpedia.org/resource/Government_of_Quebec" ent_type="" ent_class="" comment="" external_ref="http://dbpedia.org/resource/Government_of_Quebec" />
<ENTITY id="49" RELATED_TO="" TAG_DESCRIPTOR="http://dbpedia.org/resource/Cinema_of_Canada" ent_type="" ent_class="" comment="" external_ref="http://dbpedia.org/resource/Cinema_of_Canada" />
<ENTITY id="51" RELATED_TO="" TAG_DESCRIPTOR="http://dbpedia.org/resource/Cineplex_Entertainment" ent_type="" ent_class="" comment="" external_ref="http://dbpedia.org/resource/Cineplex_Entertainment" />
<ENTITY id="53" RELATED_TO="" TAG_DESCRIPTOR="http://dbpedia.org/resource/Colossus" ent_type="" ent_class="" comment="" external_ref="http://dbpedia.org/resource/Colossus" />
<ENTITY id="55" RELATED_TO="" TAG_DESCRIPTOR="http://dbpedia.org/resource/Coliseum_cinema" ent_type="" ent_class="" comment="" external_ref="http://dbpedia.org/resource/Coliseum_cinema" />
<ENTITY id="57" RELATED_TO="" TAG_DESCRIPTOR="http://dbpedia.org/resource/Cineplex_Odeon" ent_type="" ent_class="" comment="" external_ref="http://dbpedia.org/resource/Cineplex_Odeon" />
<ENTITY id="59" RELATED_TO="" TAG_DESCRIPTOR="http://dbpedia.org/resource/Cinema_City_International" ent_type="" ent_class="" comment="" external_ref="http://dbpedia.org/resource/Cinema_City_International" />
<ENTITY id="64" RELATED_TO="" TAG_DESCRIPTOR="http://dbpedia.org/resource/TMX_Group" ent_type="" ent_class="" comment="" external_ref="http://dbpedia.org/resource/TMX_Group" />
<ENTITY id="69" RELATED_TO="" TAG_DESCRIPTOR="http://dbpedia.org/resource/Galaxy_Cinemas" ent_type="PER" ent_class="" comment="" external_ref="http://dbpedia.org/resource/Galaxy_Cinemas" />
<ENTITY id="77" RELATED_TO="" TAG_DESCRIPTOR="http://dbpedia.org/resource/http://dbpedia.org/resource/SilverCity" ent_type="PER" ent_class="" comment="" external_ref="http://dbpedia.org/resource/http://dbpedia.org/resource/SilverCity" />
<ENTITY id="78" RELATED_TO="" TAG_DESCRIPTOR="http://dbpedia.org/resource/Cineplex_Galaxy_Income_Fund" ent_type="PER" ent_class="" comment="" external_ref="http://dbpedia.org/resource/Cineplex_Galaxy_Income_Fund" />
</Markables>

<Relations>
<REFERS_TO id="433645" >
<source id="46" />
<target id="47" />
</REFERS_TO>
<REFERS_TO id="433646" >
<source id="56" />
<target id="57" />
</REFERS_TO>
<REFERS_TO id="433647" >
<source id="58" />
<target id="59" />
</REFERS_TO>
<REFERS_TO id="433648" >
<source id="63" />
<target id="64" />
</REFERS_TO>
<REFERS_TO id="433649" >
<source id="48" />
<target id="36" />
</REFERS_TO>
<REFERS_TO id="433650" >
<source id="21" />
<target id="69" />
</REFERS_TO>
<REFERS_TO id="433651" >
<source id="73" />
<target id="24" />
</REFERS_TO>
<REFERS_TO id="433652" >
<source id="19" />
<target id="20" />
</REFERS_TO>
<REFERS_TO id="433653" >
<source id="42" />
<target id="43" />
</REFERS_TO>
<REFERS_TO id="433654" >
<source id="40" />
<target id="36" />
</REFERS_TO>
<REFERS_TO id="433655" >
<source id="38" />
<target id="39" />
</REFERS_TO>
<REFERS_TO id="433656" >
<source id="25" />
<target id="26" />
</REFERS_TO>
<REFERS_TO id="433657" >
<source id="1" />
<target id="15" />
</REFERS_TO>
<REFERS_TO id="433658" >
<source id="3" />
<target id="4" />
</REFERS_TO>
<REFERS_TO id="433659" >
<source id="5" />
<target id="6" />
</REFERS_TO>
<REFERS_TO id="433660" >
<source id="35" />
<target id="36" />
</REFERS_TO>
<REFERS_TO id="433661" >
<source id="54" />
<target id="55" />
</REFERS_TO>
<REFERS_TO id="433662" >
<source id="8" />
<target id="9" />
</REFERS_TO>
<REFERS_TO id="433663" >
<source id="10" />
<target id="11" />
</REFERS_TO>
<REFERS_TO id="433664" >
<source id="12" />
<target id="13" />
</REFERS_TO>
<REFERS_TO id="433665" >
<source id="44" />
<target id="45" />
</REFERS_TO>
<REFERS_TO id="433666" >
<source id="14" />
<target id="15" />
</REFERS_TO>
<REFERS_TO id="433667" >
<source id="16" />
<target id="17" />
</REFERS_TO>
<REFERS_TO id="433668" >
<source id="28" />
<target id="29" />
</REFERS_TO>
<REFERS_TO id="433669" >
<source id="52" />
<target id="53" />
</REFERS_TO>
<REFERS_TO id="433670" >
<source id="32" />
<target id="33" />
</REFERS_TO>
<REFERS_TO id="433672" >
<source id="50" />
<target id="51" />
</REFERS_TO>
<REFERS_TO id="433957" >
<source id="67" />
<target id="69" />
</REFERS_TO>
<REFERS_TO id="433958" >
<source id="68" />
<target id="15" />
</REFERS_TO>
<REFERS_TO id="433959" >
<source id="70" />
<target id="69" />
</REFERS_TO>
<REFERS_TO id="433960" >
<source id="71" />
<target id="15" />
</REFERS_TO>
<REFERS_TO id="433961" >
<source id="72" />
<target id="15" />
</REFERS_TO>
<REFERS_TO id="433962" >
<source id="74" />
<target id="15" />
<target id="69" />
</REFERS_TO>
<REFERS_TO id="433963" >
<source id="76" />
<target id="31" />
</REFERS_TO>
<REFERS_TO id="433964" >
<source id="37" />
<target id="41" />
</REFERS_TO>
<REFERS_TO id="433965" >
<source id="34" />
<target id="41" />
</REFERS_TO>
<REFERS_TO id="433966" >
<source id="62" />
<target id="41" />
</REFERS_TO>
<REFERS_TO id="433967" >
<source id="61" />
<target id="78" />
</REFERS_TO>
<REFERS_TO id="433968" >
<source id="65" />
<target id="78" />
</REFERS_TO>
</Relations>
</Document>
