<Document doc_name="4V2G-9G20-TX72-T010.xml">
<token id="1" sentence="0" number="0">Meetings</token>
<token id="2" sentence="0" number="1">SUCC</token>
<token id="3" sentence="1" number="0">Sid</token>
<token id="4" sentence="1" number="1">Lee</token>
<token id="5" sentence="1" number="2">co-creative</token>
<token id="6" sentence="1" number="3">director</token>
<token id="7" sentence="1" number="4">Louis-Thomas</token>
<token id="8" sentence="1" number="5">Pelletier</token>
<token id="9" sentence="1" number="6">finally</token>
<token id="10" sentence="1" number="7">got</token>
<token id="11" sentence="1" number="8">so</token>
<token id="12" sentence="1" number="9">fed</token>
<token id="13" sentence="1" number="10">up</token>
<token id="14" sentence="1" number="11">with</token>
<token id="15" sentence="1" number="12">sitting</token>
<token id="16" sentence="1" number="13">in</token>
<token id="17" sentence="1" number="14">meetings</token>
<token id="18" sentence="1" number="15">all</token>
<token id="19" sentence="1" number="16">day</token>
<token id="20" sentence="1" number="17">that</token>
<token id="21" sentence="1" number="18">he</token>
<token id="22" sentence="1" number="19">decided</token>
<token id="23" sentence="1" number="20">to</token>
<token id="24" sentence="1" number="21">do</token>
<token id="25" sentence="1" number="22">something</token>
<token id="26" sentence="1" number="23">about</token>
<token id="27" sentence="1" number="24">it</token>
<token id="28" sentence="1" number="25">.</token>
<token id="29" sentence="2" number="0">``</token>
<token id="30" sentence="2" number="1">I</token>
<token id="31" sentence="2" number="2">remember</token>
<token id="32" sentence="2" number="3">when</token>
<token id="33" sentence="2" number="4">I</token>
<token id="34" sentence="2" number="5">was</token>
<token id="35" sentence="2" number="6">a</token>
<token id="36" sentence="2" number="7">kid</token>
<token id="37" sentence="2" number="8">,</token>
<token id="38" sentence="2" number="9">I</token>
<token id="39" sentence="2" number="10">heard</token>
<token id="40" sentence="2" number="11">that</token>
<token id="41" sentence="2" number="12">at</token>
<token id="42" sentence="2" number="13">McDonald</token>
<token id="43" sentence="2" number="14">'s</token>
<token id="44" sentence="2" number="15">the</token>
<token id="45" sentence="2" number="16">chairs</token>
<token id="46" sentence="2" number="17">were</token>
<token id="47" sentence="2" number="18">designed</token>
<token id="48" sentence="2" number="19">so</token>
<token id="49" sentence="2" number="20">that</token>
<token id="50" sentence="2" number="21">you</token>
<token id="51" sentence="2" number="22">would</token>
<token id="52" sentence="2" number="23">n't</token>
<token id="53" sentence="2" number="24">stay</token>
<token id="54" sentence="2" number="25">too</token>
<token id="55" sentence="2" number="26">long</token>
<token id="56" sentence="2" number="27">.</token>
<token id="57" sentence="3" number="0">I</token>
<token id="58" sentence="3" number="1">do</token>
<token id="59" sentence="3" number="2">n't</token>
<token id="60" sentence="3" number="3">know</token>
<token id="61" sentence="3" number="4">if</token>
<token id="62" sentence="3" number="5">it</token>
<token id="63" sentence="3" number="6">'s</token>
<token id="64" sentence="3" number="7">true</token>
<token id="65" sentence="3" number="8">,</token>
<token id="66" sentence="3" number="9">but</token>
<token id="67" sentence="3" number="10">it</token>
<token id="68" sentence="3" number="11">struck</token>
<token id="69" sentence="3" number="12">my</token>
<token id="70" sentence="3" number="13">imagination</token>
<token id="71" sentence="3" number="14">,</token>
<token id="72" sentence="3" number="15">''</token>
<token id="73" sentence="3" number="16">he</token>
<token id="74" sentence="3" number="17">says</token>
<token id="75" sentence="3" number="18">.</token>
<token id="76" sentence="4" number="0">With</token>
<token id="77" sentence="4" number="1">the</token>
<token id="78" sentence="4" number="2">blessing</token>
<token id="79" sentence="4" number="3">of</token>
<token id="80" sentence="4" number="4">Sid</token>
<token id="81" sentence="4" number="5">Lee</token>
<token id="82" sentence="4" number="6">CCO</token>
<token id="83" sentence="4" number="7">Philippe</token>
<token id="84" sentence="4" number="8">Meunier</token>
<token id="85" sentence="4" number="9">,</token>
<token id="86" sentence="4" number="10">Pelletier</token>
<token id="87" sentence="4" number="11">teamed</token>
<token id="88" sentence="4" number="12">up</token>
<token id="89" sentence="4" number="13">with</token>
<token id="90" sentence="4" number="14">industrial</token>
<token id="91" sentence="4" number="15">designer</token>
<token id="92" sentence="4" number="16">Gabrielle</token>
<token id="93" sentence="4" number="17">St.</token>
<token id="94" sentence="4" number="18">Pierre</token>
<token id="95" sentence="4" number="19">to</token>
<token id="96" sentence="4" number="20">create</token>
<token id="97" sentence="4" number="21">the</token>
<token id="98" sentence="4" number="22">Slightly</token>
<token id="99" sentence="4" number="23">Uncomfortable</token>
<token id="100" sentence="4" number="24">Chair</token>
<token id="101" sentence="4" number="25">Collection</token>
<token id="102" sentence="4" number="26">,</token>
<token id="103" sentence="4" number="27">or</token>
<token id="104" sentence="4" number="28">SUCC</token>
<token id="105" sentence="4" number="29">for</token>
<token id="106" sentence="4" number="30">short</token>
<token id="107" sentence="4" number="31">.</token>
<token id="108" sentence="5" number="0">Out</token>
<token id="109" sentence="5" number="1">of</token>
<token id="110" sentence="5" number="2">50-odd</token>
<token id="111" sentence="5" number="3">ideas</token>
<token id="112" sentence="5" number="4">came</token>
<token id="113" sentence="5" number="5">the</token>
<token id="114" sentence="5" number="6">six</token>
<token id="115" sentence="5" number="7">chairs</token>
<token id="116" sentence="5" number="8">-</token>
<token id="117" sentence="5" number="9">one</token>
<token id="118" sentence="5" number="10">for</token>
<token id="119" sentence="5" number="11">each</token>
<token id="120" sentence="5" number="12">member</token>
<token id="121" sentence="5" number="13">of</token>
<token id="122" sentence="5" number="14">Sid</token>
<token id="123" sentence="5" number="15">Lee</token>
<token id="124" sentence="5" number="16">'s</token>
<token id="125" sentence="5" number="17">project</token>
<token id="126" sentence="5" number="18">teams</token>
<token id="127" sentence="5" number="19">-</token>
<token id="128" sentence="5" number="20">each</token>
<token id="129" sentence="5" number="21">with</token>
<token id="130" sentence="5" number="22">a</token>
<token id="131" sentence="5" number="23">uniquely</token>
<token id="132" sentence="5" number="24">uncomfortable</token>
<token id="133" sentence="5" number="25">attribute</token>
<token id="134" sentence="5" number="26">such</token>
<token id="135" sentence="5" number="27">as</token>
<token id="136" sentence="5" number="28">rocking</token>
<token id="137" sentence="5" number="29">legs</token>
<token id="138" sentence="5" number="30">that</token>
<token id="139" sentence="5" number="31">tip</token>
<token id="140" sentence="5" number="32">you</token>
<token id="141" sentence="5" number="33">over</token>
<token id="142" sentence="5" number="34">or</token>
<token id="143" sentence="5" number="35">an</token>
<token id="144" sentence="5" number="36">angled</token>
<token id="145" sentence="5" number="37">seat</token>
<token id="146" sentence="5" number="38">that</token>
<token id="147" sentence="5" number="39">invades</token>
<token id="148" sentence="5" number="40">your</token>
<token id="149" sentence="5" number="41">,</token>
<token id="150" sentence="5" number="42">er</token>
<token id="151" sentence="5" number="43">,</token>
<token id="152" sentence="5" number="44">personal</token>
<token id="153" sentence="5" number="45">space</token>
<token id="154" sentence="5" number="46">.</token>
<token id="155" sentence="6" number="0">The</token>
<token id="156" sentence="6" number="1">prototypes</token>
<token id="157" sentence="6" number="2">launched</token>
<token id="158" sentence="6" number="3">at</token>
<token id="159" sentence="6" number="4">the</token>
<token id="160" sentence="6" number="5">SIDIM</token>
<token id="161" sentence="6" number="6">design</token>
<token id="162" sentence="6" number="7">fair</token>
<token id="163" sentence="6" number="8">in</token>
<token id="164" sentence="6" number="9">Montreal</token>
<token id="165" sentence="6" number="10">this</token>
<token id="166" sentence="6" number="11">summer</token>
<token id="167" sentence="6" number="12">,</token>
<token id="168" sentence="6" number="13">where</token>
<token id="169" sentence="6" number="14">they</token>
<token id="170" sentence="6" number="15">received</token>
<token id="171" sentence="6" number="16">such</token>
<token id="172" sentence="6" number="17">positive</token>
<token id="173" sentence="6" number="18">response</token>
<token id="174" sentence="6" number="19">(</token>
<token id="175" sentence="6" number="20">winning</token>
<token id="176" sentence="6" number="21">the</token>
<token id="177" sentence="6" number="22">Best</token>
<token id="178" sentence="6" number="23">Small</token>
<token id="179" sentence="6" number="24">Stand</token>
<token id="180" sentence="6" number="25">award</token>
<token id="181" sentence="6" number="26">)</token>
<token id="182" sentence="6" number="27">that</token>
<token id="183" sentence="6" number="28">Sid</token>
<token id="184" sentence="6" number="29">Lee</token>
<token id="185" sentence="6" number="30">has</token>
<token id="186" sentence="6" number="31">reproduced</token>
<token id="187" sentence="6" number="32">them</token>
<token id="188" sentence="6" number="33">for</token>
<token id="189" sentence="6" number="34">public</token>
<token id="190" sentence="6" number="35">sale</token>
<token id="191" sentence="6" number="36">.</token>
<token id="192" sentence="7" number="0">The</token>
<token id="193" sentence="7" number="1">chairs</token>
<token id="194" sentence="7" number="2">will</token>
<token id="195" sentence="7" number="3">be</token>
<token id="196" sentence="7" number="4">available</token>
<token id="197" sentence="7" number="5">this</token>
<token id="198" sentence="7" number="6">winter</token>
<token id="199" sentence="7" number="7">in</token>
<token id="200" sentence="7" number="8">the</token>
<token id="201" sentence="7" number="9">boutique</token>
<token id="202" sentence="7" number="10">at</token>
<token id="203" sentence="7" number="11">the</token>
<token id="204" sentence="7" number="12">Montreal-based</token>
<token id="205" sentence="7" number="13">agency</token>
<token id="206" sentence="7" number="14">'s</token>
<token id="207" sentence="7" number="15">Amsterdam</token>
<token id="208" sentence="7" number="16">office</token>
<token id="209" sentence="7" number="17">-</token>
<token id="210" sentence="7" number="18">opened</token>
<token id="211" sentence="7" number="19">Nov.</token>
<token id="212" sentence="7" number="20">20</token>
<token id="213" sentence="7" number="21">-</token>
<token id="214" sentence="7" number="22">for</token>
<token id="215" sentence="7" number="23">an</token>
<token id="216" sentence="7" number="24">as-yet-undetermined</token>
<token id="217" sentence="7" number="25">price</token>
<token id="218" sentence="7" number="26">.</token>
<token id="219" sentence="8" number="0">Stops</token>
<token id="220" sentence="8" number="1">at</token>
<token id="221" sentence="8" number="2">design</token>
<token id="222" sentence="8" number="3">fairs</token>
<token id="223" sentence="8" number="4">elsewhere</token>
<token id="224" sentence="8" number="5">in</token>
<token id="225" sentence="8" number="6">Europe</token>
<token id="226" sentence="8" number="7">are</token>
<token id="227" sentence="8" number="8">also</token>
<token id="228" sentence="8" number="9">in</token>
<token id="229" sentence="8" number="10">the</token>
<token id="230" sentence="8" number="11">works</token>
<token id="231" sentence="8" number="12">.</token>
<token id="232" sentence="9" number="0">In</token>
<token id="233" sentence="9" number="1">the</token>
<token id="234" sentence="9" number="2">meantime</token>
<token id="235" sentence="9" number="3">,</token>
<token id="236" sentence="9" number="4">Pelletier</token>
<token id="237" sentence="9" number="5">is</token>
<token id="238" sentence="9" number="6">happy</token>
<token id="239" sentence="9" number="7">to</token>
<token id="240" sentence="9" number="8">have</token>
<token id="241" sentence="9" number="9">a</token>
<token id="242" sentence="9" number="10">tangible</token>
<token id="243" sentence="9" number="11">reminder</token>
<token id="244" sentence="9" number="12">to</token>
<token id="245" sentence="9" number="13">keep</token>
<token id="246" sentence="9" number="14">meetings</token>
<token id="247" sentence="9" number="15">short</token>
<token id="248" sentence="9" number="16">and</token>
<token id="249" sentence="9" number="17">sweet</token>
<token id="250" sentence="9" number="18">.</token>
<token id="251" sentence="10" number="0">``</token>
<token id="252" sentence="10" number="1">It</token>
<token id="253" sentence="10" number="2">'s</token>
<token id="254" sentence="10" number="3">actually</token>
<token id="255" sentence="10" number="4">in</token>
<token id="256" sentence="10" number="5">the</token>
<token id="257" sentence="10" number="6">empty</token>
<token id="258" sentence="10" number="7">spaces</token>
<token id="259" sentence="10" number="8">that</token>
<token id="260" sentence="10" number="9">you</token>
<token id="261" sentence="10" number="10">do</token>
<token id="262" sentence="10" number="11">your</token>
<token id="263" sentence="10" number="12">work</token>
<token id="264" sentence="10" number="13">,</token>
<token id="265" sentence="10" number="14">''</token>
<token id="266" sentence="10" number="15">says</token>
<token id="267" sentence="10" number="16">Pelletier</token>
<token id="268" sentence="10" number="17">.</token>
<token id="269" sentence="11" number="0">``</token>
<token id="270" sentence="11" number="1">If</token>
<token id="271" sentence="11" number="2">you</token>
<token id="272" sentence="11" number="3">look</token>
<token id="273" sentence="11" number="4">at</token>
<token id="274" sentence="11" number="5">somebody</token>
<token id="275" sentence="11" number="6">'s</token>
<token id="276" sentence="11" number="7">schedule</token>
<token id="277" sentence="11" number="8">and</token>
<token id="278" sentence="11" number="9">it</token>
<token id="279" sentence="11" number="10">'s</token>
<token id="280" sentence="11" number="11">empty</token>
<token id="281" sentence="11" number="12">,</token>
<token id="282" sentence="11" number="13">you</token>
<token id="283" sentence="11" number="14">think</token>
<token id="284" sentence="11" number="15">that</token>
<token id="285" sentence="11" number="16">person</token>
<token id="286" sentence="11" number="17">is</token>
<token id="287" sentence="11" number="18">doing</token>
<token id="288" sentence="11" number="19">nothing</token>
<token id="289" sentence="11" number="20">.</token>
<token id="290" sentence="12" number="0">I</token>
<token id="291" sentence="12" number="1">think</token>
<token id="292" sentence="12" number="2">it</token>
<token id="293" sentence="12" number="3">'s</token>
<token id="294" sentence="12" number="4">the</token>
<token id="295" sentence="12" number="5">opposite</token>
<token id="296" sentence="12" number="6">.</token>
<token id="297" sentence="12" number="7">''</token>


<Markables>
<ENTITY_MENTION id="11" syntactic_type="" head="" comment=""  >
<token_anchor id="122"/>
<token_anchor id="123"/>
</ENTITY_MENTION>
<ENTITY_MENTION id="12" syntactic_type="" head="" comment=""  >
<token_anchor id="160"/>
</ENTITY_MENTION>
<ENTITY_MENTION id="13" syntactic_type="" head="" comment=""  >
<token_anchor id="164"/>
</ENTITY_MENTION>
<ENTITY_MENTION id="15" syntactic_type="" head="" comment=""  >
<token_anchor id="177"/>
<token_anchor id="178"/>
<token_anchor id="179"/>
</ENTITY_MENTION>
<ENTITY_MENTION id="16" syntactic_type="" head="" comment=""  >
<token_anchor id="183"/>
<token_anchor id="184"/>
</ENTITY_MENTION>
<ENTITY_MENTION id="17" syntactic_type="" head="" comment=""  >
<token_anchor id="204"/>
</ENTITY_MENTION>
<ENTITY_MENTION id="18" syntactic_type="" head="" comment=""  >
<token_anchor id="207"/>
</ENTITY_MENTION>
<ENTITY_MENTION id="20" syntactic_type="" head="" comment=""  >
<token_anchor id="225"/>
</ENTITY_MENTION>
<ENTITY_MENTION id="22" syntactic_type="" head="" comment=""  >
<token_anchor id="236"/>
</ENTITY_MENTION>
<ENTITY_MENTION id="24" syntactic_type="" head="" comment=""  >
<token_anchor id="267"/>
</ENTITY_MENTION>
<ENTITY_MENTION id="27" head="" syntactic_type="" comment=""  >
<token_anchor id="2"/>
</ENTITY_MENTION>
<ENTITY_MENTION id="30" head="" syntactic_type="" comment=""  >
<token_anchor id="98"/>
<token_anchor id="99"/>
<token_anchor id="100"/>
<token_anchor id="101"/>
</ENTITY_MENTION>
<ENTITY_MENTION id="1" syntactic_type="" head="" comment=""  >
<token_anchor id="3"/>
<token_anchor id="4"/>
</ENTITY_MENTION>
<ENTITY_MENTION id="2" syntactic_type="" head="" comment=""  >
<token_anchor id="7"/>
<token_anchor id="8"/>
</ENTITY_MENTION>
<ENTITY_MENTION id="3" syntactic_type="" head="" comment=""  >
<token_anchor id="42"/>
</ENTITY_MENTION>
<ENTITY_MENTION id="5" syntactic_type="" head="" comment=""  >
<token_anchor id="80"/>
<token_anchor id="81"/>
</ENTITY_MENTION>
<ENTITY_MENTION id="6" syntactic_type="" head="" comment=""  >
<token_anchor id="83"/>
<token_anchor id="84"/>
</ENTITY_MENTION>
<ENTITY_MENTION id="7" syntactic_type="" head="" comment=""  >
<token_anchor id="86"/>
</ENTITY_MENTION>
<ENTITY_MENTION id="9" syntactic_type="" head="" comment=""  >
<token_anchor id="92"/>
<token_anchor id="93"/>
<token_anchor id="94"/>
</ENTITY_MENTION>
<ENTITY_MENTION id="10" syntactic_type="" head="" comment=""  >
<token_anchor id="104"/>
</ENTITY_MENTION>
<SIGNAL id="26" comment=""  >
<token_anchor id="1"/>
</SIGNAL>


<ENTITY id="4" RELATED_TO="" TAG_DESCRIPTOR="http://dbpedia.org/resource/Mc_Donalds" ent_type="" ent_class="" comment="" external_ref="http://dbpedia.org/resource/Mc_Donalds" />
<ENTITY id="8" RELATED_TO="" TAG_DESCRIPTOR="http://dbpedia.org/resource/Pierre_Joseph_Pelletier" ent_type="" ent_class="" comment="" external_ref="http://dbpedia.org/resource/Pierre_Joseph_Pelletier" />
<ENTITY id="14" RELATED_TO="" TAG_DESCRIPTOR="http://dbpedia.org/resource/Montreal" ent_type="" ent_class="" comment="" external_ref="http://dbpedia.org/resource/Montreal" />
<ENTITY id="19" RELATED_TO="" TAG_DESCRIPTOR="http://dbpedia.org/resource/Amsterdam" ent_type="" ent_class="" comment="" external_ref="http://dbpedia.org/resource/Amsterdam" />
<ENTITY id="21" RELATED_TO="" TAG_DESCRIPTOR="http://dbpedia.org/resource/Europe" ent_type="" ent_class="" comment="" external_ref="http://dbpedia.org/resource/Europe" />
<ENTITY id="23" RELATED_TO="" TAG_DESCRIPTOR="http://dbpedia.org/resource/Pierre_Joseph_Pelletier" ent_type="" ent_class="" comment="" external_ref="http://dbpedia.org/resource/Pierre_Joseph_Pelletier" />
<ENTITY id="25" RELATED_TO="" TAG_DESCRIPTOR="http://dbpedia.org/resource/Pierre_Joseph_Pelletier" ent_type="" ent_class="" comment="" external_ref="http://dbpedia.org/resource/Pierre_Joseph_Pelletier" />
<ENTITY id="28" RELATED_TO="" TAG_DESCRIPTOR="http://dbpedia.org/resource/SUCC" ent_type="PER" ent_class="" comment="" external_ref="http://dbpedia.org/resource/SUCC" />
<ENTITY id="29" RELATED_TO="" TAG_DESCRIPTOR="http://dbpedia.org/resource/Sid_Lee" ent_type="PER" ent_class="" comment="" external_ref="http://dbpedia.org/resource/Sid_Lee" />
</Markables>

<Relations>
<REFERS_TO id="433674" >
<source id="20" />
<target id="21" />
</REFERS_TO>
<REFERS_TO id="433676" >
<source id="18" />
<target id="19" />
</REFERS_TO>
<REFERS_TO id="433677" >
<source id="3" />
<target id="4" />
</REFERS_TO>
<REFERS_TO id="433679" >
<source id="13" />
<target id="14" />
</REFERS_TO>
<REFERS_TO id="433951" >
<source id="1" />
<target id="29" />
</REFERS_TO>
<REFERS_TO id="433952" >
<source id="5" />
<target id="29" />
</REFERS_TO>
<REFERS_TO id="433954" >
<source id="11" />
<target id="29" />
</REFERS_TO>
<REFERS_TO id="433955" >
<source id="16" />
<target id="29" />
</REFERS_TO>
<REFERS_TO id="433956" >
<source id="17" />
<target id="14" />
</REFERS_TO>
</Relations>
</Document>
