<Document doc_name="584H-XYS1-JDKC-R4H3.xml">
<token id="1" sentence="0" number="0">USDA</token>
<token id="2" sentence="0" number="1">SEEKS</token>
<token id="3" sentence="0" number="2">NOMINEES</token>
<token id="4" sentence="0" number="3">FOR</token>
<token id="5" sentence="0" number="4">THE</token>
<token id="6" sentence="0" number="5">NATIONAL</token>
<token id="7" sentence="0" number="6">MANGO</token>
<token id="8" sentence="0" number="7">BOARD</token>
<token id="9" sentence="1" number="0">WASHINGTON</token>
<token id="10" sentence="1" number="1">,</token>
<token id="11" sentence="1" number="2">April</token>
<token id="12" sentence="1" number="3">4</token>
<token id="13" sentence="1" number="4">--</token>
<token id="14" sentence="1" number="5">The</token>
<token id="15" sentence="1" number="6">U.S.</token>
<token id="16" sentence="1" number="7">Department</token>
<token id="17" sentence="1" number="8">of</token>
<token id="18" sentence="1" number="9">Agriculture</token>
<token id="19" sentence="1" number="10">'s</token>
<token id="20" sentence="1" number="11">Agricultural</token>
<token id="21" sentence="1" number="12">Marketing</token>
<token id="22" sentence="1" number="13">Service</token>
<token id="23" sentence="1" number="14">issued</token>
<token id="24" sentence="1" number="15">the</token>
<token id="25" sentence="1" number="16">following</token>
<token id="26" sentence="1" number="17">press</token>
<token id="27" sentence="1" number="18">release</token>
<token id="28" sentence="1" number="19">:</token>
<token id="29" sentence="1" number="20">The</token>
<token id="30" sentence="1" number="21">U.S.</token>
<token id="31" sentence="1" number="22">Department</token>
<token id="32" sentence="1" number="23">of</token>
<token id="33" sentence="1" number="24">Agriculture</token>
<token id="34" sentence="1" number="25">is</token>
<token id="35" sentence="1" number="26">seeking</token>
<token id="36" sentence="1" number="27">nominations</token>
<token id="37" sentence="1" number="28">for</token>
<token id="38" sentence="1" number="29">seven</token>
<token id="39" sentence="1" number="30">seats</token>
<token id="40" sentence="1" number="31">on</token>
<token id="41" sentence="1" number="32">the</token>
<token id="42" sentence="1" number="33">National</token>
<token id="43" sentence="1" number="34">Mango</token>
<token id="44" sentence="1" number="35">Board</token>
<token id="45" sentence="1" number="36">.</token>
<token id="46" sentence="2" number="0">The</token>
<token id="47" sentence="2" number="1">board</token>
<token id="48" sentence="2" number="2">is</token>
<token id="49" sentence="2" number="3">composed</token>
<token id="50" sentence="2" number="4">of</token>
<token id="51" sentence="2" number="5">18</token>
<token id="52" sentence="2" number="6">members</token>
<token id="53" sentence="2" number="7">,</token>
<token id="54" sentence="2" number="8">including</token>
<token id="55" sentence="2" number="9">eight</token>
<token id="56" sentence="2" number="10">importers</token>
<token id="57" sentence="2" number="11">;</token>
<token id="58" sentence="2" number="12">two</token>
<token id="59" sentence="2" number="13">domestic</token>
<token id="60" sentence="2" number="14">producers</token>
<token id="61" sentence="2" number="15">;</token>
<token id="62" sentence="2" number="16">one</token>
<token id="63" sentence="2" number="17">first</token>
<token id="64" sentence="2" number="18">handler</token>
<token id="65" sentence="2" number="19">;</token>
<token id="66" sentence="2" number="20">and</token>
<token id="67" sentence="2" number="21">seven</token>
<token id="68" sentence="2" number="22">foreign</token>
<token id="69" sentence="2" number="23">producers</token>
<token id="70" sentence="2" number="24">.</token>
<token id="71" sentence="3" number="0">The</token>
<token id="72" sentence="3" number="1">National</token>
<token id="73" sentence="3" number="2">Mango</token>
<token id="74" sentence="3" number="3">Board</token>
<token id="75" sentence="3" number="4">is</token>
<token id="76" sentence="3" number="5">looking</token>
<token id="77" sentence="3" number="6">for</token>
<token id="78" sentence="3" number="7">three</token>
<token id="79" sentence="3" number="8">foreign</token>
<token id="80" sentence="3" number="9">producers</token>
<token id="81" sentence="3" number="10">and</token>
<token id="82" sentence="3" number="11">a</token>
<token id="83" sentence="3" number="12">domestic</token>
<token id="84" sentence="3" number="13">producer</token>
<token id="85" sentence="3" number="14">to</token>
<token id="86" sentence="3" number="15">replace</token>
<token id="87" sentence="3" number="16">representatives</token>
<token id="88" sentence="3" number="17">whose</token>
<token id="89" sentence="3" number="18">terms</token>
<token id="90" sentence="3" number="19">expire</token>
<token id="91" sentence="3" number="20">at</token>
<token id="92" sentence="3" number="21">the</token>
<token id="93" sentence="3" number="22">end</token>
<token id="94" sentence="3" number="23">of</token>
<token id="95" sentence="3" number="24">this</token>
<token id="96" sentence="3" number="25">year</token>
<token id="97" sentence="3" number="26">.</token>
<token id="98" sentence="4" number="0">The</token>
<token id="99" sentence="4" number="1">foreign</token>
<token id="100" sentence="4" number="2">producers</token>
<token id="101" sentence="4" number="3">represent</token>
<token id="102" sentence="4" number="4">production</token>
<token id="103" sentence="4" number="5">in</token>
<token id="104" sentence="4" number="6">overseas</token>
<token id="105" sentence="4" number="7">countries</token>
<token id="106" sentence="4" number="8">and</token>
<token id="107" sentence="4" number="9">the</token>
<token id="108" sentence="4" number="10">domestic</token>
<token id="109" sentence="4" number="11">producer</token>
<token id="110" sentence="4" number="12">represents</token>
<token id="111" sentence="4" number="13">production</token>
<token id="112" sentence="4" number="14">in</token>
<token id="113" sentence="4" number="15">the</token>
<token id="114" sentence="4" number="16">United</token>
<token id="115" sentence="4" number="17">States</token>
<token id="116" sentence="4" number="18">.</token>
<token id="117" sentence="5" number="0">The</token>
<token id="118" sentence="5" number="1">board</token>
<token id="119" sentence="5" number="2">is</token>
<token id="120" sentence="5" number="3">also</token>
<token id="121" sentence="5" number="4">seeking</token>
<token id="122" sentence="5" number="5">to</token>
<token id="123" sentence="5" number="6">fill</token>
<token id="124" sentence="5" number="7">three</token>
<token id="125" sentence="5" number="8">importer</token>
<token id="126" sentence="5" number="9">seats</token>
<token id="127" sentence="5" number="10">.</token>
<token id="128" sentence="6" number="0">Two</token>
<token id="129" sentence="6" number="1">importers</token>
<token id="130" sentence="6" number="2">will</token>
<token id="131" sentence="6" number="3">represent</token>
<token id="132" sentence="6" number="4">District</token>
<token id="133" sentence="6" number="5">3</token>
<token id="134" sentence="6" number="6">,</token>
<token id="135" sentence="6" number="7">which</token>
<token id="136" sentence="6" number="8">covers</token>
<token id="137" sentence="6" number="9">the</token>
<token id="138" sentence="6" number="10">customs</token>
<token id="139" sentence="6" number="11">districts</token>
<token id="140" sentence="6" number="12">of</token>
<token id="141" sentence="6" number="13">El</token>
<token id="142" sentence="6" number="14">Paso</token>
<token id="143" sentence="6" number="15">,</token>
<token id="144" sentence="6" number="16">Texas</token>
<token id="145" sentence="6" number="17">;</token>
<token id="146" sentence="6" number="18">Nogales</token>
<token id="147" sentence="6" number="19">,</token>
<token id="148" sentence="6" number="20">Ariz.</token>
<token id="149" sentence="6" number="21">;</token>
<token id="150" sentence="6" number="22">Great</token>
<token id="151" sentence="6" number="23">Falls</token>
<token id="152" sentence="6" number="24">,</token>
<token id="153" sentence="6" number="25">Mont.</token>
<token id="154" sentence="6" number="26">;</token>
<token id="155" sentence="6" number="27">and</token>
<token id="156" sentence="6" number="28">Pembina</token>
<token id="157" sentence="6" number="29">,</token>
<token id="158" sentence="6" number="30">N.D.</token>
<token id="159" sentence="6" number="31">;</token>
<token id="160" sentence="6" number="32">and</token>
<token id="161" sentence="6" number="33">one</token>
<token id="162" sentence="6" number="34">importer</token>
<token id="163" sentence="6" number="35">will</token>
<token id="164" sentence="6" number="36">cover</token>
<token id="165" sentence="6" number="37">District</token>
<token id="166" sentence="6" number="38">4</token>
<token id="167" sentence="6" number="39">,</token>
<token id="168" sentence="6" number="40">which</token>
<token id="169" sentence="6" number="41">includes</token>
<token id="170" sentence="6" number="42">the</token>
<token id="171" sentence="6" number="43">customs</token>
<token id="172" sentence="6" number="44">districts</token>
<token id="173" sentence="6" number="45">of</token>
<token id="174" sentence="6" number="46">San</token>
<token id="175" sentence="6" number="47">Diego</token>
<token id="176" sentence="6" number="48">,</token>
<token id="177" sentence="6" number="49">Los</token>
<token id="178" sentence="6" number="50">Angeles</token>
<token id="179" sentence="6" number="51">,</token>
<token id="180" sentence="6" number="52">and</token>
<token id="181" sentence="6" number="53">San</token>
<token id="182" sentence="6" number="54">Francisco</token>
<token id="183" sentence="6" number="55">,</token>
<token id="184" sentence="6" number="56">Calif.</token>
<token id="185" sentence="6" number="57">;</token>
<token id="186" sentence="6" number="58">Columbia-Snake</token>
<token id="187" sentence="6" number="59">,</token>
<token id="188" sentence="6" number="60">Ore.</token>
<token id="189" sentence="6" number="61">;</token>
<token id="190" sentence="6" number="62">Seattle</token>
<token id="191" sentence="6" number="63">,</token>
<token id="192" sentence="6" number="64">Wash.</token>
<token id="193" sentence="6" number="65">;</token>
<token id="194" sentence="6" number="66">Anchorage</token>
<token id="195" sentence="6" number="67">,</token>
<token id="196" sentence="6" number="68">Alaska</token>
<token id="197" sentence="6" number="69">and</token>
<token id="198" sentence="6" number="70">Honolulu</token>
<token id="199" sentence="6" number="71">,</token>
<token id="200" sentence="6" number="72">Hawaii</token>
<token id="201" sentence="6" number="73">.</token>
<token id="202" sentence="7" number="0">Perspective</token>
<token id="203" sentence="7" number="1">nominees</token>
<token id="204" sentence="7" number="2">must</token>
<token id="205" sentence="7" number="3">submit</token>
<token id="206" sentence="7" number="4">applications</token>
<token id="207" sentence="7" number="5">by</token>
<token id="208" sentence="7" number="6">May</token>
<token id="209" sentence="7" number="7">8</token>
<token id="210" sentence="7" number="8">,</token>
<token id="211" sentence="7" number="9">2013</token>
<token id="212" sentence="7" number="10">.</token>
<token id="213" sentence="8" number="0">Each</token>
<token id="214" sentence="8" number="1">selected</token>
<token id="215" sentence="8" number="2">member</token>
<token id="216" sentence="8" number="3">will</token>
<token id="217" sentence="8" number="4">serve</token>
<token id="218" sentence="8" number="5">a</token>
<token id="219" sentence="8" number="6">three-year</token>
<token id="220" sentence="8" number="7">term</token>
<token id="221" sentence="8" number="8">of</token>
<token id="222" sentence="8" number="9">office</token>
<token id="223" sentence="8" number="10">.</token>
<token id="224" sentence="9" number="0">USDA</token>
<token id="225" sentence="9" number="1">encourages</token>
<token id="226" sentence="9" number="2">board</token>
<token id="227" sentence="9" number="3">membership</token>
<token id="228" sentence="9" number="4">that</token>
<token id="229" sentence="9" number="5">reflects</token>
<token id="230" sentence="9" number="6">the</token>
<token id="231" sentence="9" number="7">diversity</token>
<token id="232" sentence="9" number="8">of</token>
<token id="233" sentence="9" number="9">the</token>
<token id="234" sentence="9" number="10">individuals</token>
<token id="235" sentence="9" number="11">served</token>
<token id="236" sentence="9" number="12">by</token>
<token id="237" sentence="9" number="13">the</token>
<token id="238" sentence="9" number="14">programs</token>
<token id="239" sentence="9" number="15">.</token>
<token id="240" sentence="10" number="0">All</token>
<token id="241" sentence="10" number="1">eligible</token>
<token id="242" sentence="10" number="2">women</token>
<token id="243" sentence="10" number="3">,</token>
<token id="244" sentence="10" number="4">minorities</token>
<token id="245" sentence="10" number="5">and</token>
<token id="246" sentence="10" number="6">persons</token>
<token id="247" sentence="10" number="7">with</token>
<token id="248" sentence="10" number="8">disabilities</token>
<token id="249" sentence="10" number="9">are</token>
<token id="250" sentence="10" number="10">invited</token>
<token id="251" sentence="10" number="11">to</token>
<token id="252" sentence="10" number="12">seek</token>
<token id="253" sentence="10" number="13">nomination</token>
<token id="254" sentence="10" number="14">for</token>
<token id="255" sentence="10" number="15">a</token>
<token id="256" sentence="10" number="16">seat</token>
<token id="257" sentence="10" number="17">on</token>
<token id="258" sentence="10" number="18">the</token>
<token id="259" sentence="10" number="19">National</token>
<token id="260" sentence="10" number="20">Mango</token>
<token id="261" sentence="10" number="21">Board</token>
<token id="262" sentence="10" number="22">.</token>
<token id="263" sentence="11" number="0">The</token>
<token id="264" sentence="11" number="1">National</token>
<token id="265" sentence="11" number="2">Mango</token>
<token id="266" sentence="11" number="3">Board</token>
<token id="267" sentence="11" number="4">meets</token>
<token id="268" sentence="11" number="5">periodically</token>
<token id="269" sentence="11" number="6">to</token>
<token id="270" sentence="11" number="7">review</token>
<token id="271" sentence="11" number="8">marketing</token>
<token id="272" sentence="11" number="9">and</token>
<token id="273" sentence="11" number="10">research</token>
<token id="274" sentence="11" number="11">activities</token>
<token id="275" sentence="11" number="12">that</token>
<token id="276" sentence="11" number="13">benefit</token>
<token id="277" sentence="11" number="14">the</token>
<token id="278" sentence="11" number="15">industry</token>
<token id="279" sentence="11" number="16">.</token>
<token id="280" sentence="12" number="0">The</token>
<token id="281" sentence="12" number="1">national</token>
<token id="282" sentence="12" number="2">program</token>
<token id="283" sentence="12" number="3">,</token>
<token id="284" sentence="12" number="4">which</token>
<token id="285" sentence="12" number="5">became</token>
<token id="286" sentence="12" number="6">effective</token>
<token id="287" sentence="12" number="7">in</token>
<token id="288" sentence="12" number="8">2004</token>
<token id="289" sentence="12" number="9">,</token>
<token id="290" sentence="12" number="10">is</token>
<token id="291" sentence="12" number="11">industry-funded</token>
<token id="292" sentence="12" number="12">and</token>
<token id="293" sentence="12" number="13">supports</token>
<token id="294" sentence="12" number="14">the</token>
<token id="295" sentence="12" number="15">national</token>
<token id="296" sentence="12" number="16">marketing</token>
<token id="297" sentence="12" number="17">and</token>
<token id="298" sentence="12" number="18">promotion</token>
<token id="299" sentence="12" number="19">of</token>
<token id="300" sentence="12" number="20">fresh</token>
<token id="301" sentence="12" number="21">mangos</token>
<token id="302" sentence="12" number="22">.</token>
<token id="303" sentence="13" number="0">USDA</token>
<token id="304" sentence="13" number="1">'s</token>
<token id="305" sentence="13" number="2">Agricultural</token>
<token id="306" sentence="13" number="3">Marketing</token>
<token id="307" sentence="13" number="4">Service</token>
<token id="308" sentence="13" number="5">oversees</token>
<token id="309" sentence="13" number="6">board</token>
<token id="310" sentence="13" number="7">activities</token>
<token id="311" sentence="13" number="8">to</token>
<token id="312" sentence="13" number="9">ensure</token>
<token id="313" sentence="13" number="10">fiscal</token>
<token id="314" sentence="13" number="11">responsibility</token>
<token id="315" sentence="13" number="12">,</token>
<token id="316" sentence="13" number="13">program</token>
<token id="317" sentence="13" number="14">efficiency</token>
<token id="318" sentence="13" number="15">and</token>
<token id="319" sentence="13" number="16">fair</token>
<token id="320" sentence="13" number="17">treatment</token>
<token id="321" sentence="13" number="18">of</token>
<token id="322" sentence="13" number="19">participating</token>
<token id="323" sentence="13" number="20">stakeholders</token>
<token id="324" sentence="13" number="21">.</token>
<token id="325" sentence="14" number="0">For</token>
<token id="326" sentence="14" number="1">more</token>
<token id="327" sentence="14" number="2">information</token>
<token id="328" sentence="14" number="3">or</token>
<token id="329" sentence="14" number="4">an</token>
<token id="330" sentence="14" number="5">application</token>
<token id="331" sentence="14" number="6">,</token>
<token id="332" sentence="14" number="7">please</token>
<token id="333" sentence="14" number="8">contact</token>
<token id="334" sentence="14" number="9">National</token>
<token id="335" sentence="14" number="10">Mango</token>
<token id="336" sentence="14" number="11">Board</token>
<token id="337" sentence="14" number="12">Executive</token>
<token id="338" sentence="14" number="13">Director</token>
<token id="339" sentence="14" number="14">,</token>
<token id="340" sentence="14" number="15">William</token>
<token id="341" sentence="14" number="16">Watson</token>
<token id="342" sentence="14" number="17">or</token>
<token id="343" sentence="14" number="18">Director</token>
<token id="344" sentence="14" number="19">of</token>
<token id="345" sentence="14" number="20">Industry</token>
<token id="346" sentence="14" number="21">Relations</token>
<token id="347" sentence="14" number="22">,</token>
<token id="348" sentence="14" number="23">Marilda</token>
<token id="349" sentence="14" number="24">Peele</token>
<token id="350" sentence="14" number="25">by</token>
<token id="351" sentence="14" number="26">phone</token>
<token id="352" sentence="14" number="27">at</token>
<token id="353" sentence="14" number="28">(407)??629-7318</token>
<token id="354" sentence="14" number="29">or</token>
<token id="355" sentence="14" number="30">email</token>
<token id="356" sentence="14" number="31">at</token>
<token id="357" sentence="14" number="32">wwatson@mango.org</token>
<token id="358" sentence="14" number="33">or</token>
<token id="359" sentence="14" number="34">mpeele@mango.org</token>
<token id="360" sentence="14" number="35">Visit</token>
<token id="361" sentence="14" number="36">the</token>
<token id="362" sentence="14" number="37">National</token>
<token id="363" sentence="14" number="38">Mango</token>
<token id="364" sentence="14" number="39">Board</token>
<token id="365" sentence="14" number="40">'s</token>
<token id="366" sentence="14" number="41">website</token>
<token id="367" sentence="14" number="42">at</token>
<token id="368" sentence="14" number="43">www.mango.org/nominations</token>
<token id="369" sentence="14" number="44">.</token>
<token id="370" sentence="15" number="0">For</token>
<token id="371" sentence="15" number="1">any</token>
<token id="372" sentence="15" number="2">query</token>
<token id="373" sentence="15" number="3">with</token>
<token id="374" sentence="15" number="4">respect</token>
<token id="375" sentence="15" number="5">to</token>
<token id="376" sentence="15" number="6">this</token>
<token id="377" sentence="15" number="7">article</token>
<token id="378" sentence="15" number="8">or</token>
<token id="379" sentence="15" number="9">any</token>
<token id="380" sentence="15" number="10">other</token>
<token id="381" sentence="15" number="11">content</token>
<token id="382" sentence="15" number="12">requirement</token>
<token id="383" sentence="15" number="13">,</token>
<token id="384" sentence="15" number="14">please</token>
<token id="385" sentence="15" number="15">contact</token>
<token id="386" sentence="15" number="16">Editor</token>
<token id="387" sentence="15" number="17">at</token>
<token id="388" sentence="15" number="18">htsyndication@hindustantimes.com</token>


<Markables>
<ENTITY_MENTION id="14" syntactic_type="" head="" comment=""  >
<token_anchor id="144"/>
</ENTITY_MENTION>
<ENTITY_MENTION id="16" syntactic_type="" head="" comment=""  >
<token_anchor id="146"/>
</ENTITY_MENTION>
<ENTITY_MENTION id="18" syntactic_type="" head="" comment=""  >
<token_anchor id="148"/>
</ENTITY_MENTION>
<ENTITY_MENTION id="19" syntactic_type="" head="" comment=""  >
<token_anchor id="150"/>
<token_anchor id="151"/>
</ENTITY_MENTION>
<ENTITY_MENTION id="21" syntactic_type="" head="" comment=""  >
<token_anchor id="156"/>
</ENTITY_MENTION>
<ENTITY_MENTION id="23" syntactic_type="" head="" comment=""  >
<token_anchor id="174"/>
<token_anchor id="175"/>
</ENTITY_MENTION>
<ENTITY_MENTION id="25" syntactic_type="" head="" comment=""  >
<token_anchor id="177"/>
<token_anchor id="178"/>
</ENTITY_MENTION>
<ENTITY_MENTION id="27" syntactic_type="" head="" comment=""  >
<token_anchor id="181"/>
<token_anchor id="182"/>
</ENTITY_MENTION>
<ENTITY_MENTION id="29" syntactic_type="" head="" comment=""  >
<token_anchor id="184"/>
</ENTITY_MENTION>
<ENTITY_MENTION id="31" syntactic_type="" head="" comment=""  >
<token_anchor id="186"/>
</ENTITY_MENTION>
<ENTITY_MENTION id="32" syntactic_type="" head="" comment=""  >
<token_anchor id="188"/>
</ENTITY_MENTION>
<ENTITY_MENTION id="34" syntactic_type="" head="" comment=""  >
<token_anchor id="190"/>
</ENTITY_MENTION>
<ENTITY_MENTION id="36" syntactic_type="" head="" comment=""  >
<token_anchor id="192"/>
</ENTITY_MENTION>
<ENTITY_MENTION id="38" syntactic_type="" head="" comment=""  >
<token_anchor id="194"/>
</ENTITY_MENTION>
<ENTITY_MENTION id="40" syntactic_type="" head="" comment=""  >
<token_anchor id="196"/>
</ENTITY_MENTION>
<ENTITY_MENTION id="42" syntactic_type="" head="" comment=""  >
<token_anchor id="198"/>
</ENTITY_MENTION>
<ENTITY_MENTION id="44" syntactic_type="" head="" comment=""  >
<token_anchor id="200"/>
</ENTITY_MENTION>
<ENTITY_MENTION id="46" syntactic_type="" head="" comment=""  >
<token_anchor id="224"/>
</ENTITY_MENTION>
<ENTITY_MENTION id="48" syntactic_type="" head="" comment=""  >
<token_anchor id="259"/>
<token_anchor id="260"/>
<token_anchor id="261"/>
</ENTITY_MENTION>
<ENTITY_MENTION id="49" syntactic_type="" head="" comment=""  >
<token_anchor id="264"/>
<token_anchor id="265"/>
<token_anchor id="266"/>
</ENTITY_MENTION>
<ENTITY_MENTION id="50" syntactic_type="" head="" comment=""  >
<token_anchor id="303"/>
</ENTITY_MENTION>
<ENTITY_MENTION id="52" syntactic_type="" head="" comment=""  >
<token_anchor id="305"/>
<token_anchor id="306"/>
<token_anchor id="307"/>
</ENTITY_MENTION>
<ENTITY_MENTION id="54" syntactic_type="" head="" comment=""  >
<token_anchor id="334"/>
<token_anchor id="335"/>
<token_anchor id="336"/>
<token_anchor id="337"/>
<token_anchor id="338"/>
</ENTITY_MENTION>
<ENTITY_MENTION id="55" syntactic_type="" head="" comment=""  >
<token_anchor id="340"/>
<token_anchor id="341"/>
</ENTITY_MENTION>
<ENTITY_MENTION id="1" syntactic_type="" head="" comment=""  >
<token_anchor id="1"/>
</ENTITY_MENTION>
<ENTITY_MENTION id="57" syntactic_type="" head="" comment=""  >
<token_anchor id="343"/>
<token_anchor id="344"/>
<token_anchor id="345"/>
<token_anchor id="346"/>
</ENTITY_MENTION>
<ENTITY_MENTION id="3" syntactic_type="" head="" comment=""  >
<token_anchor id="9"/>
</ENTITY_MENTION>
<ENTITY_MENTION id="58" syntactic_type="" head="" comment=""  >
<token_anchor id="348"/>
<token_anchor id="349"/>
</ENTITY_MENTION>
<ENTITY_MENTION id="5" syntactic_type="" head="" comment=""  >
<token_anchor id="15"/>
<token_anchor id="16"/>
<token_anchor id="17"/>
<token_anchor id="18"/>
<token_anchor id="19"/>
<token_anchor id="20"/>
<token_anchor id="21"/>
<token_anchor id="22"/>
</ENTITY_MENTION>
<ENTITY_MENTION id="59" syntactic_type="" head="" comment=""  >
<token_anchor id="362"/>
<token_anchor id="363"/>
<token_anchor id="364"/>
</ENTITY_MENTION>
<ENTITY_MENTION id="6" syntactic_type="" head="" comment=""  >
<token_anchor id="30"/>
<token_anchor id="31"/>
<token_anchor id="32"/>
<token_anchor id="33"/>
</ENTITY_MENTION>
<ENTITY_MENTION id="8" syntactic_type="" head="" comment=""  >
<token_anchor id="42"/>
<token_anchor id="43"/>
<token_anchor id="44"/>
</ENTITY_MENTION>
<ENTITY_MENTION id="61" head="" syntactic_type="" comment=""  >
<token_anchor id="6"/>
<token_anchor id="7"/>
<token_anchor id="8"/>
</ENTITY_MENTION>
<ENTITY_MENTION id="9" syntactic_type="" head="" comment=""  >
<token_anchor id="72"/>
<token_anchor id="73"/>
<token_anchor id="74"/>
</ENTITY_MENTION>
<ENTITY_MENTION id="62" head="" syntactic_type="" comment=""  >
<token_anchor id="153"/>
</ENTITY_MENTION>
<ENTITY_MENTION id="10" syntactic_type="" head="" comment=""  >
<token_anchor id="114"/>
<token_anchor id="115"/>
</ENTITY_MENTION>
<ENTITY_MENTION id="12" syntactic_type="" head="" comment=""  >
<token_anchor id="141"/>
<token_anchor id="142"/>
</ENTITY_MENTION>
<SIGNAL id="60" comment=""  >
<token_anchor id="5"/>
</SIGNAL>


<ENTITY id="2" RELATED_TO="" TAG_DESCRIPTOR="http://dbpedia.org/resource/U.S.D.A_(group)" ent_type="" ent_class="" comment="" external_ref="http://dbpedia.org/resource/U.S.D.A_(group)" />
<ENTITY id="4" RELATED_TO="" TAG_DESCRIPTOR="http://dbpedia.org/resource/Washington_D.C." ent_type="" ent_class="" comment="" external_ref="http://dbpedia.org/resource/Washington_D.C." />
<ENTITY id="7" RELATED_TO="" TAG_DESCRIPTOR="http://dbpedia.org/resource/US_Department_of_Agriculture" ent_type="" ent_class="" comment="" external_ref="http://dbpedia.org/resource/US_Department_of_Agriculture" />
<ENTITY id="11" RELATED_TO="" TAG_DESCRIPTOR="http://dbpedia.org/resource/United_States" ent_type="" ent_class="" comment="" external_ref="http://dbpedia.org/resource/United_States" />
<ENTITY id="13" RELATED_TO="" TAG_DESCRIPTOR="http://dbpedia.org/resource/El_Paso,_Texas" ent_type="" ent_class="" comment="" external_ref="http://dbpedia.org/resource/El_Paso,_Texas" />
<ENTITY id="15" RELATED_TO="" TAG_DESCRIPTOR="http://dbpedia.org/resource/Texas" ent_type="" ent_class="" comment="" external_ref="http://dbpedia.org/resource/Texas" />
<ENTITY id="17" RELATED_TO="" TAG_DESCRIPTOR="http://dbpedia.org/resource/Nogales,_Arizona" ent_type="" ent_class="" comment="" external_ref="http://dbpedia.org/resource/Nogales,_Arizona" />
<ENTITY id="20" RELATED_TO="" TAG_DESCRIPTOR="http://dbpedia.org/resource/Great_Falls,_Montana" ent_type="" ent_class="" comment="" external_ref="http://dbpedia.org/resource/Great_Falls,_Montana" />
<ENTITY id="22" RELATED_TO="" TAG_DESCRIPTOR="http://dbpedia.org/resource/Pembina,_North_Dakota" ent_type="" ent_class="" comment="" external_ref="http://dbpedia.org/resource/Pembina,_North_Dakota" />
<ENTITY id="24" RELATED_TO="" TAG_DESCRIPTOR="http://dbpedia.org/resource/San_Diego" ent_type="" ent_class="" comment="" external_ref="http://dbpedia.org/resource/San_Diego" />
<ENTITY id="26" RELATED_TO="" TAG_DESCRIPTOR="http://dbpedia.org/resource/Los_Angeles" ent_type="" ent_class="" comment="" external_ref="http://dbpedia.org/resource/Los_Angeles" />
<ENTITY id="28" RELATED_TO="" TAG_DESCRIPTOR="http://dbpedia.org/resource/San_Francisco" ent_type="" ent_class="" comment="" external_ref="http://dbpedia.org/resource/San_Francisco" />
<ENTITY id="30" RELATED_TO="" TAG_DESCRIPTOR="http://dbpedia.org/resource/California" ent_type="" ent_class="" comment="" external_ref="http://dbpedia.org/resource/California" />
<ENTITY id="33" RELATED_TO="" TAG_DESCRIPTOR="http://dbpedia.org/resource/Ore_Valley" ent_type="" ent_class="" comment="" external_ref="http://dbpedia.org/resource/Ore_Valley" />
<ENTITY id="35" RELATED_TO="" TAG_DESCRIPTOR="http://dbpedia.org/resource/Seattle" ent_type="" ent_class="" comment="" external_ref="http://dbpedia.org/resource/Seattle" />
<ENTITY id="37" RELATED_TO="" TAG_DESCRIPTOR="http://dbpedia.org/resource/Washington_Mystics" ent_type="" ent_class="" comment="" external_ref="http://dbpedia.org/resource/Washington_Mystics" />
<ENTITY id="39" RELATED_TO="" TAG_DESCRIPTOR="http://dbpedia.org/resource/Anchorage,_Alaska" ent_type="" ent_class="" comment="" external_ref="http://dbpedia.org/resource/Anchorage,_Alaska" />
<ENTITY id="41" RELATED_TO="" TAG_DESCRIPTOR="http://dbpedia.org/resource/Alaska" ent_type="" ent_class="" comment="" external_ref="http://dbpedia.org/resource/Alaska" />
<ENTITY id="43" RELATED_TO="" TAG_DESCRIPTOR="http://dbpedia.org/resource/Honolulu" ent_type="" ent_class="" comment="" external_ref="http://dbpedia.org/resource/Honolulu" />
<ENTITY id="45" RELATED_TO="" TAG_DESCRIPTOR="http://dbpedia.org/resource/Hawaii" ent_type="" ent_class="" comment="" external_ref="http://dbpedia.org/resource/Hawaii" />
<ENTITY id="47" RELATED_TO="" TAG_DESCRIPTOR="http://dbpedia.org/resource/U.S.D.A_(group)" ent_type="" ent_class="" comment="" external_ref="http://dbpedia.org/resource/U.S.D.A_(group)" />
<ENTITY id="51" RELATED_TO="" TAG_DESCRIPTOR="http://dbpedia.org/resource/U.S.D.A_(group)" ent_type="" ent_class="" comment="" external_ref="http://dbpedia.org/resource/U.S.D.A_(group)" />
<ENTITY id="53" RELATED_TO="" TAG_DESCRIPTOR="http://dbpedia.org/resource/Agricultural_Marketing_Service" ent_type="" ent_class="" comment="" external_ref="http://dbpedia.org/resource/Agricultural_Marketing_Service" />
<ENTITY id="56" RELATED_TO="" TAG_DESCRIPTOR="http://dbpedia.org/resource/William_Watson_(poet)" ent_type="" ent_class="" comment="" external_ref="http://dbpedia.org/resource/William_Watson_(poet)" />
</Markables>

<Relations>
<REFERS_TO id="433803" >
<source id="50" />
<target id="51" />
</REFERS_TO>
<REFERS_TO id="433804" >
<source id="52" />
<target id="53" />
</REFERS_TO>
<REFERS_TO id="433805" >
<source id="23" />
<target id="24" />
</REFERS_TO>
<REFERS_TO id="433806" >
<source id="25" />
<target id="26" />
</REFERS_TO>
<REFERS_TO id="433807" >
<source id="19" />
<target id="20" />
</REFERS_TO>
<REFERS_TO id="433808" >
<source id="21" />
<target id="22" />
</REFERS_TO>
<REFERS_TO id="433809" >
<source id="46" />
<target id="47" />
</REFERS_TO>
<REFERS_TO id="433810" >
<source id="44" />
<target id="45" />
</REFERS_TO>
<REFERS_TO id="433811" >
<source id="27" />
<target id="28" />
</REFERS_TO>
<REFERS_TO id="433812" >
<source id="42" />
<target id="43" />
</REFERS_TO>
<REFERS_TO id="433813" >
<source id="40" />
<target id="41" />
</REFERS_TO>
<REFERS_TO id="433814" >
<source id="1" />
<target id="2" />
</REFERS_TO>
<REFERS_TO id="433815" >
<source id="3" />
<target id="4" />
</REFERS_TO>
<REFERS_TO id="433816" >
<source id="6" />
<target id="7" />
</REFERS_TO>
<REFERS_TO id="433817" >
<source id="38" />
<target id="39" />
</REFERS_TO>
<REFERS_TO id="433818" >
<source id="10" />
<target id="11" />
</REFERS_TO>
<REFERS_TO id="433819" >
<source id="12" />
<target id="13" />
</REFERS_TO>
<REFERS_TO id="433820" >
<source id="14" />
<target id="15" />
</REFERS_TO>
<REFERS_TO id="433821" >
<source id="16" />
<target id="17" />
</REFERS_TO>
<REFERS_TO id="433823" >
<source id="29" />
<target id="30" />
</REFERS_TO>
<REFERS_TO id="433825" >
<source id="34" />
<target id="35" />
</REFERS_TO>
<REFERS_TO id="433949" >
<source id="5" />
<target id="53" />
</REFERS_TO>
</Relations>
</Document>
