<Document doc_name="7VC9-BNK1-2SJ4-00T6.xml">
<token id="1" sentence="0" number="0">GERMANY</token>
<token id="2" sentence="0" number="1">:</token>
<token id="3" sentence="0" number="2">EU</token>
<token id="4" sentence="0" number="3">to</token>
<token id="5" sentence="0" number="4">complete</token>
<token id="6" sentence="0" number="5">case</token>
<token id="7" sentence="0" number="6">against</token>
<token id="8" sentence="0" number="7">VW</token>
<token id="9" sentence="0" number="8">law</token>
<token id="10" sentence="0" number="9">by</token>
<token id="11" sentence="0" number="10">Christmas</token>
<token id="12" sentence="1" number="0">EU</token>
<token id="13" sentence="1" number="1">internal</token>
<token id="14" sentence="1" number="2">markets</token>
<token id="15" sentence="1" number="3">commissioner</token>
<token id="16" sentence="1" number="4">Charlie</token>
<token id="17" sentence="1" number="5">McCreevy</token>
<token id="18" sentence="1" number="6">has</token>
<token id="19" sentence="1" number="7">told</token>
<token id="20" sentence="1" number="8">Handelsblatt</token>
<token id="21" sentence="1" number="9">he</token>
<token id="22" sentence="1" number="10">expects</token>
<token id="23" sentence="1" number="11">to</token>
<token id="24" sentence="1" number="12">complete</token>
<token id="25" sentence="1" number="13">the</token>
<token id="26" sentence="1" number="14">second</token>
<token id="27" sentence="1" number="15">stage</token>
<token id="28" sentence="1" number="16">of</token>
<token id="29" sentence="1" number="17">legal</token>
<token id="30" sentence="1" number="18">proceedings</token>
<token id="31" sentence="1" number="19">against</token>
<token id="32" sentence="1" number="20">the</token>
<token id="33" sentence="1" number="21">German</token>
<token id="34" sentence="1" number="22">government</token>
<token id="35" sentence="1" number="23">and</token>
<token id="36" sentence="1" number="24">its</token>
<token id="37" sentence="1" number="25">new</token>
<token id="38" sentence="1" number="26">VW</token>
<token id="39" sentence="1" number="27">law</token>
<token id="40" sentence="1" number="28">before</token>
<token id="41" sentence="1" number="29">Christmas</token>
<token id="42" sentence="1" number="30">.</token>
<token id="43" sentence="2" number="0">According</token>
<token id="44" sentence="2" number="1">to</token>
<token id="45" sentence="2" number="2">Reuters</token>
<token id="46" sentence="2" number="3">,</token>
<token id="47" sentence="2" number="4">Berlin</token>
<token id="48" sentence="2" number="5">will</token>
<token id="49" sentence="2" number="6">have</token>
<token id="50" sentence="2" number="7">two</token>
<token id="51" sentence="2" number="8">months</token>
<token id="52" sentence="2" number="9">to</token>
<token id="53" sentence="2" number="10">respond</token>
<token id="54" sentence="2" number="11">before</token>
<token id="55" sentence="2" number="12">the</token>
<token id="56" sentence="2" number="13">EU</token>
<token id="57" sentence="2" number="14">can</token>
<token id="58" sentence="2" number="15">formally</token>
<token id="59" sentence="2" number="16">take</token>
<token id="60" sentence="2" number="17">the</token>
<token id="61" sentence="2" number="18">issue</token>
<token id="62" sentence="2" number="19">back</token>
<token id="63" sentence="2" number="20">to</token>
<token id="64" sentence="2" number="21">the</token>
<token id="65" sentence="2" number="22">European</token>
<token id="66" sentence="2" number="23">court</token>
<token id="67" sentence="2" number="24">.</token>
<token id="68" sentence="3" number="0">Germany</token>
<token id="69" sentence="3" number="1">rewrote</token>
<token id="70" sentence="3" number="2">the</token>
<token id="71" sentence="3" number="3">VW</token>
<token id="72" sentence="3" number="4">law</token>
<token id="73" sentence="3" number="5">when</token>
<token id="74" sentence="3" number="6">the</token>
<token id="75" sentence="3" number="7">European</token>
<token id="76" sentence="3" number="8">court</token>
<token id="77" sentence="3" number="9">of</token>
<token id="78" sentence="3" number="10">justice</token>
<token id="79" sentence="3" number="11">ruled</token>
<token id="80" sentence="3" number="12">that</token>
<token id="81" sentence="3" number="13">original</token>
<token id="82" sentence="3" number="14">law</token>
<token id="83" sentence="3" number="15">,</token>
<token id="84" sentence="3" number="16">dating</token>
<token id="85" sentence="3" number="17">back</token>
<token id="86" sentence="3" number="18">to</token>
<token id="87" sentence="3" number="19">the</token>
<token id="88" sentence="3" number="20">1959</token>
<token id="89" sentence="3" number="21">,</token>
<token id="90" sentence="3" number="22">contravened</token>
<token id="91" sentence="3" number="23">European</token>
<token id="92" sentence="3" number="24">union</token>
<token id="93" sentence="3" number="25">rules</token>
<token id="94" sentence="3" number="26">on</token>
<token id="95" sentence="3" number="27">the</token>
<token id="96" sentence="3" number="28">free</token>
<token id="97" sentence="3" number="29">flow</token>
<token id="98" sentence="3" number="30">of</token>
<token id="99" sentence="3" number="31">capital</token>
<token id="100" sentence="3" number="32">.</token>
<token id="101" sentence="4" number="0">But</token>
<token id="102" sentence="4" number="1">Germany</token>
<token id="103" sentence="4" number="2">retained</token>
<token id="104" sentence="4" number="3">a</token>
<token id="105" sentence="4" number="4">clause</token>
<token id="106" sentence="4" number="5">that</token>
<token id="107" sentence="4" number="6">means</token>
<token id="108" sentence="4" number="7">the</token>
<token id="109" sentence="4" number="8">state</token>
<token id="110" sentence="4" number="9">of</token>
<token id="111" sentence="4" number="10">Lower</token>
<token id="112" sentence="4" number="11">Saxony</token>
<token id="113" sentence="4" number="12">can</token>
<token id="114" sentence="4" number="13">effectively</token>
<token id="115" sentence="4" number="14">block</token>
<token id="116" sentence="4" number="15">a</token>
<token id="117" sentence="4" number="16">hostile</token>
<token id="118" sentence="4" number="17">takeover</token>
<token id="119" sentence="4" number="18">of</token>
<token id="120" sentence="4" number="19">VW</token>
<token id="121" sentence="4" number="20">through</token>
<token id="122" sentence="4" number="21">a</token>
<token id="123" sentence="4" number="22">20</token>
<token id="124" sentence="4" number="23">%</token>
<token id="125" sentence="4" number="24">stake</token>
<token id="126" sentence="4" number="25">that</token>
<token id="127" sentence="4" number="26">it</token>
<token id="128" sentence="4" number="27">holds</token>
<token id="129" sentence="4" number="28">and</token>
<token id="130" sentence="4" number="29">this</token>
<token id="131" sentence="4" number="30">is</token>
<token id="132" sentence="4" number="31">being</token>
<token id="133" sentence="4" number="32">contested</token>
<token id="134" sentence="4" number="33">.</token>
<token id="135" sentence="5" number="0">Normally</token>
<token id="136" sentence="5" number="1">,</token>
<token id="137" sentence="5" number="2">under</token>
<token id="138" sentence="5" number="3">German</token>
<token id="139" sentence="5" number="4">company</token>
<token id="140" sentence="5" number="5">law</token>
<token id="141" sentence="5" number="6">,</token>
<token id="142" sentence="5" number="7">such</token>
<token id="143" sentence="5" number="8">a</token>
<token id="144" sentence="5" number="9">right</token>
<token id="145" sentence="5" number="10">of</token>
<token id="146" sentence="5" number="11">veto</token>
<token id="147" sentence="5" number="12">only</token>
<token id="148" sentence="5" number="13">applies</token>
<token id="149" sentence="5" number="14">to</token>
<token id="150" sentence="5" number="15">organisations</token>
<token id="151" sentence="5" number="16">with</token>
<token id="152" sentence="5" number="17">a</token>
<token id="153" sentence="5" number="18">25</token>
<token id="154" sentence="5" number="19">%</token>
<token id="155" sentence="5" number="20">shareholding</token>
<token id="156" sentence="5" number="21">.</token>
<token id="157" sentence="6" number="0">Porsche</token>
<token id="158" sentence="6" number="1">is</token>
<token id="159" sentence="6" number="2">the</token>
<token id="160" sentence="6" number="3">largest</token>
<token id="161" sentence="6" number="4">shareholder</token>
<token id="162" sentence="6" number="5">in</token>
<token id="163" sentence="6" number="6">Volkswagen</token>
<token id="164" sentence="6" number="7">with</token>
<token id="165" sentence="6" number="8">the</token>
<token id="166" sentence="6" number="9">equivalent</token>
<token id="167" sentence="6" number="10">of</token>
<token id="168" sentence="6" number="11">a</token>
<token id="169" sentence="6" number="12">74.1</token>
<token id="170" sentence="6" number="13">%</token>
<token id="171" sentence="6" number="14">stake</token>
<token id="172" sentence="6" number="15">.</token>
<token id="173" sentence="7" number="0">It</token>
<token id="174" sentence="7" number="1">has</token>
<token id="175" sentence="7" number="2">said</token>
<token id="176" sentence="7" number="3">it</token>
<token id="177" sentence="7" number="4">wants</token>
<token id="178" sentence="7" number="5">to</token>
<token id="179" sentence="7" number="6">raise</token>
<token id="180" sentence="7" number="7">this</token>
<token id="181" sentence="7" number="8">to</token>
<token id="182" sentence="7" number="9">over</token>
<token id="183" sentence="7" number="10">75</token>
<token id="184" sentence="7" number="11">%</token>
<token id="185" sentence="7" number="12">and</token>
<token id="186" sentence="7" number="13">is</token>
<token id="187" sentence="7" number="14">keen</token>
<token id="188" sentence="7" number="15">to</token>
<token id="189" sentence="7" number="16">see</token>
<token id="190" sentence="7" number="17">the</token>
<token id="191" sentence="7" number="18">VW</token>
<token id="192" sentence="7" number="19">law</token>
<token id="193" sentence="7" number="20">abolished</token>
<token id="194" sentence="7" number="21">so</token>
<token id="195" sentence="7" number="22">that</token>
<token id="196" sentence="7" number="23">it</token>
<token id="197" sentence="7" number="24">can</token>
<token id="198" sentence="7" number="25">exert</token>
<token id="199" sentence="7" number="26">full</token>
<token id="200" sentence="7" number="27">control</token>
<token id="201" sentence="7" number="28">over</token>
<token id="202" sentence="7" number="29">the</token>
<token id="203" sentence="7" number="30">company</token>
<token id="204" sentence="7" number="31">.</token>


<Markables>
<ENTITY_MENTION id="17" syntactic_type="" head="" comment=""  >
<token_anchor id="47"/>
</ENTITY_MENTION>
<ENTITY_MENTION id="19" syntactic_type="" head="" comment=""  >
<token_anchor id="56"/>
</ENTITY_MENTION>
<ENTITY_MENTION id="21" syntactic_type="" head="" comment=""  >
<token_anchor id="65"/>
</ENTITY_MENTION>
<ENTITY_MENTION id="23" syntactic_type="" head="" comment=""  >
<token_anchor id="68"/>
</ENTITY_MENTION>
<ENTITY_MENTION id="25" syntactic_type="" head="" comment=""  >
<token_anchor id="71"/>
</ENTITY_MENTION>
<ENTITY_MENTION id="27" syntactic_type="" head="" comment=""  >
<token_anchor id="75"/>
</ENTITY_MENTION>
<ENTITY_MENTION id="29" syntactic_type="" head="" comment=""  >
<token_anchor id="91"/>
</ENTITY_MENTION>
<ENTITY_MENTION id="31" syntactic_type="" head="" comment=""  >
<token_anchor id="102"/>
</ENTITY_MENTION>
<ENTITY_MENTION id="33" syntactic_type="" head="" comment=""  >
<token_anchor id="111"/>
<token_anchor id="112"/>
</ENTITY_MENTION>
<ENTITY_MENTION id="35" syntactic_type="" head="" comment=""  >
<token_anchor id="120"/>
</ENTITY_MENTION>
<ENTITY_MENTION id="37" syntactic_type="" head="" comment=""  >
<token_anchor id="138"/>
</ENTITY_MENTION>
<ENTITY_MENTION id="39" syntactic_type="" head="" comment=""  >
<token_anchor id="157"/>
</ENTITY_MENTION>
<ENTITY_MENTION id="41" syntactic_type="" head="" comment=""  >
<token_anchor id="163"/>
</ENTITY_MENTION>
<ENTITY_MENTION id="43" syntactic_type="" head="" comment=""  >
<token_anchor id="191"/>
</ENTITY_MENTION>
<ENTITY_MENTION id="46" head="" syntactic_type="" comment=""  >
<token_anchor id="38"/>
</ENTITY_MENTION>
<ENTITY_MENTION id="1" syntactic_type="" head="" comment=""  >
<token_anchor id="1"/>
</ENTITY_MENTION>
<ENTITY_MENTION id="3" syntactic_type="" head="" comment=""  >
<token_anchor id="3"/>
</ENTITY_MENTION>
<ENTITY_MENTION id="5" syntactic_type="" head="" comment=""  >
<token_anchor id="8"/>
</ENTITY_MENTION>
<ENTITY_MENTION id="7" syntactic_type="" head="" comment=""  >
<token_anchor id="12"/>
</ENTITY_MENTION>
<ENTITY_MENTION id="9" syntactic_type="" head="" comment=""  >
<token_anchor id="16"/>
<token_anchor id="17"/>
</ENTITY_MENTION>
<ENTITY_MENTION id="11" syntactic_type="" head="" comment=""  >
<token_anchor id="20"/>
</ENTITY_MENTION>
<ENTITY_MENTION id="13" syntactic_type="" head="" comment=""  >
<token_anchor id="33"/>
</ENTITY_MENTION>
<ENTITY_MENTION id="15" syntactic_type="" head="" comment=""  >
<token_anchor id="45"/>
</ENTITY_MENTION>
<SIGNAL id="45" comment=""  >
<token_anchor id="6"/>
</SIGNAL>


<ENTITY id="2" RELATED_TO="" TAG_DESCRIPTOR="http://dbpedia.org/resource/Germany" ent_type="" ent_class="" comment="" external_ref="http://dbpedia.org/resource/Germany" />
<ENTITY id="4" RELATED_TO="" TAG_DESCRIPTOR="http://dbpedia.org/resource/Europe" ent_type="" ent_class="" comment="" external_ref="http://dbpedia.org/resource/Europe" />
<ENTITY id="6" RELATED_TO="" TAG_DESCRIPTOR="http://dbpedia.org/resource/Volkswagen_air-cooled_engine" ent_type="" ent_class="" comment="" external_ref="http://dbpedia.org/resource/Volkswagen_air-cooled_engine" />
<ENTITY id="8" RELATED_TO="" TAG_DESCRIPTOR="http://dbpedia.org/resource/Europe" ent_type="" ent_class="" comment="" external_ref="http://dbpedia.org/resource/Europe" />
<ENTITY id="10" RELATED_TO="" TAG_DESCRIPTOR="http://dbpedia.org/resource/Charlie_McCreevy" ent_type="" ent_class="" comment="" external_ref="http://dbpedia.org/resource/Charlie_McCreevy" />
<ENTITY id="12" RELATED_TO="" TAG_DESCRIPTOR="http://dbpedia.org/resource/Handelsblatt" ent_type="" ent_class="" comment="" external_ref="http://dbpedia.org/resource/Handelsblatt" />
<ENTITY id="14" RELATED_TO="" TAG_DESCRIPTOR="http://dbpedia.org/resource/Germany" ent_type="" ent_class="" comment="" external_ref="http://dbpedia.org/resource/Germany" />
<ENTITY id="16" RELATED_TO="" TAG_DESCRIPTOR="http://dbpedia.org/resource/Reuters" ent_type="" ent_class="" comment="" external_ref="http://dbpedia.org/resource/Reuters" />
<ENTITY id="18" RELATED_TO="" TAG_DESCRIPTOR="http://dbpedia.org/resource/Berlin" ent_type="" ent_class="" comment="" external_ref="http://dbpedia.org/resource/Berlin" />
<ENTITY id="20" RELATED_TO="" TAG_DESCRIPTOR="http://dbpedia.org/resource/Europe" ent_type="" ent_class="" comment="" external_ref="http://dbpedia.org/resource/Europe" />
<ENTITY id="22" RELATED_TO="" TAG_DESCRIPTOR="http://dbpedia.org/resource/Europe" ent_type="" ent_class="" comment="" external_ref="http://dbpedia.org/resource/Europe" />
<ENTITY id="24" RELATED_TO="" TAG_DESCRIPTOR="http://dbpedia.org/resource/Germany" ent_type="" ent_class="" comment="" external_ref="http://dbpedia.org/resource/Germany" />
<ENTITY id="26" RELATED_TO="" TAG_DESCRIPTOR="http://dbpedia.org/resource/Volkswagen_air-cooled_engine" ent_type="" ent_class="" comment="" external_ref="http://dbpedia.org/resource/Volkswagen_air-cooled_engine" />
<ENTITY id="28" RELATED_TO="" TAG_DESCRIPTOR="http://dbpedia.org/resource/Europe" ent_type="" ent_class="" comment="" external_ref="http://dbpedia.org/resource/Europe" />
<ENTITY id="30" RELATED_TO="" TAG_DESCRIPTOR="http://dbpedia.org/resource/European_Union" ent_type="" ent_class="" comment="" external_ref="http://dbpedia.org/resource/European_Union" />
<ENTITY id="32" RELATED_TO="" TAG_DESCRIPTOR="http://dbpedia.org/resource/Germany" ent_type="" ent_class="" comment="" external_ref="http://dbpedia.org/resource/Germany" />
<ENTITY id="34" RELATED_TO="" TAG_DESCRIPTOR="http://dbpedia.org/resource/Lower_Saxony" ent_type="" ent_class="" comment="" external_ref="http://dbpedia.org/resource/Lower_Saxony" />
<ENTITY id="36" RELATED_TO="" TAG_DESCRIPTOR="http://dbpedia.org/resource/Volkswagen_air-cooled_engine" ent_type="" ent_class="" comment="" external_ref="http://dbpedia.org/resource/Volkswagen_air-cooled_engine" />
<ENTITY id="38" RELATED_TO="" TAG_DESCRIPTOR="http://dbpedia.org/resource/Germany" ent_type="" ent_class="" comment="" external_ref="http://dbpedia.org/resource/Germany" />
<ENTITY id="40" RELATED_TO="" TAG_DESCRIPTOR="http://dbpedia.org/resource/Porsche" ent_type="" ent_class="" comment="" external_ref="http://dbpedia.org/resource/Porsche" />
<ENTITY id="42" RELATED_TO="" TAG_DESCRIPTOR="http://dbpedia.org/resource/Volkswagen" ent_type="" ent_class="" comment="" external_ref="http://dbpedia.org/resource/Volkswagen" />
<ENTITY id="44" RELATED_TO="" TAG_DESCRIPTOR="http://dbpedia.org/resource/Volkswagen_Group" ent_type="" ent_class="" comment="" external_ref="http://dbpedia.org/resource/Volkswagen_Group" />
</Markables>

<Relations>
<REFERS_TO id="433680" >
<source id="41" />
<target id="44" />
</REFERS_TO>
<REFERS_TO id="433681" >
<source id="23" />
<target id="24" />
</REFERS_TO>
<REFERS_TO id="433682" >
<source id="25" />
<target id="44" />
</REFERS_TO>
<REFERS_TO id="433683" >
<source id="19" />
<target id="30" />
</REFERS_TO>
<REFERS_TO id="433684" >
<source id="21" />
<target id="30" />
</REFERS_TO>
<REFERS_TO id="433685" >
<source id="43" />
<target id="44" />
</REFERS_TO>
<REFERS_TO id="433686" >
<source id="27" />
<target id="30" />
</REFERS_TO>
<REFERS_TO id="433687" >
<source id="39" />
<target id="40" />
</REFERS_TO>
<REFERS_TO id="433688" >
<source id="1" />
<target id="2" />
</REFERS_TO>
<REFERS_TO id="433689" >
<source id="3" />
<target id="30" />
</REFERS_TO>
<REFERS_TO id="433690" >
<source id="5" />
<target id="44" />
</REFERS_TO>
<REFERS_TO id="433691" >
<source id="7" />
<target id="30" />
</REFERS_TO>
<REFERS_TO id="433692" >
<source id="37" />
<target id="38" />
</REFERS_TO>
<REFERS_TO id="433693" >
<source id="9" />
<target id="10" />
</REFERS_TO>
<REFERS_TO id="433694" >
<source id="11" />
<target id="12" />
</REFERS_TO>
<REFERS_TO id="433695" >
<source id="13" />
<target id="14" />
</REFERS_TO>
<REFERS_TO id="433696" >
<source id="15" />
<target id="16" />
</REFERS_TO>
<REFERS_TO id="433697" >
<source id="17" />
<target id="18" />
</REFERS_TO>
<REFERS_TO id="433698" >
<source id="29" />
<target id="30" />
</REFERS_TO>
<REFERS_TO id="433699" >
<source id="35" />
<target id="44" />
</REFERS_TO>
<REFERS_TO id="433700" >
<source id="33" />
<target id="34" />
</REFERS_TO>
<REFERS_TO id="433701" >
<source id="31" />
<target id="32" />
</REFERS_TO>
<REFERS_TO id="433948" >
<source id="46" />
<target id="44" />
</REFERS_TO>
</Relations>
</Document>
