<Document doc_name="7VX3-HXX0-YB00-H0N1.xml">
<token id="1" sentence="0" number="0">BREAKING</token>
<token id="2" sentence="0" number="1">:</token>
<token id="3" sentence="0" number="2">Swedish</token>
<token id="4" sentence="0" number="3">TV</token>
<token id="5" sentence="0" number="4">reports</token>
<token id="6" sentence="0" number="5">Koenigsegg</token>
<token id="7" sentence="0" number="6">buying</token>
<token id="8" sentence="0" number="7">Saab</token>
<token id="9" sentence="1" number="0">Jun.</token>
<token id="10" sentence="1" number="1">11</token>
<token id="11" sentence="1" number="2">,</token>
<token id="12" sentence="1" number="3">2009</token>
<token id="13" sentence="1" number="4">(</token>
<token id="14" sentence="1" number="5">AOL</token>
<token id="15" sentence="1" number="6">Weblogs</token>
<token id="16" sentence="1" number="7">delivered</token>
<token id="17" sentence="1" number="8">by</token>
<token id="18" sentence="1" number="9">Newstex</token>
<token id="19" sentence="1" number="10">)</token>
<token id="20" sentence="1" number="11">--</token>
<token id="21" sentence="2" number="0">We</token>
<token id="22" sentence="2" number="1">do</token>
<token id="23" sentence="2" number="2">n't</token>
<token id="24" sentence="2" number="3">have</token>
<token id="25" sentence="2" number="4">much</token>
<token id="26" sentence="2" number="5">to</token>
<token id="27" sentence="2" number="6">go</token>
<token id="28" sentence="2" number="7">on</token>
<token id="29" sentence="2" number="8">yet</token>
<token id="30" sentence="2" number="9">,</token>
<token id="31" sentence="2" number="10">but</token>
<token id="32" sentence="2" number="11">Swedish</token>
<token id="33" sentence="2" number="12">television</token>
<token id="34" sentence="2" number="13">is</token>
<token id="35" sentence="2" number="14">reportedly</token>
<token id="36" sentence="2" number="15">claiming</token>
<token id="37" sentence="2" number="16">that</token>
<token id="38" sentence="2" number="17">Koenigsegg</token>
<token id="39" sentence="2" number="18">,</token>
<token id="40" sentence="2" number="19">makers</token>
<token id="41" sentence="2" number="20">of</token>
<token id="42" sentence="2" number="21">ultra</token>
<token id="43" sentence="2" number="22">high-performance</token>
<token id="44" sentence="2" number="23">exotic</token>
<token id="45" sentence="2" number="24">supercars</token>
<token id="46" sentence="2" number="25">,</token>
<token id="47" sentence="2" number="26">and</token>
<token id="48" sentence="2" number="27">a</token>
<token id="49" sentence="2" number="28">group</token>
<token id="50" sentence="2" number="29">of</token>
<token id="51" sentence="2" number="30">Norwegian</token>
<token id="52" sentence="2" number="31">investors</token>
<token id="53" sentence="2" number="32">have</token>
<token id="54" sentence="2" number="33">signed</token>
<token id="55" sentence="2" number="34">a</token>
<token id="56" sentence="2" number="35">letter</token>
<token id="57" sentence="2" number="36">of</token>
<token id="58" sentence="2" number="37">intent</token>
<token id="59" sentence="2" number="38">with</token>
<token id="60" sentence="2" number="39">Saab</token>
<token id="61" sentence="2" number="40">to</token>
<token id="62" sentence="2" number="41">take</token>
<token id="63" sentence="2" number="42">over</token>
<token id="64" sentence="2" number="43">the</token>
<token id="65" sentence="2" number="44">brand</token>
<token id="66" sentence="2" number="45">from</token>
<token id="67" sentence="2" number="46">General</token>
<token id="68" sentence="2" number="47">Motors</token>
<token id="69" sentence="2" number="48">.</token>
<token id="70" sentence="3" number="0">(</token>
<token id="71" sentence="3" number="1">OOTC</token>
<token id="72" sentence="3" number="2">:</token>
<token id="73" sentence="3" number="3">GMGMQ</token>
<token id="74" sentence="3" number="4">)</token>
<token id="75" sentence="3" number="5">Final</token>
<token id="76" sentence="3" number="6">negotiations</token>
<token id="77" sentence="3" number="7">will</token>
<token id="78" sentence="3" number="8">reportedly</token>
<token id="79" sentence="3" number="9">take</token>
<token id="80" sentence="3" number="10">place</token>
<token id="81" sentence="3" number="11">in</token>
<token id="82" sentence="3" number="12">the</token>
<token id="83" sentence="3" number="13">coming</token>
<token id="84" sentence="3" number="14">months</token>
<token id="85" sentence="3" number="15">.</token>
<token id="86" sentence="4" number="0">Along</token>
<token id="87" sentence="4" number="1">with</token>
<token id="88" sentence="4" number="2">Saturn</token>
<token id="89" sentence="4" number="3">and</token>
<token id="90" sentence="4" number="4">Hummer</token>
<token id="91" sentence="4" number="5">,</token>
<token id="92" sentence="4" number="6">Saab</token>
<token id="93" sentence="4" number="7">was</token>
<token id="94" sentence="4" number="8">put</token>
<token id="95" sentence="4" number="9">up</token>
<token id="96" sentence="4" number="10">for</token>
<token id="97" sentence="4" number="11">sale</token>
<token id="98" sentence="4" number="12">by</token>
<token id="99" sentence="4" number="13">GM</token>
<token id="100" sentence="4" number="14">before</token>
<token id="101" sentence="4" number="15">the</token>
<token id="102" sentence="4" number="16">automaker</token>
<token id="103" sentence="4" number="17">filed</token>
<token id="104" sentence="4" number="18">for</token>
<token id="105" sentence="4" number="19">Chapter</token>
<token id="106" sentence="4" number="20">11</token>
<token id="107" sentence="4" number="21">bankruptcy</token>
<token id="108" sentence="4" number="22">.</token>
<token id="109" sentence="5" number="0">Many</token>
<token id="110" sentence="5" number="1">companies</token>
<token id="111" sentence="5" number="2">and</token>
<token id="112" sentence="5" number="3">investor</token>
<token id="113" sentence="5" number="4">groups</token>
<token id="114" sentence="5" number="5">from</token>
<token id="115" sentence="5" number="6">all</token>
<token id="116" sentence="5" number="7">over</token>
<token id="117" sentence="5" number="8">the</token>
<token id="118" sentence="5" number="9">world</token>
<token id="119" sentence="5" number="10">,</token>
<token id="120" sentence="5" number="11">including</token>
<token id="121" sentence="5" number="12">China</token>
<token id="122" sentence="5" number="13">,</token>
<token id="123" sentence="5" number="14">were</token>
<token id="124" sentence="5" number="15">reportedly</token>
<token id="125" sentence="5" number="16">interested</token>
<token id="126" sentence="5" number="17">in</token>
<token id="127" sentence="5" number="18">the</token>
<token id="128" sentence="5" number="19">Swedish</token>
<token id="129" sentence="5" number="20">brand</token>
<token id="130" sentence="5" number="21">,</token>
<token id="131" sentence="5" number="22">and</token>
<token id="132" sentence="5" number="23">despite</token>
<token id="133" sentence="5" number="24">how</token>
<token id="134" sentence="5" number="25">crazy</token>
<token id="135" sentence="5" number="26">it</token>
<token id="136" sentence="5" number="27">sounds</token>
<token id="137" sentence="5" number="28">,</token>
<token id="138" sentence="5" number="29">Koenigsegg</token>
<token id="139" sentence="5" number="30">was</token>
<token id="140" sentence="5" number="31">thrown</token>
<token id="141" sentence="5" number="32">into</token>
<token id="142" sentence="5" number="33">the</token>
<token id="143" sentence="5" number="34">list</token>
<token id="144" sentence="5" number="35">of</token>
<token id="145" sentence="5" number="36">finalists</token>
<token id="146" sentence="5" number="37">late</token>
<token id="147" sentence="5" number="38">last</token>
<token id="148" sentence="5" number="39">month</token>
<token id="149" sentence="5" number="40">.</token>
<token id="150" sentence="6" number="0">What</token>
<token id="151" sentence="6" number="1">we</token>
<token id="152" sentence="6" number="2">thought</token>
<token id="153" sentence="6" number="3">was</token>
<token id="154" sentence="6" number="4">crazy</token>
<token id="155" sentence="6" number="5">has</token>
<token id="156" sentence="6" number="6">reportedly</token>
<token id="157" sentence="6" number="7">come</token>
<token id="158" sentence="6" number="8">to</token>
<token id="159" sentence="6" number="9">pass</token>
<token id="160" sentence="6" number="10">.</token>
<token id="161" sentence="7" number="0">Do</token>
<token id="162" sentence="7" number="1">you</token>
<token id="163" sentence="7" number="2">think</token>
<token id="164" sentence="7" number="3">Koenigsegg</token>
<token id="165" sentence="7" number="4">and</token>
<token id="166" sentence="7" number="5">Saab</token>
<token id="167" sentence="7" number="6">,</token>
<token id="168" sentence="7" number="7">two</token>
<token id="169" sentence="7" number="8">automotive</token>
<token id="170" sentence="7" number="9">brands</token>
<token id="171" sentence="7" number="10">that</token>
<token id="172" sentence="7" number="11">share</token>
<token id="173" sentence="7" number="12">a</token>
<token id="174" sentence="7" number="13">home</token>
<token id="175" sentence="7" number="14">country</token>
<token id="176" sentence="7" number="15">and</token>
<token id="177" sentence="7" number="16">sell</token>
<token id="178" sentence="7" number="17">completely</token>
<token id="179" sentence="7" number="18">different</token>
<token id="180" sentence="7" number="19">kinds</token>
<token id="181" sentence="7" number="20">of</token>
<token id="182" sentence="7" number="21">cars</token>
<token id="183" sentence="7" number="22">,</token>
<token id="184" sentence="7" number="23">will</token>
<token id="185" sentence="7" number="24">work</token>
<token id="186" sentence="7" number="25">well</token>
<token id="187" sentence="7" number="26">together</token>
<token id="188" sentence="7" number="27">?</token>
<token id="189" sentence="8" number="0">Let</token>
<token id="190" sentence="8" number="1">us</token>
<token id="191" sentence="8" number="2">know</token>
<token id="192" sentence="8" number="3">in</token>
<token id="193" sentence="8" number="4">the</token>
<token id="194" sentence="8" number="5">poll</token>
<token id="195" sentence="8" number="6">below</token>
<token id="196" sentence="8" number="7">and</token>
<token id="197" sentence="8" number="8">we</token>
<token id="198" sentence="8" number="9">'ll</token>
<token id="199" sentence="8" number="10">keep</token>
<token id="200" sentence="8" number="11">you</token>
<token id="201" sentence="8" number="12">updated</token>
<token id="202" sentence="8" number="13">as</token>
<token id="203" sentence="8" number="14">the</token>
<token id="204" sentence="8" number="15">story</token>
<token id="205" sentence="8" number="16">unfolds</token>
<token id="206" sentence="8" number="17">.</token>
<token id="207" sentence="9" number="0">View</token>
<token id="208" sentence="9" number="1">Poll</token>
<token id="209" sentence="9" number="2">[</token>
<token id="210" sentence="9" number="3">Source</token>
<token id="211" sentence="9" number="4">:</token>
<token id="212" sentence="9" number="5">Reuters</token>
<token id="213" sentence="9" number="6">|</token>
<token id="214" sentence="9" number="7">Photo</token>
<token id="215" sentence="9" number="8">by</token>
<token id="216" sentence="9" number="9">FABRICE</token>
<token id="217" sentence="9" number="10">COFFRINI/AFP/Getty</token>
<token id="218" sentence="9" number="11">Image</token>
<token id="219" sentence="9" number="12">]</token>
<token id="220" sentence="9" number="13">BREAKING</token>
<token id="221" sentence="9" number="14">:</token>
<token id="222" sentence="9" number="15">Swedish</token>
<token id="223" sentence="9" number="16">TV</token>
<token id="224" sentence="9" number="17">reports</token>
<token id="225" sentence="9" number="18">Koenigsegg</token>
<token id="226" sentence="9" number="19">buying</token>
<token id="227" sentence="9" number="20">Saab</token>
<token id="228" sentence="9" number="21">originally</token>
<token id="229" sentence="9" number="22">appeared</token>
<token id="230" sentence="9" number="23">on</token>
<token id="231" sentence="9" number="24">Autoblog</token>
<token id="232" sentence="9" number="25">on</token>
<token id="233" sentence="9" number="26">Thu</token>
<token id="234" sentence="9" number="27">,</token>
<token id="235" sentence="9" number="28">11</token>
<token id="236" sentence="9" number="29">Jun</token>
<token id="237" sentence="9" number="30">2009</token>
<token id="238" sentence="9" number="31">11:32:00</token>
<token id="239" sentence="9" number="32">EST.</token>
<token id="240" sentence="9" number="33">.</token>
<token id="241" sentence="10" number="0">|</token>
<token id="242" sentence="10" number="1">|</token>
<token id="243" sentence="10" number="2">Newstex</token>
<token id="244" sentence="10" number="3">ID</token>
<token id="245" sentence="10" number="4">:</token>
<token id="246" sentence="10" number="5">35686515</token>


<Markables>
<ENTITY_MENTION id="16" syntactic_type="" head="" comment=""  >
<token_anchor id="88"/>
</ENTITY_MENTION>
<ENTITY_MENTION id="18" syntactic_type="" head="" comment=""  >
<token_anchor id="90"/>
</ENTITY_MENTION>
<ENTITY_MENTION id="20" syntactic_type="" head="" comment=""  >
<token_anchor id="92"/>
</ENTITY_MENTION>
<ENTITY_MENTION id="22" syntactic_type="" head="" comment=""  >
<token_anchor id="105"/>
<token_anchor id="106"/>
</ENTITY_MENTION>
<ENTITY_MENTION id="24" syntactic_type="" head="" comment=""  >
<token_anchor id="121"/>
</ENTITY_MENTION>
<ENTITY_MENTION id="26" syntactic_type="" head="" comment=""  >
<token_anchor id="128"/>
</ENTITY_MENTION>
<ENTITY_MENTION id="28" syntactic_type="" head="" comment=""  >
<token_anchor id="138"/>
</ENTITY_MENTION>
<ENTITY_MENTION id="30" syntactic_type="" head="" comment=""  >
<token_anchor id="164"/>
</ENTITY_MENTION>
<ENTITY_MENTION id="32" syntactic_type="" head="" comment=""  >
<token_anchor id="166"/>
</ENTITY_MENTION>
<ENTITY_MENTION id="34" syntactic_type="" head="" comment=""  >
<token_anchor id="207"/>
<token_anchor id="208"/>
</ENTITY_MENTION>
<ENTITY_MENTION id="35" syntactic_type="" head="" comment=""  >
<token_anchor id="212"/>
</ENTITY_MENTION>
<ENTITY_MENTION id="37" syntactic_type="" head="" comment=""  >
<token_anchor id="216"/>
<token_anchor id="217"/>
<token_anchor id="218"/>
</ENTITY_MENTION>
<ENTITY_MENTION id="38" syntactic_type="" head="" comment=""  >
<token_anchor id="222"/>
</ENTITY_MENTION>
<ENTITY_MENTION id="40" syntactic_type="" head="" comment=""  >
<token_anchor id="227"/>
</ENTITY_MENTION>
<ENTITY_MENTION id="43" head="" syntactic_type="" comment=""  >
<token_anchor id="6"/>
</ENTITY_MENTION>
<ENTITY_MENTION id="44" head="" syntactic_type="" comment=""  >
<token_anchor id="99"/>
</ENTITY_MENTION>
<ENTITY_MENTION id="45" head="" syntactic_type="" comment=""  >
<token_anchor id="225"/>
</ENTITY_MENTION>
<ENTITY_MENTION id="1" syntactic_type="" head="" comment=""  >
<token_anchor id="3"/>
</ENTITY_MENTION>
<ENTITY_MENTION id="3" syntactic_type="" head="" comment=""  >
<token_anchor id="8"/>
</ENTITY_MENTION>
<ENTITY_MENTION id="5" syntactic_type="" head="" comment=""  >
<token_anchor id="14"/>
<token_anchor id="15"/>
</ENTITY_MENTION>
<ENTITY_MENTION id="6" syntactic_type="" head="" comment=""  >
<token_anchor id="32"/>
</ENTITY_MENTION>
<ENTITY_MENTION id="8" syntactic_type="" head="" comment=""  >
<token_anchor id="38"/>
</ENTITY_MENTION>
<ENTITY_MENTION id="10" syntactic_type="" head="" comment=""  >
<token_anchor id="51"/>
</ENTITY_MENTION>
<ENTITY_MENTION id="12" syntactic_type="" head="" comment=""  >
<token_anchor id="60"/>
</ENTITY_MENTION>
<ENTITY_MENTION id="14" syntactic_type="" head="" comment=""  >
<token_anchor id="67"/>
<token_anchor id="68"/>
</ENTITY_MENTION>
<SIGNAL id="42" comment=""  >
<token_anchor id="1"/>
</SIGNAL>


<ENTITY id="2" RELATED_TO="" TAG_DESCRIPTOR="http://dbpedia.org/resource/Sweden" ent_type="" ent_class="" comment="" external_ref="http://dbpedia.org/resource/Sweden" />
<ENTITY id="4" RELATED_TO="" TAG_DESCRIPTOR="http://dbpedia.org/resource/Saab_Group" ent_type="" ent_class="" comment="" external_ref="http://dbpedia.org/resource/Saab_Group" />
<ENTITY id="7" RELATED_TO="" TAG_DESCRIPTOR="http://dbpedia.org/resource/Sweden" ent_type="" ent_class="" comment="" external_ref="http://dbpedia.org/resource/Sweden" />
<ENTITY id="9" RELATED_TO="" TAG_DESCRIPTOR="http://dbpedia.org/resource/Koenigsegg" ent_type="" ent_class="" comment="" external_ref="http://dbpedia.org/resource/Koenigsegg" />
<ENTITY id="11" RELATED_TO="" TAG_DESCRIPTOR="http://dbpedia.org/resource/Norway" ent_type="" ent_class="" comment="" external_ref="http://dbpedia.org/resource/Norway" />
<ENTITY id="13" RELATED_TO="" TAG_DESCRIPTOR="http://dbpedia.org/resource/Saab_Group" ent_type="" ent_class="" comment="" external_ref="http://dbpedia.org/resource/Saab_Group" />
<ENTITY id="15" RELATED_TO="" TAG_DESCRIPTOR="http://dbpedia.org/resource/General_Motors" ent_type="" ent_class="" comment="" external_ref="http://dbpedia.org/resource/General_Motors" />
<ENTITY id="17" RELATED_TO="" TAG_DESCRIPTOR="http://dbpedia.org/resource/Saturn_car" ent_type="" ent_class="" comment="" external_ref="http://dbpedia.org/resource/Saturn_car" />
<ENTITY id="19" RELATED_TO="" TAG_DESCRIPTOR="http://dbpedia.org/resource/Hummer" ent_type="" ent_class="" comment="" external_ref="http://dbpedia.org/resource/Hummer" />
<ENTITY id="21" RELATED_TO="" TAG_DESCRIPTOR="http://dbpedia.org/resource/Saab_Group" ent_type="" ent_class="" comment="" external_ref="http://dbpedia.org/resource/Saab_Group" />
<ENTITY id="23" RELATED_TO="" TAG_DESCRIPTOR="http://dbpedia.org/resource/Chapter_11_Bankruptcy_Protection" ent_type="" ent_class="" comment="" external_ref="http://dbpedia.org/resource/Chapter_11_Bankruptcy_Protection" />
<ENTITY id="25" RELATED_TO="" TAG_DESCRIPTOR="http://dbpedia.org/resource/China" ent_type="" ent_class="" comment="" external_ref="http://dbpedia.org/resource/China" />
<ENTITY id="27" RELATED_TO="" TAG_DESCRIPTOR="http://dbpedia.org/resource/Sweden" ent_type="" ent_class="" comment="" external_ref="http://dbpedia.org/resource/Sweden" />
<ENTITY id="29" RELATED_TO="" TAG_DESCRIPTOR="http://dbpedia.org/resource/Koenigsegg" ent_type="" ent_class="" comment="" external_ref="http://dbpedia.org/resource/Koenigsegg" />
<ENTITY id="31" RELATED_TO="" TAG_DESCRIPTOR="http://dbpedia.org/resource/Koenigsegg" ent_type="" ent_class="" comment="" external_ref="http://dbpedia.org/resource/Koenigsegg" />
<ENTITY id="33" RELATED_TO="" TAG_DESCRIPTOR="http://dbpedia.org/resource/Saab_Group" ent_type="" ent_class="" comment="" external_ref="http://dbpedia.org/resource/Saab_Group" />
<ENTITY id="36" RELATED_TO="" TAG_DESCRIPTOR="http://dbpedia.org/resource/Reuters" ent_type="" ent_class="" comment="" external_ref="http://dbpedia.org/resource/Reuters" />
<ENTITY id="39" RELATED_TO="" TAG_DESCRIPTOR="http://dbpedia.org/resource/Sweden" ent_type="" ent_class="" comment="" external_ref="http://dbpedia.org/resource/Sweden" />
<ENTITY id="41" RELATED_TO="" TAG_DESCRIPTOR="http://dbpedia.org/resource/Saab_Group" ent_type="" ent_class="" comment="" external_ref="http://dbpedia.org/resource/Saab_Group" />
</Markables>

<Relations>
<REFERS_TO id="433702" >
<source id="10" />
<target id="11" />
</REFERS_TO>
<REFERS_TO id="433703" >
<source id="24" />
<target id="25" />
</REFERS_TO>
<REFERS_TO id="433704" >
<source id="12" />
<target id="13" />
</REFERS_TO>
<REFERS_TO id="433705" >
<source id="26" />
<target id="27" />
</REFERS_TO>
<REFERS_TO id="433706" >
<source id="14" />
<target id="15" />
</REFERS_TO>
<REFERS_TO id="433707" >
<source id="20" />
<target id="21" />
</REFERS_TO>
<REFERS_TO id="433708" >
<source id="16" />
<target id="17" />
</REFERS_TO>
<REFERS_TO id="433709" >
<source id="22" />
<target id="23" />
</REFERS_TO>
<REFERS_TO id="433710" >
<source id="18" />
<target id="19" />
</REFERS_TO>
<REFERS_TO id="433711" >
<source id="38" />
<target id="39" />
</REFERS_TO>
<REFERS_TO id="433712" >
<source id="30" />
<target id="31" />
</REFERS_TO>
<REFERS_TO id="433713" >
<source id="28" />
<target id="29" />
</REFERS_TO>
<REFERS_TO id="433714" >
<source id="35" />
<target id="36" />
</REFERS_TO>
<REFERS_TO id="433715" >
<source id="32" />
<target id="33" />
</REFERS_TO>
<REFERS_TO id="433716" >
<source id="1" />
<target id="2" />
</REFERS_TO>
<REFERS_TO id="433717" >
<source id="3" />
<target id="4" />
</REFERS_TO>
<REFERS_TO id="433718" >
<source id="6" />
<target id="7" />
</REFERS_TO>
<REFERS_TO id="433719" >
<source id="8" />
<target id="9" />
</REFERS_TO>
<REFERS_TO id="433720" >
<source id="40" />
<target id="41" />
</REFERS_TO>
<REFERS_TO id="433945" >
<source id="43" />
<target id="29" />
</REFERS_TO>
<REFERS_TO id="433946" >
<source id="44" />
<target id="15" />
</REFERS_TO>
<REFERS_TO id="433947" >
<source id="45" />
<target id="29" />
</REFERS_TO>
</Relations>
</Document>
