<Document doc_name="7Y0F-7840-Y8YG-6230.xml">
<token id="1" sentence="0" number="0">Augusta</token>
<token id="2" sentence="0" number="1">lands</token>
<token id="3" sentence="0" number="2">third</token>
<token id="4" sentence="0" number="3">airline</token>
<token id="5" sentence="1" number="0">Three</token>
<token id="6" sentence="1" number="1">years</token>
<token id="7" sentence="1" number="2">of</token>
<token id="8" sentence="1" number="3">increased</token>
<token id="9" sentence="1" number="4">passengers</token>
<token id="10" sentence="1" number="5">put</token>
<token id="11" sentence="1" number="6">Augusta</token>
<token id="12" sentence="1" number="7">on</token>
<token id="13" sentence="1" number="8">American</token>
<token id="14" sentence="1" number="9">Airlines</token>
<token id="15" sentence="1" number="10">'</token>
<token id="16" sentence="1" number="11">radar</token>
<token id="17" sentence="1" number="12">screen</token>
<token id="18" sentence="1" number="13">.</token>
<token id="19" sentence="2" number="0">Augusta</token>
<token id="20" sentence="2" number="1">Regional</token>
<token id="21" sentence="2" number="2">Airport</token>
<token id="22" sentence="2" number="3">officials</token>
<token id="23" sentence="2" number="4">announced</token>
<token id="24" sentence="2" number="5">Monday</token>
<token id="25" sentence="2" number="6">that</token>
<token id="26" sentence="2" number="7">American</token>
<token id="27" sentence="2" number="8">'s</token>
<token id="28" sentence="2" number="9">regional</token>
<token id="29" sentence="2" number="10">carrier</token>
<token id="30" sentence="2" number="11">,</token>
<token id="31" sentence="2" number="12">American</token>
<token id="32" sentence="2" number="13">Eagle</token>
<token id="33" sentence="2" number="14">,</token>
<token id="34" sentence="2" number="15">will</token>
<token id="35" sentence="2" number="16">be</token>
<token id="36" sentence="2" number="17">flying</token>
<token id="37" sentence="2" number="18">twice</token>
<token id="38" sentence="2" number="19">daily</token>
<token id="39" sentence="2" number="20">into</token>
<token id="40" sentence="2" number="21">Augusta</token>
<token id="41" sentence="2" number="22">from</token>
<token id="42" sentence="2" number="23">Dallas</token>
<token id="43" sentence="2" number="24">,</token>
<token id="44" sentence="2" number="25">beginning</token>
<token id="45" sentence="2" number="26">June</token>
<token id="46" sentence="2" number="27">10</token>
<token id="47" sentence="2" number="28">.</token>
<token id="48" sentence="3" number="0">Augusta</token>
<token id="49" sentence="3" number="1">has</token>
<token id="50" sentence="3" number="2">not</token>
<token id="51" sentence="3" number="3">had</token>
<token id="52" sentence="3" number="4">three</token>
<token id="53" sentence="3" number="5">airlines</token>
<token id="54" sentence="3" number="6">since</token>
<token id="55" sentence="3" number="7">2004</token>
<token id="56" sentence="3" number="8">,</token>
<token id="57" sentence="3" number="9">when</token>
<token id="58" sentence="3" number="10">Continental</token>
<token id="59" sentence="3" number="11">Express</token>
<token id="60" sentence="3" number="12">ended</token>
<token id="61" sentence="3" number="13">its</token>
<token id="62" sentence="3" number="14">18-month</token>
<token id="63" sentence="3" number="15">presence</token>
<token id="64" sentence="3" number="16">.</token>
<token id="65" sentence="4" number="0">Last</token>
<token id="66" sentence="4" number="1">year</token>
<token id="67" sentence="4" number="2">,</token>
<token id="68" sentence="4" number="3">Augusta</token>
<token id="69" sentence="4" number="4">'s</token>
<token id="70" sentence="4" number="5">airport</token>
<token id="71" sentence="4" number="6">had</token>
<token id="72" sentence="4" number="7">more</token>
<token id="73" sentence="4" number="8">than</token>
<token id="74" sentence="4" number="9">202,900</token>
<token id="75" sentence="4" number="10">departing</token>
<token id="76" sentence="4" number="11">passengers</token>
<token id="77" sentence="4" number="12">,</token>
<token id="78" sentence="4" number="13">the</token>
<token id="79" sentence="4" number="14">most</token>
<token id="80" sentence="4" number="15">since</token>
<token id="81" sentence="4" number="16">2000</token>
<token id="82" sentence="4" number="17">.</token>
<token id="83" sentence="5" number="0">It</token>
<token id="84" sentence="5" number="1">represents</token>
<token id="85" sentence="5" number="2">12</token>
<token id="86" sentence="5" number="3">percent</token>
<token id="87" sentence="5" number="4">growth</token>
<token id="88" sentence="5" number="5">over</token>
<token id="89" sentence="5" number="6">2008</token>
<token id="90" sentence="5" number="7">.</token>
<token id="91" sentence="6" number="0">In</token>
<token id="92" sentence="6" number="1">2006</token>
<token id="93" sentence="6" number="2">,</token>
<token id="94" sentence="6" number="3">134,000</token>
<token id="95" sentence="6" number="4">people</token>
<token id="96" sentence="6" number="5">flew</token>
<token id="97" sentence="6" number="6">out</token>
<token id="98" sentence="6" number="7">of</token>
<token id="99" sentence="6" number="8">the</token>
<token id="100" sentence="6" number="9">airport</token>
<token id="101" sentence="6" number="10">.</token>
<token id="102" sentence="7" number="0">Already</token>
<token id="103" sentence="7" number="1">this</token>
<token id="104" sentence="7" number="2">year</token>
<token id="105" sentence="7" number="3">,</token>
<token id="106" sentence="7" number="4">Atlantic</token>
<token id="107" sentence="7" number="5">Southeast</token>
<token id="108" sentence="7" number="6">Airlines</token>
<token id="109" sentence="7" number="7">and</token>
<token id="110" sentence="7" number="8">US</token>
<token id="111" sentence="7" number="9">Airways</token>
<token id="112" sentence="7" number="10">Express</token>
<token id="113" sentence="7" number="11">report</token>
<token id="114" sentence="7" number="12">higher</token>
<token id="115" sentence="7" number="13">passenger</token>
<token id="116" sentence="7" number="14">counts</token>
<token id="117" sentence="7" number="15">for</token>
<token id="118" sentence="7" number="16">January</token>
<token id="119" sentence="7" number="17">compared</token>
<token id="120" sentence="7" number="18">to</token>
<token id="121" sentence="7" number="19">January</token>
<token id="122" sentence="7" number="20">2009</token>
<token id="123" sentence="7" number="21">.</token>
<token id="124" sentence="8" number="0">Augusta</token>
<token id="125" sentence="8" number="1">Aviation</token>
<token id="126" sentence="8" number="2">Chairman</token>
<token id="127" sentence="8" number="3">Karlton</token>
<token id="128" sentence="8" number="4">Howard</token>
<token id="129" sentence="8" number="5">said</token>
<token id="130" sentence="8" number="6">the</token>
<token id="131" sentence="8" number="7">airport</token>
<token id="132" sentence="8" number="8">has</token>
<token id="133" sentence="8" number="9">been</token>
<token id="134" sentence="8" number="10">courting</token>
<token id="135" sentence="8" number="11">American</token>
<token id="136" sentence="8" number="12">for</token>
<token id="137" sentence="8" number="13">a</token>
<token id="138" sentence="8" number="14">year</token>
<token id="139" sentence="8" number="15">,</token>
<token id="140" sentence="8" number="16">but</token>
<token id="141" sentence="8" number="17">the</token>
<token id="142" sentence="8" number="18">talks</token>
<token id="143" sentence="8" number="19">got</token>
<token id="144" sentence="8" number="20">more</token>
<token id="145" sentence="8" number="21">serious</token>
<token id="146" sentence="8" number="22">this</token>
<token id="147" sentence="8" number="23">year</token>
<token id="148" sentence="8" number="24">.</token>
<token id="149" sentence="9" number="0">``</token>
<token id="150" sentence="9" number="1">They</token>
<token id="151" sentence="9" number="2">called</token>
<token id="152" sentence="9" number="3">us</token>
<token id="153" sentence="9" number="4">,</token>
<token id="154" sentence="9" number="5">''</token>
<token id="155" sentence="9" number="6">Howard</token>
<token id="156" sentence="9" number="7">said</token>
<token id="157" sentence="9" number="8">.</token>
<token id="158" sentence="10" number="0">``</token>
<token id="159" sentence="10" number="1">Our</token>
<token id="160" sentence="10" number="2">community</token>
<token id="161" sentence="10" number="3">'s</token>
<token id="162" sentence="10" number="4">aggressive</token>
<token id="163" sentence="10" number="5">,</token>
<token id="164" sentence="10" number="6">ongoing</token>
<token id="165" sentence="10" number="7">efforts</token>
<token id="166" sentence="10" number="8">to</token>
<token id="167" sentence="10" number="9">enhance</token>
<token id="168" sentence="10" number="10">air</token>
<token id="169" sentence="10" number="11">service</token>
<token id="170" sentence="10" number="12">are</token>
<token id="171" sentence="10" number="13">reaping</token>
<token id="172" sentence="10" number="14">great</token>
<token id="173" sentence="10" number="15">dividends</token>
<token id="174" sentence="10" number="16">.</token>
<token id="175" sentence="10" number="17">''</token>
<token id="176" sentence="11" number="0">Howard</token>
<token id="177" sentence="11" number="1">said</token>
<token id="178" sentence="11" number="2">American</token>
<token id="179" sentence="11" number="3">is</token>
<token id="180" sentence="11" number="4">getting</token>
<token id="181" sentence="11" number="5">the</token>
<token id="182" sentence="11" number="6">same</token>
<token id="183" sentence="11" number="7">treatment</token>
<token id="184" sentence="11" number="8">as</token>
<token id="185" sentence="11" number="9">US</token>
<token id="186" sentence="11" number="10">Airways</token>
<token id="187" sentence="11" number="11">and</token>
<token id="188" sentence="11" number="12">ASA</token>
<token id="189" sentence="11" number="13">.</token>
<token id="190" sentence="12" number="0">He</token>
<token id="191" sentence="12" number="1">said</token>
<token id="192" sentence="12" number="2">there</token>
<token id="193" sentence="12" number="3">are</token>
<token id="194" sentence="12" number="4">no</token>
<token id="195" sentence="12" number="5">revenue</token>
<token id="196" sentence="12" number="6">incentives</token>
<token id="197" sentence="12" number="7">such</token>
<token id="198" sentence="12" number="8">as</token>
<token id="199" sentence="12" number="9">those</token>
<token id="200" sentence="12" number="10">given</token>
<token id="201" sentence="12" number="11">to</token>
<token id="202" sentence="12" number="12">Continental</token>
<token id="203" sentence="12" number="13">Express</token>
<token id="204" sentence="12" number="14">six</token>
<token id="205" sentence="12" number="15">years</token>
<token id="206" sentence="12" number="16">ago</token>
<token id="207" sentence="12" number="17">.</token>
<token id="208" sentence="13" number="0">Officials</token>
<token id="209" sentence="13" number="1">will</token>
<token id="210" sentence="13" number="2">continue</token>
<token id="211" sentence="13" number="3">to</token>
<token id="212" sentence="13" number="4">market</token>
<token id="213" sentence="13" number="5">the</token>
<token id="214" sentence="13" number="6">airport</token>
<token id="215" sentence="13" number="7">to</token>
<token id="216" sentence="13" number="8">other</token>
<token id="217" sentence="13" number="9">carriers</token>
<token id="218" sentence="13" number="10">.</token>
<token id="219" sentence="14" number="0">The</token>
<token id="220" sentence="14" number="1">top</token>
<token id="221" sentence="14" number="2">two</token>
<token id="222" sentence="14" number="3">destinations</token>
<token id="223" sentence="14" number="4">from</token>
<token id="224" sentence="14" number="5">Augusta</token>
<token id="225" sentence="14" number="6">are</token>
<token id="226" sentence="14" number="7">New</token>
<token id="227" sentence="14" number="8">York</token>
<token id="228" sentence="14" number="9">City</token>
<token id="229" sentence="14" number="10">and</token>
<token id="230" sentence="14" number="11">Washington</token>
<token id="231" sentence="14" number="12">,</token>
<token id="232" sentence="14" number="13">D.C.</token>
<token id="233" sentence="14" number="14">,</token>
<token id="234" sentence="14" number="15">which</token>
<token id="235" sentence="14" number="16">could</token>
<token id="236" sentence="14" number="17">be</token>
<token id="237" sentence="14" number="18">served</token>
<token id="238" sentence="14" number="19">by</token>
<token id="239" sentence="14" number="20">another</token>
<token id="240" sentence="14" number="21">carrier</token>
<token id="241" sentence="14" number="22">or</token>
<token id="242" sentence="14" number="23">additional</token>
<token id="243" sentence="14" number="24">service</token>
<token id="244" sentence="14" number="25">from</token>
<token id="245" sentence="14" number="26">Delta</token>
<token id="246" sentence="14" number="27">and</token>
<token id="247" sentence="14" number="28">US</token>
<token id="248" sentence="14" number="29">Airways</token>
<token id="249" sentence="14" number="30">,</token>
<token id="250" sentence="14" number="31">said</token>
<token id="251" sentence="14" number="32">marketing</token>
<token id="252" sentence="14" number="33">director</token>
<token id="253" sentence="14" number="34">Diane</token>
<token id="254" sentence="14" number="35">Johnston</token>
<token id="255" sentence="14" number="36">.</token>
<token id="256" sentence="15" number="0">``</token>
<token id="257" sentence="15" number="1">As</token>
<token id="258" sentence="15" number="2">airlines</token>
<token id="259" sentence="15" number="3">continue</token>
<token id="260" sentence="15" number="4">to</token>
<token id="261" sentence="15" number="5">see</token>
<token id="262" sentence="15" number="6">strong</token>
<token id="263" sentence="15" number="7">support</token>
<token id="264" sentence="15" number="8">from</token>
<token id="265" sentence="15" number="9">our</token>
<token id="266" sentence="15" number="10">community</token>
<token id="267" sentence="15" number="11">,</token>
<token id="268" sentence="15" number="12">boardings</token>
<token id="269" sentence="15" number="13">increase</token>
<token id="270" sentence="15" number="14">as</token>
<token id="271" sentence="15" number="15">they</token>
<token id="272" sentence="15" number="16">have</token>
<token id="273" sentence="15" number="17">over</token>
<token id="274" sentence="15" number="18">the</token>
<token id="275" sentence="15" number="19">past</token>
<token id="276" sentence="15" number="20">few</token>
<token id="277" sentence="15" number="21">years</token>
<token id="278" sentence="15" number="22">,</token>
<token id="279" sentence="15" number="23">maybe</token>
<token id="280" sentence="15" number="24">some</token>
<token id="281" sentence="15" number="25">other</token>
<token id="282" sentence="15" number="26">airlines</token>
<token id="283" sentence="15" number="27">will</token>
<token id="284" sentence="15" number="28">begin</token>
<token id="285" sentence="15" number="29">to</token>
<token id="286" sentence="15" number="30">look</token>
<token id="287" sentence="15" number="31">at</token>
<token id="288" sentence="15" number="32">opportunities</token>
<token id="289" sentence="15" number="33">available</token>
<token id="290" sentence="15" number="34">here</token>
<token id="291" sentence="15" number="35">in</token>
<token id="292" sentence="15" number="36">Augusta</token>
<token id="293" sentence="15" number="37">,</token>
<token id="294" sentence="15" number="38">''</token>
<token id="295" sentence="15" number="39">Howard</token>
<token id="296" sentence="15" number="40">said</token>
<token id="297" sentence="15" number="41">.</token>
<token id="298" sentence="16" number="0">Walter</token>
<token id="299" sentence="16" number="1">Sprouse</token>
<token id="300" sentence="16" number="2">,</token>
<token id="301" sentence="16" number="3">the</token>
<token id="302" sentence="16" number="4">executive</token>
<token id="303" sentence="16" number="5">director</token>
<token id="304" sentence="16" number="6">of</token>
<token id="305" sentence="16" number="7">the</token>
<token id="306" sentence="16" number="8">Development</token>
<token id="307" sentence="16" number="9">Authority</token>
<token id="308" sentence="16" number="10">of</token>
<token id="309" sentence="16" number="11">Richmond</token>
<token id="310" sentence="16" number="12">County</token>
<token id="311" sentence="16" number="13">,</token>
<token id="312" sentence="16" number="14">said</token>
<token id="313" sentence="16" number="15">the</token>
<token id="314" sentence="16" number="16">additional</token>
<token id="315" sentence="16" number="17">airline</token>
<token id="316" sentence="16" number="18">will</token>
<token id="317" sentence="16" number="19">be</token>
<token id="318" sentence="16" number="20">good</token>
<token id="319" sentence="16" number="21">for</token>
<token id="320" sentence="16" number="22">economic</token>
<token id="321" sentence="16" number="23">development</token>
<token id="322" sentence="16" number="24">.</token>
<token id="323" sentence="17" number="0">``</token>
<token id="324" sentence="17" number="1">I</token>
<token id="325" sentence="17" number="2">know</token>
<token id="326" sentence="17" number="3">that</token>
<token id="327" sentence="17" number="4">E-Z-Go</token>
<token id="328" sentence="17" number="5">has</token>
<token id="329" sentence="17" number="6">a</token>
<token id="330" sentence="17" number="7">lot</token>
<token id="331" sentence="17" number="8">of</token>
<token id="332" sentence="17" number="9">distributors</token>
<token id="333" sentence="17" number="10">in</token>
<token id="334" sentence="17" number="11">Dallas</token>
<token id="335" sentence="17" number="12">;</token>
<token id="336" sentence="17" number="13">so</token>
<token id="337" sentence="17" number="14">does</token>
<token id="338" sentence="17" number="15">Club</token>
<token id="339" sentence="17" number="16">Car</token>
<token id="340" sentence="17" number="17">.</token>
<token id="341" sentence="18" number="0">I</token>
<token id="342" sentence="18" number="1">know</token>
<token id="343" sentence="18" number="2">Kellogg</token>
<token id="344" sentence="18" number="3">'s</token>
<token id="345" sentence="18" number="4">does</token>
<token id="346" sentence="18" number="5">a</token>
<token id="347" sentence="18" number="6">lot</token>
<token id="348" sentence="18" number="7">of</token>
<token id="349" sentence="18" number="8">business</token>
<token id="350" sentence="18" number="9">over</token>
<token id="351" sentence="18" number="10">in</token>
<token id="352" sentence="18" number="11">Dallas</token>
<token id="353" sentence="18" number="12">.</token>
<token id="354" sentence="19" number="0">So</token>
<token id="355" sentence="19" number="1">we</token>
<token id="356" sentence="19" number="2">have</token>
<token id="357" sentence="19" number="3">some</token>
<token id="358" sentence="19" number="4">of</token>
<token id="359" sentence="19" number="5">those</token>
<token id="360" sentence="19" number="6">connections</token>
<token id="361" sentence="19" number="7">,</token>
<token id="362" sentence="19" number="8">''</token>
<token id="363" sentence="19" number="9">Sprouse</token>
<token id="364" sentence="19" number="10">said</token>
<token id="365" sentence="19" number="11">.</token>
<token id="366" sentence="20" number="0">Howard</token>
<token id="367" sentence="20" number="1">said</token>
<token id="368" sentence="20" number="2">American</token>
<token id="369" sentence="20" number="3">is</token>
<token id="370" sentence="20" number="4">in</token>
<token id="371" sentence="20" number="5">a</token>
<token id="372" sentence="20" number="6">growth</token>
<token id="373" sentence="20" number="7">mode</token>
<token id="374" sentence="20" number="8">and</token>
<token id="375" sentence="20" number="9">is</token>
<token id="376" sentence="20" number="10">not</token>
<token id="377" sentence="20" number="11">taking</token>
<token id="378" sentence="20" number="12">a</token>
<token id="379" sentence="20" number="13">flight</token>
<token id="380" sentence="20" number="14">from</token>
<token id="381" sentence="20" number="15">another</token>
<token id="382" sentence="20" number="16">airport</token>
<token id="383" sentence="20" number="17">to</token>
<token id="384" sentence="20" number="18">serve</token>
<token id="385" sentence="20" number="19">Augusta</token>
<token id="386" sentence="20" number="20">.</token>
<token id="387" sentence="21" number="0">American</token>
<token id="388" sentence="21" number="1">Eagle</token>
<token id="389" sentence="21" number="2">is</token>
<token id="390" sentence="21" number="3">also</token>
<token id="391" sentence="21" number="4">adding</token>
<token id="392" sentence="21" number="5">servicebetween</token>
<token id="393" sentence="21" number="6">Dallas</token>
<token id="394" sentence="21" number="7">and</token>
<token id="395" sentence="21" number="8">Fayetteville</token>
<token id="396" sentence="21" number="9">,</token>
<token id="397" sentence="21" number="10">N.C.</token>
<token id="398" sentence="21" number="11">,</token>
<token id="399" sentence="21" number="12">on</token>
<token id="400" sentence="21" number="13">the</token>
<token id="401" sentence="21" number="14">same</token>
<token id="402" sentence="21" number="15">day</token>
<token id="403" sentence="21" number="16">the</token>
<token id="404" sentence="21" number="17">Augusta</token>
<token id="405" sentence="21" number="18">routes</token>
<token id="406" sentence="21" number="19">begin</token>
<token id="407" sentence="21" number="20">.</token>
<token id="408" sentence="22" number="0">American</token>
<token id="409" sentence="22" number="1">will</token>
<token id="410" sentence="22" number="2">be</token>
<token id="411" sentence="22" number="3">flying</token>
<token id="412" sentence="22" number="4">a</token>
<token id="413" sentence="22" number="5">50-seat</token>
<token id="414" sentence="22" number="6">Embraer</token>
<token id="415" sentence="22" number="7">regional</token>
<token id="416" sentence="22" number="8">jet</token>
<token id="417" sentence="22" number="9">to</token>
<token id="418" sentence="22" number="10">and</token>
<token id="419" sentence="22" number="11">from</token>
<token id="420" sentence="22" number="12">Dallas</token>
<token id="421" sentence="22" number="13">.</token>
<token id="422" sentence="23" number="0">Johnston</token>
<token id="423" sentence="23" number="1">said</token>
<token id="424" sentence="23" number="2">flights</token>
<token id="425" sentence="23" number="3">to</token>
<token id="426" sentence="23" number="4">Dallas</token>
<token id="427" sentence="23" number="5">open</token>
<token id="428" sentence="23" number="6">a</token>
<token id="429" sentence="23" number="7">Western</token>
<token id="430" sentence="23" number="8">hub</token>
<token id="431" sentence="23" number="9">to</token>
<token id="432" sentence="23" number="10">Augusta</token>
<token id="433" sentence="23" number="11">.</token>
<token id="434" sentence="24" number="0">US</token>
<token id="435" sentence="24" number="1">Airways</token>
<token id="436" sentence="24" number="2">and</token>
<token id="437" sentence="24" number="3">the</token>
<token id="438" sentence="24" number="4">Delta</token>
<token id="439" sentence="24" number="5">connector</token>
<token id="440" sentence="24" number="6">airline</token>
<token id="441" sentence="24" number="7">have</token>
<token id="442" sentence="24" number="8">been</token>
<token id="443" sentence="24" number="9">mostly</token>
<token id="444" sentence="24" number="10">focused</token>
<token id="445" sentence="24" number="11">on</token>
<token id="446" sentence="24" number="12">the</token>
<token id="447" sentence="24" number="13">East</token>
<token id="448" sentence="24" number="14">Coast</token>
<token id="449" sentence="24" number="15">.</token>
<token id="450" sentence="25" number="0">``</token>
<token id="451" sentence="25" number="1">American</token>
<token id="452" sentence="25" number="2">is</token>
<token id="453" sentence="25" number="3">strong</token>
<token id="454" sentence="25" number="4">in</token>
<token id="455" sentence="25" number="5">the</token>
<token id="456" sentence="25" number="6">western</token>
<token id="457" sentence="25" number="7">side</token>
<token id="458" sentence="25" number="8">of</token>
<token id="459" sentence="25" number="9">our</token>
<token id="460" sentence="25" number="10">country</token>
<token id="461" sentence="25" number="11">.</token>
<token id="462" sentence="26" number="0">They</token>
<token id="463" sentence="26" number="1">have</token>
<token id="464" sentence="26" number="2">a</token>
<token id="465" sentence="26" number="3">significant</token>
<token id="466" sentence="26" number="4">presence</token>
<token id="467" sentence="26" number="5">in</token>
<token id="468" sentence="26" number="6">South</token>
<token id="469" sentence="26" number="7">America</token>
<token id="470" sentence="26" number="8">,</token>
<token id="471" sentence="26" number="9">''</token>
<token id="472" sentence="26" number="10">Johnston</token>
<token id="473" sentence="26" number="11">said</token>
<token id="474" sentence="26" number="12">.</token>
<token id="475" sentence="27" number="0">According</token>
<token id="476" sentence="27" number="1">to</token>
<token id="477" sentence="27" number="2">American</token>
<token id="478" sentence="27" number="3">Airlines</token>
<token id="479" sentence="27" number="4">'</token>
<token id="480" sentence="27" number="5">Web</token>
<token id="481" sentence="27" number="6">site</token>
<token id="482" sentence="27" number="7">,</token>
<token id="483" sentence="27" number="8">and</token>
<token id="484" sentence="27" number="9">other</token>
<token id="485" sentence="27" number="10">travel-oriented</token>
<token id="486" sentence="27" number="11">sites</token>
<token id="487" sentence="27" number="12">,</token>
<token id="488" sentence="27" number="13">the</token>
<token id="489" sentence="27" number="14">initial</token>
<token id="490" sentence="27" number="15">flights</token>
<token id="491" sentence="27" number="16">to</token>
<token id="492" sentence="27" number="17">Augusta</token>
<token id="493" sentence="27" number="18">are</token>
<token id="494" sentence="27" number="19">priced</token>
<token id="495" sentence="27" number="20">between</token>
<token id="496" sentence="27" number="21">$</token>
<token id="497" sentence="27" number="22">396</token>
<token id="498" sentence="27" number="23">and</token>
<token id="499" sentence="27" number="24">$</token>
<token id="500" sentence="27" number="25">470</token>
<token id="501" sentence="27" number="26">,</token>
<token id="502" sentence="27" number="27">round</token>
<token id="503" sentence="27" number="28">trip</token>
<token id="504" sentence="27" number="29">.</token>
<token id="505" sentence="28" number="0">Officials</token>
<token id="506" sentence="28" number="1">from</token>
<token id="507" sentence="28" number="2">American</token>
<token id="508" sentence="28" number="3">Airlines</token>
<token id="509" sentence="28" number="4">did</token>
<token id="510" sentence="28" number="5">not</token>
<token id="511" sentence="28" number="6">attend</token>
<token id="512" sentence="28" number="7">the</token>
<token id="513" sentence="28" number="8">Monday</token>
<token id="514" sentence="28" number="9">announcement</token>
<token id="515" sentence="28" number="10">and</token>
<token id="516" sentence="28" number="11">did</token>
<token id="517" sentence="28" number="12">not</token>
<token id="518" sentence="28" number="13">return</token>
<token id="519" sentence="28" number="14">calls</token>
<token id="520" sentence="28" number="15">seeking</token>
<token id="521" sentence="28" number="16">comment</token>
<token id="522" sentence="28" number="17">.</token>
<token id="523" sentence="29" number="0">Reach</token>
<token id="524" sentence="29" number="1">Tim</token>
<token id="525" sentence="29" number="2">Rausch</token>
<token id="526" sentence="29" number="3">at</token>
<token id="527" sentence="29" number="4">(706)??823-3352</token>
<token id="528" sentence="29" number="5">or</token>
<token id="529" sentence="29" number="6">timothy.rausch@augustachronicle.com</token>


<Markables>
<ENTITY_MENTION id="14" syntactic_type="" head="" comment=""  >
<token_anchor id="48"/>
</ENTITY_MENTION>
<ENTITY_MENTION id="67" syntactic_type="" head="" comment=""  >
<token_anchor id="368"/>
</ENTITY_MENTION>
<ENTITY_MENTION id="15" syntactic_type="" head="" comment=""  >
<token_anchor id="58"/>
<token_anchor id="59"/>
</ENTITY_MENTION>
<ENTITY_MENTION id="69" syntactic_type="" head="" comment=""  >
<token_anchor id="385"/>
</ENTITY_MENTION>
<ENTITY_MENTION id="17" syntactic_type="" head="" comment=""  >
<token_anchor id="68"/>
</ENTITY_MENTION>
<ENTITY_MENTION id="70" syntactic_type="" head="" comment=""  >
<token_anchor id="387"/>
<token_anchor id="388"/>
</ENTITY_MENTION>
<ENTITY_MENTION id="18" syntactic_type="" head="" comment=""  >
<token_anchor id="106"/>
<token_anchor id="107"/>
<token_anchor id="108"/>
</ENTITY_MENTION>
<ENTITY_MENTION id="72" syntactic_type="" head="" comment=""  >
<token_anchor id="393"/>
</ENTITY_MENTION>
<ENTITY_MENTION id="20" syntactic_type="" head="" comment=""  >
<token_anchor id="110"/>
<token_anchor id="111"/>
</ENTITY_MENTION>
<ENTITY_MENTION id="74" syntactic_type="" head="" comment=""  >
<token_anchor id="395"/>
</ENTITY_MENTION>
<ENTITY_MENTION id="22" syntactic_type="" head="" comment=""  >
<token_anchor id="124"/>
<token_anchor id="125"/>
</ENTITY_MENTION>
<ENTITY_MENTION id="76" syntactic_type="" head="" comment=""  >
<token_anchor id="397"/>
</ENTITY_MENTION>
<ENTITY_MENTION id="23" syntactic_type="" head="" comment=""  >
<token_anchor id="127"/>
<token_anchor id="128"/>
</ENTITY_MENTION>
<ENTITY_MENTION id="78" syntactic_type="" head="" comment=""  >
<token_anchor id="404"/>
</ENTITY_MENTION>
<ENTITY_MENTION id="24" syntactic_type="" head="" comment=""  >
<token_anchor id="135"/>
</ENTITY_MENTION>
<ENTITY_MENTION id="79" syntactic_type="" head="" comment=""  >
<token_anchor id="408"/>
</ENTITY_MENTION>
<ENTITY_MENTION id="26" syntactic_type="" head="" comment=""  >
<token_anchor id="155"/>
</ENTITY_MENTION>
<ENTITY_MENTION id="81" syntactic_type="" head="" comment=""  >
<token_anchor id="414"/>
</ENTITY_MENTION>
<ENTITY_MENTION id="28" syntactic_type="" head="" comment=""  >
<token_anchor id="176"/>
</ENTITY_MENTION>
<ENTITY_MENTION id="83" syntactic_type="" head="" comment=""  >
<token_anchor id="420"/>
</ENTITY_MENTION>
<ENTITY_MENTION id="30" syntactic_type="" head="" comment=""  >
<token_anchor id="178"/>
</ENTITY_MENTION>
<ENTITY_MENTION id="85" syntactic_type="" head="" comment=""  >
<token_anchor id="422"/>
</ENTITY_MENTION>
<ENTITY_MENTION id="32" syntactic_type="" head="" comment=""  >
<token_anchor id="185"/>
<token_anchor id="186"/>
</ENTITY_MENTION>
<ENTITY_MENTION id="87" syntactic_type="" head="" comment=""  >
<token_anchor id="426"/>
</ENTITY_MENTION>
<ENTITY_MENTION id="34" syntactic_type="" head="" comment=""  >
<token_anchor id="188"/>
</ENTITY_MENTION>
<ENTITY_MENTION id="89" syntactic_type="" head="" comment=""  >
<token_anchor id="429"/>
</ENTITY_MENTION>
<ENTITY_MENTION id="36" syntactic_type="" head="" comment=""  >
<token_anchor id="202"/>
<token_anchor id="203"/>
</ENTITY_MENTION>
<ENTITY_MENTION id="91" syntactic_type="" head="" comment=""  >
<token_anchor id="432"/>
</ENTITY_MENTION>
<ENTITY_MENTION id="38" syntactic_type="" head="" comment=""  >
<token_anchor id="224"/>
</ENTITY_MENTION>
<ENTITY_MENTION id="92" syntactic_type="" head="" comment=""  >
<token_anchor id="434"/>
<token_anchor id="435"/>
</ENTITY_MENTION>
<ENTITY_MENTION id="39" syntactic_type="" head="" comment=""  >
<token_anchor id="226"/>
<token_anchor id="227"/>
<token_anchor id="228"/>
</ENTITY_MENTION>
<ENTITY_MENTION id="94" syntactic_type="" head="" comment=""  >
<token_anchor id="438"/>
</ENTITY_MENTION>
<ENTITY_MENTION id="41" syntactic_type="" head="" comment=""  >
<token_anchor id="230"/>
</ENTITY_MENTION>
<ENTITY_MENTION id="96" syntactic_type="" head="" comment=""  >
<token_anchor id="447"/>
<token_anchor id="448"/>
</ENTITY_MENTION>
<ENTITY_MENTION id="43" syntactic_type="" head="" comment=""  >
<token_anchor id="232"/>
</ENTITY_MENTION>
<ENTITY_MENTION id="98" syntactic_type="" head="" comment=""  >
<token_anchor id="451"/>
</ENTITY_MENTION>
<ENTITY_MENTION id="45" syntactic_type="" head="" comment=""  >
<token_anchor id="245"/>
</ENTITY_MENTION>
<ENTITY_MENTION id="100" syntactic_type="" head="" comment=""  >
<token_anchor id="468"/>
<token_anchor id="469"/>
</ENTITY_MENTION>
<ENTITY_MENTION id="47" syntactic_type="" head="" comment=""  >
<token_anchor id="247"/>
<token_anchor id="248"/>
</ENTITY_MENTION>
<ENTITY_MENTION id="102" syntactic_type="" head="" comment=""  >
<token_anchor id="472"/>
</ENTITY_MENTION>
<ENTITY_MENTION id="49" syntactic_type="" head="" comment=""  >
<token_anchor id="253"/>
<token_anchor id="254"/>
</ENTITY_MENTION>
<ENTITY_MENTION id="104" syntactic_type="" head="" comment=""  >
<token_anchor id="477"/>
<token_anchor id="478"/>
</ENTITY_MENTION>
<ENTITY_MENTION id="50" syntactic_type="" head="" comment=""  >
<token_anchor id="292"/>
</ENTITY_MENTION>
<ENTITY_MENTION id="106" syntactic_type="" head="" comment=""  >
<token_anchor id="492"/>
</ENTITY_MENTION>
<ENTITY_MENTION id="107" syntactic_type="" head="" comment=""  >
<token_anchor id="507"/>
<token_anchor id="508"/>
</ENTITY_MENTION>
<ENTITY_MENTION id="51" syntactic_type="" head="" comment=""  >
<token_anchor id="295"/>
</ENTITY_MENTION>
<ENTITY_MENTION id="109" syntactic_type="" head="" comment=""  >
<token_anchor id="524"/>
<token_anchor id="525"/>
</ENTITY_MENTION>
<ENTITY_MENTION id="52" syntactic_type="" head="" comment=""  >
<token_anchor id="298"/>
<token_anchor id="299"/>
</ENTITY_MENTION>
<ENTITY_MENTION id="1" syntactic_type="" head="" comment=""  >
<token_anchor id="1"/>
</ENTITY_MENTION>
<ENTITY_MENTION id="53" syntactic_type="" head="" comment=""  >
<token_anchor id="306"/>
<token_anchor id="307"/>
<token_anchor id="308"/>
<token_anchor id="309"/>
<token_anchor id="310"/>
</ENTITY_MENTION>
<ENTITY_MENTION id="2" syntactic_type="" head="" comment=""  >
<token_anchor id="11"/>
</ENTITY_MENTION>
<ENTITY_MENTION id="54" syntactic_type="" head="" comment=""  >
<token_anchor id="327"/>
</ENTITY_MENTION>
<ENTITY_MENTION id="3" syntactic_type="" head="" comment=""  >
<token_anchor id="13"/>
<token_anchor id="14"/>
</ENTITY_MENTION>
<ENTITY_MENTION id="56" syntactic_type="" head="" comment=""  >
<token_anchor id="334"/>
</ENTITY_MENTION>
<ENTITY_MENTION id="5" syntactic_type="" head="" comment=""  >
<token_anchor id="19"/>
<token_anchor id="20"/>
<token_anchor id="21"/>
</ENTITY_MENTION>
<ENTITY_MENTION id="58" syntactic_type="" head="" comment=""  >
<token_anchor id="338"/>
<token_anchor id="339"/>
</ENTITY_MENTION>
<ENTITY_MENTION id="7" syntactic_type="" head="" comment=""  >
<token_anchor id="26"/>
</ENTITY_MENTION>
<ENTITY_MENTION id="60" syntactic_type="" head="" comment=""  >
<token_anchor id="343"/>
</ENTITY_MENTION>
<ENTITY_MENTION id="9" syntactic_type="" head="" comment=""  >
<token_anchor id="31"/>
<token_anchor id="32"/>
</ENTITY_MENTION>
<ENTITY_MENTION id="62" syntactic_type="" head="" comment=""  >
<token_anchor id="352"/>
</ENTITY_MENTION>
<ENTITY_MENTION id="11" syntactic_type="" head="" comment=""  >
<token_anchor id="40"/>
</ENTITY_MENTION>
<ENTITY_MENTION id="64" syntactic_type="" head="" comment=""  >
<token_anchor id="363"/>
</ENTITY_MENTION>
<ENTITY_MENTION id="12" syntactic_type="" head="" comment=""  >
<token_anchor id="42"/>
</ENTITY_MENTION>
<ENTITY_MENTION id="65" syntactic_type="" head="" comment=""  >
<token_anchor id="366"/>
</ENTITY_MENTION>
<SIGNAL id="110" comment=""  >
<token_anchor id="4"/>
</SIGNAL>


<ENTITY id="4" RELATED_TO="" TAG_DESCRIPTOR="http://dbpedia.org/resource/American_Airlines" ent_type="" ent_class="" comment="" external_ref="http://dbpedia.org/resource/American_Airlines" />
<ENTITY id="6" RELATED_TO="" TAG_DESCRIPTOR="http://dbpedia.org/resource/Augusta_Regional_Airport" ent_type="" ent_class="" comment="" external_ref="http://dbpedia.org/resource/Augusta_Regional_Airport" />
<ENTITY id="8" RELATED_TO="" TAG_DESCRIPTOR="http://dbpedia.org/resource/Americas" ent_type="" ent_class="" comment="" external_ref="http://dbpedia.org/resource/Americas" />
<ENTITY id="10" RELATED_TO="" TAG_DESCRIPTOR="http://dbpedia.org/resource/Bald_Eagle" ent_type="" ent_class="" comment="" external_ref="http://dbpedia.org/resource/Bald_Eagle" />
<ENTITY id="13" RELATED_TO="" TAG_DESCRIPTOR="http://dbpedia.org/resource/Dallas" ent_type="" ent_class="" comment="" external_ref="http://dbpedia.org/resource/Dallas" />
<ENTITY id="16" RELATED_TO="" TAG_DESCRIPTOR="http://dbpedia.org/resource/Continental_Express" ent_type="" ent_class="" comment="" external_ref="http://dbpedia.org/resource/Continental_Express" />
<ENTITY id="19" RELATED_TO="" TAG_DESCRIPTOR="http://dbpedia.org/resource/Atlantic_Southeast_Airlines" ent_type="" ent_class="" comment="" external_ref="http://dbpedia.org/resource/Atlantic_Southeast_Airlines" />
<ENTITY id="21" RELATED_TO="" TAG_DESCRIPTOR="http://dbpedia.org/resource/US_Airways" ent_type="" ent_class="" comment="" external_ref="http://dbpedia.org/resource/US_Airways" />
<ENTITY id="25" RELATED_TO="" TAG_DESCRIPTOR="http://dbpedia.org/resource/Americas" ent_type="" ent_class="" comment="" external_ref="http://dbpedia.org/resource/Americas" />
<ENTITY id="27" RELATED_TO="" TAG_DESCRIPTOR="http://dbpedia.org/resource/John_Howard" ent_type="" ent_class="" comment="" external_ref="http://dbpedia.org/resource/John_Howard" />
<ENTITY id="29" RELATED_TO="" TAG_DESCRIPTOR="http://dbpedia.org/resource/John_Howard" ent_type="" ent_class="" comment="" external_ref="http://dbpedia.org/resource/John_Howard" />
<ENTITY id="31" RELATED_TO="" TAG_DESCRIPTOR="http://dbpedia.org/resource/Americas" ent_type="" ent_class="" comment="" external_ref="http://dbpedia.org/resource/Americas" />
<ENTITY id="33" RELATED_TO="" TAG_DESCRIPTOR="http://dbpedia.org/resource/US_Airways" ent_type="" ent_class="" comment="" external_ref="http://dbpedia.org/resource/US_Airways" />
<ENTITY id="35" RELATED_TO="" TAG_DESCRIPTOR="http://dbpedia.org/resource/Allmennaksjeselskap" ent_type="" ent_class="" comment="" external_ref="http://dbpedia.org/resource/Allmennaksjeselskap" />
<ENTITY id="37" RELATED_TO="" TAG_DESCRIPTOR="http://dbpedia.org/resource/Continental_Express" ent_type="" ent_class="" comment="" external_ref="http://dbpedia.org/resource/Continental_Express" />
<ENTITY id="40" RELATED_TO="" TAG_DESCRIPTOR="http://dbpedia.org/resource/New_York_City" ent_type="" ent_class="" comment="" external_ref="http://dbpedia.org/resource/New_York_City" />
<ENTITY id="42" RELATED_TO="" TAG_DESCRIPTOR="http://dbpedia.org/resource/Washington,_D._C." ent_type="" ent_class="" comment="" external_ref="http://dbpedia.org/resource/Washington,_D._C." />
<ENTITY id="44" RELATED_TO="" TAG_DESCRIPTOR="http://dbpedia.org/resource/D.C._(TV_series)" ent_type="" ent_class="" comment="" external_ref="http://dbpedia.org/resource/D.C._(TV_series)" />
<ENTITY id="46" RELATED_TO="" TAG_DESCRIPTOR="http://dbpedia.org/resource/River_delta" ent_type="" ent_class="" comment="" external_ref="http://dbpedia.org/resource/River_delta" />
<ENTITY id="48" RELATED_TO="" TAG_DESCRIPTOR="http://dbpedia.org/resource/US_Airways" ent_type="" ent_class="" comment="" external_ref="http://dbpedia.org/resource/US_Airways" />
<ENTITY id="55" RELATED_TO="" TAG_DESCRIPTOR="http://dbpedia.org/resource/Textron" ent_type="" ent_class="" comment="" external_ref="http://dbpedia.org/resource/Textron" />
<ENTITY id="57" RELATED_TO="" TAG_DESCRIPTOR="http://dbpedia.org/resource/Dallas" ent_type="" ent_class="" comment="" external_ref="http://dbpedia.org/resource/Dallas" />
<ENTITY id="59" RELATED_TO="" TAG_DESCRIPTOR="http://dbpedia.org/resource/Club_Car" ent_type="" ent_class="" comment="" external_ref="http://dbpedia.org/resource/Club_Car" />
<ENTITY id="61" RELATED_TO="" TAG_DESCRIPTOR="http://dbpedia.org/resource/Kellogg's" ent_type="" ent_class="" comment="" external_ref="http://dbpedia.org/resource/Kellogg's" />
<ENTITY id="63" RELATED_TO="" TAG_DESCRIPTOR="http://dbpedia.org/resource/Dallas" ent_type="" ent_class="" comment="" external_ref="http://dbpedia.org/resource/Dallas" />
<ENTITY id="66" RELATED_TO="" TAG_DESCRIPTOR="http://dbpedia.org/resource/John_Howard" ent_type="" ent_class="" comment="" external_ref="http://dbpedia.org/resource/John_Howard" />
<ENTITY id="68" RELATED_TO="" TAG_DESCRIPTOR="http://dbpedia.org/resource/Americas" ent_type="" ent_class="" comment="" external_ref="http://dbpedia.org/resource/Americas" />
<ENTITY id="71" RELATED_TO="" TAG_DESCRIPTOR="http://dbpedia.org/resource/American_Eagle" ent_type="" ent_class="" comment="" external_ref="http://dbpedia.org/resource/American_Eagle_(airline_brand)" />
<ENTITY id="73" RELATED_TO="" TAG_DESCRIPTOR="http://dbpedia.org/resource/Dallas" ent_type="" ent_class="" comment="" external_ref="http://dbpedia.org/resource/Dallas" />
<ENTITY id="75" RELATED_TO="" TAG_DESCRIPTOR="http://dbpedia.org/resource/Fayetteville_(NC)" ent_type="" ent_class="" comment="" external_ref="http://dbpedia.org/resource/Fayetteville_(NC)" />
<ENTITY id="77" RELATED_TO="" TAG_DESCRIPTOR="http://dbpedia.org/resource/N.C._Wyeth" ent_type="" ent_class="" comment="" external_ref="http://dbpedia.org/resource/N.C._Wyeth" />
<ENTITY id="80" RELATED_TO="" TAG_DESCRIPTOR="http://dbpedia.org/resource/Americas" ent_type="" ent_class="" comment="" external_ref="http://dbpedia.org/resource/Americas" />
<ENTITY id="82" RELATED_TO="" TAG_DESCRIPTOR="http://dbpedia.org/resource/Embraer" ent_type="" ent_class="" comment="" external_ref="http://dbpedia.org/resource/Embraer" />
<ENTITY id="84" RELATED_TO="" TAG_DESCRIPTOR="http://dbpedia.org/resource/Dallas" ent_type="" ent_class="" comment="" external_ref="http://dbpedia.org/resource/Dallas" />
<ENTITY id="86" RELATED_TO="" TAG_DESCRIPTOR="http://dbpedia.org/resource/Johnston_Atoll" ent_type="" ent_class="" comment="" external_ref="http://dbpedia.org/resource/Johnston_Atoll" />
<ENTITY id="88" RELATED_TO="" TAG_DESCRIPTOR="http://dbpedia.org/resource/Dallas" ent_type="" ent_class="" comment="" external_ref="http://dbpedia.org/resource/Dallas" />
<ENTITY id="90" RELATED_TO="" TAG_DESCRIPTOR="http://dbpedia.org/resource/Western_Europe" ent_type="" ent_class="" comment="" external_ref="http://dbpedia.org/resource/Western_Europe" />
<ENTITY id="93" RELATED_TO="" TAG_DESCRIPTOR="http://dbpedia.org/resource/US_Airways" ent_type="" ent_class="" comment="" external_ref="http://dbpedia.org/resource/US_Airways" />
<ENTITY id="95" RELATED_TO="" TAG_DESCRIPTOR="http://dbpedia.org/resource/Delta_Airline" ent_type="" ent_class="" comment="" external_ref="http://dbpedia.org/resource/Delta_Airline" />
<ENTITY id="97" RELATED_TO="" TAG_DESCRIPTOR="http://dbpedia.org/resource/East_Coast_(United_States)" ent_type="" ent_class="" comment="" external_ref="http://dbpedia.org/resource/East_Coast_(United_States)" />
<ENTITY id="99" RELATED_TO="" TAG_DESCRIPTOR="http://dbpedia.org/resource/Americas" ent_type="" ent_class="" comment="" external_ref="http://dbpedia.org/resource/Americas" />
<ENTITY id="101" RELATED_TO="" TAG_DESCRIPTOR="http://dbpedia.org/resource/South_America" ent_type="" ent_class="" comment="" external_ref="http://dbpedia.org/resource/South_America" />
<ENTITY id="103" RELATED_TO="" TAG_DESCRIPTOR="http://dbpedia.org/resource/Johnston_Atoll" ent_type="" ent_class="" comment="" external_ref="http://dbpedia.org/resource/Johnston_Atoll" />
<ENTITY id="105" RELATED_TO="" TAG_DESCRIPTOR="http://dbpedia.org/resource/American_Airlines" ent_type="" ent_class="" comment="" external_ref="http://dbpedia.org/resource/American_Airlines" />
<ENTITY id="108" RELATED_TO="" TAG_DESCRIPTOR="http://dbpedia.org/resource/American_Airlines" ent_type="" ent_class="" comment="" external_ref="http://dbpedia.org/resource/American_Airlines" />
<ENTITY id="111" RELATED_TO="" TAG_DESCRIPTOR="http://dbpedia.org/resource/United_States" ent_type="PER" ent_class="" comment="" external_ref="http://dbpedia.org/resource/United_States" />
</Markables>

<Relations>
<REFERS_TO id="433722" >
<source id="47" />
<target id="48" />
</REFERS_TO>
<REFERS_TO id="433724" >
<source id="104" />
<target id="105" />
</REFERS_TO>
<REFERS_TO id="433725" >
<source id="54" />
<target id="55" />
</REFERS_TO>
<REFERS_TO id="433726" >
<source id="79" />
<target id="4" />
</REFERS_TO>
<REFERS_TO id="433727" >
<source id="56" />
<target id="57" />
</REFERS_TO>
<REFERS_TO id="433728" >
<source id="58" />
<target id="59" />
</REFERS_TO>
<REFERS_TO id="433729" >
<source id="60" />
<target id="61" />
</REFERS_TO>
<REFERS_TO id="433730" >
<source id="74" />
<target id="75" />
</REFERS_TO>
<REFERS_TO id="433731" >
<source id="45" />
<target id="95" />
</REFERS_TO>
<REFERS_TO id="433732" >
<source id="107" />
<target id="108" />
</REFERS_TO>
<REFERS_TO id="433733" >
<source id="78" />
<target id="6" />
</REFERS_TO>
<REFERS_TO id="433735" >
<source id="18" />
<target id="19" />
</REFERS_TO>
<REFERS_TO id="433736" >
<source id="20" />
<target id="21" />
</REFERS_TO>
<REFERS_TO id="433737" >
<source id="72" />
<target id="73" />
</REFERS_TO>
<REFERS_TO id="433738" >
<source id="15" />
<target id="16" />
</REFERS_TO>
<REFERS_TO id="433739" >
<source id="17" />
<target id="6" />
</REFERS_TO>
<REFERS_TO id="433740" >
<source id="39" />
<target id="40" />
</REFERS_TO>
<REFERS_TO id="433741" >
<source id="38" />
<target id="6" />
</REFERS_TO>
<REFERS_TO id="433742" >
<source id="41" />
<target id="42" />
</REFERS_TO>
<REFERS_TO id="433743" >
<source id="36" />
<target id="37" />
</REFERS_TO>
<REFERS_TO id="433744" >
<source id="34" />
<target id="19" />
</REFERS_TO>
<REFERS_TO id="433745" >
<source id="1" />
<target id="6" />
</REFERS_TO>
<REFERS_TO id="433746" >
<source id="2" />
<target id="6" />
</REFERS_TO>
<REFERS_TO id="433747" >
<source id="3" />
<target id="108" />
</REFERS_TO>
<REFERS_TO id="433748" >
<source id="5" />
<target id="6" />
</REFERS_TO>
<REFERS_TO id="433749" >
<source id="87" />
<target id="88" />
</REFERS_TO>
<REFERS_TO id="433750" >
<source id="69" />
<target id="6" />
</REFERS_TO>
<REFERS_TO id="433751" >
<source id="67" />
<target id="4" />
</REFERS_TO>
<REFERS_TO id="433752" >
<source id="32" />
<target id="33" />
</REFERS_TO>
<REFERS_TO id="433754" >
<source id="62" />
<target id="63" />
</REFERS_TO>
<REFERS_TO id="433755" >
<source id="81" />
<target id="82" />
</REFERS_TO>
<REFERS_TO id="433756" >
<source id="92" />
<target id="93" />
</REFERS_TO>
<REFERS_TO id="433757" >
<source id="83" />
<target id="84" />
</REFERS_TO>
<REFERS_TO id="433758" >
<source id="91" />
<target id="6" />
</REFERS_TO>
<REFERS_TO id="433760" >
<source id="96" />
<target id="97" />
</REFERS_TO>
<REFERS_TO id="433761" >
<source id="70" />
<target id="71" />
</REFERS_TO>
<REFERS_TO id="433762" >
<source id="94" />
<target id="95" />
</REFERS_TO>
<REFERS_TO id="433763" >
<source id="7" />
<target id="4" />
</REFERS_TO>
<REFERS_TO id="433765" >
<source id="11" />
<target id="6" />
</REFERS_TO>
<REFERS_TO id="433766" >
<source id="12" />
<target id="13" />
</REFERS_TO>
<REFERS_TO id="433767" >
<source id="14" />
<target id="6" />
</REFERS_TO>
<REFERS_TO id="433768" >
<source id="50" />
<target id="6" />
</REFERS_TO>
<REFERS_TO id="433769" >
<source id="24" />
<target id="105" />
</REFERS_TO>
<REFERS_TO id="433770" >
<source id="30" />
<target id="4" />
</REFERS_TO>
<REFERS_TO id="433771" >
<source id="106" />
<target id="6" />
</REFERS_TO>
<REFERS_TO id="433774" >
<source id="98" />
<target id="4" />
</REFERS_TO>
<REFERS_TO id="433776" >
<source id="100" />
<target id="101" />
</REFERS_TO>
<REFERS_TO id="433943" >
<source id="9" />
<target id="71" />
</REFERS_TO>
<REFERS_TO id="433944" >
<source id="22" />
<target id="6" />
</REFERS_TO>
</Relations>
</Document>
