<Document doc_name="8034-6R30-Y9KG-71S5.xml">
<token id="1" sentence="0" number="0">Chinese</token>
<token id="2" sentence="0" number="1">firm</token>
<token id="3" sentence="0" number="2">completes</token>
<token id="4" sentence="0" number="3">acquisition</token>
<token id="5" sentence="0" number="4">of</token>
<token id="6" sentence="0" number="5">Volvo</token>
<token id="7" sentence="1" number="0">ABSTRACT</token>
<token id="8" sentence="1" number="1">Zhejiang</token>
<token id="9" sentence="1" number="2">Geely</token>
<token id="10" sentence="1" number="3">Holding</token>
<token id="11" sentence="1" number="4">Group</token>
<token id="12" sentence="1" number="5">also</token>
<token id="13" sentence="1" number="6">named</token>
<token id="14" sentence="1" number="7">a</token>
<token id="15" sentence="1" number="8">chief</token>
<token id="16" sentence="1" number="9">to</token>
<token id="17" sentence="1" number="10">run</token>
<token id="18" sentence="1" number="11">Volvo</token>
<token id="19" sentence="1" number="12">,</token>
<token id="20" sentence="1" number="13">the</token>
<token id="21" sentence="1" number="14">last</token>
<token id="22" sentence="1" number="15">of</token>
<token id="23" sentence="1" number="16">a</token>
<token id="24" sentence="1" number="17">group</token>
<token id="25" sentence="1" number="18">of</token>
<token id="26" sentence="1" number="19">premium</token>
<token id="27" sentence="1" number="20">brands</token>
<token id="28" sentence="1" number="21">that</token>
<token id="29" sentence="1" number="22">Ford</token>
<token id="30" sentence="1" number="23">has</token>
<token id="31" sentence="1" number="24">sold</token>
<token id="32" sentence="1" number="25">.</token>
<token id="33" sentence="2" number="0">FULL</token>
<token id="34" sentence="2" number="1">TEXT</token>
<token id="35" sentence="2" number="2">The</token>
<token id="36" sentence="2" number="3">Chinese</token>
<token id="37" sentence="2" number="4">carmaker</token>
<token id="38" sentence="2" number="5">Zhejiang</token>
<token id="39" sentence="2" number="6">Geely</token>
<token id="40" sentence="2" number="7">Holding</token>
<token id="41" sentence="2" number="8">Group</token>
<token id="42" sentence="2" number="9">said</token>
<token id="43" sentence="2" number="10">Monday</token>
<token id="44" sentence="2" number="11">that</token>
<token id="45" sentence="2" number="12">it</token>
<token id="46" sentence="2" number="13">had</token>
<token id="47" sentence="2" number="14">completed</token>
<token id="48" sentence="2" number="15">the</token>
<token id="49" sentence="2" number="16">purchase</token>
<token id="50" sentence="2" number="17">of</token>
<token id="51" sentence="2" number="18">Volvo</token>
<token id="52" sentence="2" number="19">Car</token>
<token id="53" sentence="2" number="20">Corp.</token>
<token id="54" sentence="2" number="21">from</token>
<token id="55" sentence="2" number="22">Ford</token>
<token id="56" sentence="2" number="23">Motor</token>
<token id="57" sentence="2" number="24">and</token>
<token id="58" sentence="2" number="25">named</token>
<token id="59" sentence="2" number="26">a</token>
<token id="60" sentence="2" number="27">chief</token>
<token id="61" sentence="2" number="28">to</token>
<token id="62" sentence="2" number="29">lead</token>
<token id="63" sentence="2" number="30">it</token>
<token id="64" sentence="2" number="31">.</token>
<token id="65" sentence="3" number="0">Li</token>
<token id="66" sentence="3" number="1">Shufu</token>
<token id="67" sentence="3" number="2">,</token>
<token id="68" sentence="3" number="3">chairman</token>
<token id="69" sentence="3" number="4">of</token>
<token id="70" sentence="3" number="5">Geely</token>
<token id="71" sentence="3" number="6">Holding</token>
<token id="72" sentence="3" number="7">,</token>
<token id="73" sentence="3" number="8">said</token>
<token id="74" sentence="3" number="9">the</token>
<token id="75" sentence="3" number="10">completion</token>
<token id="76" sentence="3" number="11">of</token>
<token id="77" sentence="3" number="12">the</token>
<token id="78" sentence="3" number="13">deal</token>
<token id="79" sentence="3" number="14">-</token>
<token id="80" sentence="3" number="15">the</token>
<token id="81" sentence="3" number="16">first</token>
<token id="82" sentence="3" number="17">time</token>
<token id="83" sentence="3" number="18">a</token>
<token id="84" sentence="3" number="19">Chinese</token>
<token id="85" sentence="3" number="20">carmaker</token>
<token id="86" sentence="3" number="21">has</token>
<token id="87" sentence="3" number="22">acquired</token>
<token id="88" sentence="3" number="23">100</token>
<token id="89" sentence="3" number="24">percent</token>
<token id="90" sentence="3" number="25">of</token>
<token id="91" sentence="3" number="26">a</token>
<token id="92" sentence="3" number="27">foreign</token>
<token id="93" sentence="3" number="28">rival</token>
<token id="94" sentence="3" number="29">-</token>
<token id="95" sentence="3" number="30">was</token>
<token id="96" sentence="3" number="31">a</token>
<token id="97" sentence="3" number="32">''</token>
<token id="98" sentence="3" number="33">historic</token>
<token id="99" sentence="3" number="34">day</token>
<token id="100" sentence="3" number="35">.</token>
<token id="101" sentence="3" number="36">''</token>
<token id="102" sentence="4" number="0">He</token>
<token id="103" sentence="4" number="1">vowed</token>
<token id="104" sentence="4" number="2">that</token>
<token id="105" sentence="4" number="3">Volvo</token>
<token id="106" sentence="4" number="4">,</token>
<token id="107" sentence="4" number="5">based</token>
<token id="108" sentence="4" number="6">in</token>
<token id="109" sentence="4" number="7">Sweden</token>
<token id="110" sentence="4" number="8">,</token>
<token id="111" sentence="4" number="9">would</token>
<token id="112" sentence="4" number="10">push</token>
<token id="113" sentence="4" number="11">to</token>
<token id="114" sentence="4" number="12">expand</token>
<token id="115" sentence="4" number="13">market</token>
<token id="116" sentence="4" number="14">share</token>
<token id="117" sentence="4" number="15">around</token>
<token id="118" sentence="4" number="16">the</token>
<token id="119" sentence="4" number="17">world</token>
<token id="120" sentence="4" number="18">while</token>
<token id="121" sentence="4" number="19">keeping</token>
<token id="122" sentence="4" number="20">to</token>
<token id="123" sentence="4" number="21">the</token>
<token id="124" sentence="4" number="22">characteristics</token>
<token id="125" sentence="4" number="23">,</token>
<token id="126" sentence="4" number="24">like</token>
<token id="127" sentence="4" number="25">a</token>
<token id="128" sentence="4" number="26">focus</token>
<token id="129" sentence="4" number="27">on</token>
<token id="130" sentence="4" number="28">safety</token>
<token id="131" sentence="4" number="29">,</token>
<token id="132" sentence="4" number="30">that</token>
<token id="133" sentence="4" number="31">have</token>
<token id="134" sentence="4" number="32">defined</token>
<token id="135" sentence="4" number="33">it</token>
<token id="136" sentence="4" number="34">.</token>
<token id="137" sentence="5" number="0">Geely</token>
<token id="138" sentence="5" number="1">also</token>
<token id="139" sentence="5" number="2">tapped</token>
<token id="140" sentence="5" number="3">Stefan</token>
<token id="141" sentence="5" number="4">Jacoby</token>
<token id="142" sentence="5" number="5">,</token>
<token id="143" sentence="5" number="6">the</token>
<token id="144" sentence="5" number="7">head</token>
<token id="145" sentence="5" number="8">of</token>
<token id="146" sentence="5" number="9">Volkswagen</token>
<token id="147" sentence="5" number="10">of</token>
<token id="148" sentence="5" number="11">America</token>
<token id="149" sentence="5" number="12">,</token>
<token id="150" sentence="5" number="13">to</token>
<token id="151" sentence="5" number="14">be</token>
<token id="152" sentence="5" number="15">president</token>
<token id="153" sentence="5" number="16">and</token>
<token id="154" sentence="5" number="17">chief</token>
<token id="155" sentence="5" number="18">executive</token>
<token id="156" sentence="5" number="19">of</token>
<token id="157" sentence="5" number="20">Volvo</token>
<token id="158" sentence="5" number="21">.</token>
<token id="159" sentence="6" number="0">Mr.</token>
<token id="160" sentence="6" number="1">Jacoby</token>
<token id="161" sentence="6" number="2">will</token>
<token id="162" sentence="6" number="3">join</token>
<token id="163" sentence="6" number="4">the</token>
<token id="164" sentence="6" number="5">board</token>
<token id="165" sentence="6" number="6">of</token>
<token id="166" sentence="6" number="7">Volvo</token>
<token id="167" sentence="6" number="8">in</token>
<token id="168" sentence="6" number="9">August</token>
<token id="169" sentence="6" number="10">and</token>
<token id="170" sentence="6" number="11">conduct</token>
<token id="171" sentence="6" number="12">a</token>
<token id="172" sentence="6" number="13">strategic</token>
<token id="173" sentence="6" number="14">review</token>
<token id="174" sentence="6" number="15">to</token>
<token id="175" sentence="6" number="16">determine</token>
<token id="176" sentence="6" number="17">the</token>
<token id="177" sentence="6" number="18">scope</token>
<token id="178" sentence="6" number="19">and</token>
<token id="179" sentence="6" number="20">strategy</token>
<token id="180" sentence="6" number="21">of</token>
<token id="181" sentence="6" number="22">the</token>
<token id="182" sentence="6" number="23">company</token>
<token id="183" sentence="6" number="24">.</token>
<token id="184" sentence="7" number="0">Volvo</token>
<token id="185" sentence="7" number="1">will</token>
<token id="186" sentence="7" number="2">remain</token>
<token id="187" sentence="7" number="3">based</token>
<token id="188" sentence="7" number="4">in</token>
<token id="189" sentence="7" number="5">Sweden</token>
<token id="190" sentence="7" number="6">and</token>
<token id="191" sentence="7" number="7">keep</token>
<token id="192" sentence="7" number="8">factories</token>
<token id="193" sentence="7" number="9">in</token>
<token id="194" sentence="7" number="10">Belgium</token>
<token id="195" sentence="7" number="11">.</token>
<token id="196" sentence="8" number="0">The</token>
<token id="197" sentence="8" number="1">Chinese</token>
<token id="198" sentence="8" number="2">carmaker</token>
<token id="199" sentence="8" number="3">paid</token>
<token id="200" sentence="8" number="4">$</token>
<token id="201" sentence="8" number="5">1.3</token>
<token id="202" sentence="8" number="6">billion</token>
<token id="203" sentence="8" number="7">cash</token>
<token id="204" sentence="8" number="8">for</token>
<token id="205" sentence="8" number="9">the</token>
<token id="206" sentence="8" number="10">carmaker</token>
<token id="207" sentence="8" number="11">on</token>
<token id="208" sentence="8" number="12">Monday</token>
<token id="209" sentence="8" number="13">and</token>
<token id="210" sentence="8" number="14">issued</token>
<token id="211" sentence="8" number="15">a</token>
<token id="212" sentence="8" number="16">$</token>
<token id="213" sentence="8" number="17">200</token>
<token id="214" sentence="8" number="18">million</token>
<token id="215" sentence="8" number="19">note</token>
<token id="216" sentence="8" number="20">payable</token>
<token id="217" sentence="8" number="21">to</token>
<token id="218" sentence="8" number="22">Ford</token>
<token id="219" sentence="8" number="23">.</token>
<token id="220" sentence="9" number="0">Further</token>
<token id="221" sentence="9" number="1">payments</token>
<token id="222" sentence="9" number="2">-</token>
<token id="223" sentence="9" number="3">which</token>
<token id="224" sentence="9" number="4">may</token>
<token id="225" sentence="9" number="5">range</token>
<token id="226" sentence="9" number="6">from</token>
<token id="227" sentence="9" number="7">the</token>
<token id="228" sentence="9" number="8">modest</token>
<token id="229" sentence="9" number="9">to</token>
<token id="230" sentence="9" number="10">the</token>
<token id="231" sentence="9" number="11">significant</token>
<token id="232" sentence="9" number="12">-</token>
<token id="233" sentence="9" number="13">are</token>
<token id="234" sentence="9" number="14">expected</token>
<token id="235" sentence="9" number="15">with</token>
<token id="236" sentence="9" number="16">a</token>
<token id="237" sentence="9" number="17">later</token>
<token id="238" sentence="9" number="18">price</token>
<token id="239" sentence="9" number="19">adjustment</token>
<token id="240" sentence="9" number="20">,</token>
<token id="241" sentence="9" number="21">Ford</token>
<token id="242" sentence="9" number="22">said</token>
<token id="243" sentence="9" number="23">in</token>
<token id="244" sentence="9" number="24">a</token>
<token id="245" sentence="9" number="25">separate</token>
<token id="246" sentence="9" number="26">statement</token>
<token id="247" sentence="9" number="27">.</token>
<token id="248" sentence="10" number="0">That</token>
<token id="249" sentence="10" number="1">involves</token>
<token id="250" sentence="10" number="2">a</token>
<token id="251" sentence="10" number="3">line-item</token>
<token id="252" sentence="10" number="4">audit</token>
<token id="253" sentence="10" number="5">of</token>
<token id="254" sentence="10" number="6">things</token>
<token id="255" sentence="10" number="7">like</token>
<token id="256" sentence="10" number="8">components</token>
<token id="257" sentence="10" number="9">already</token>
<token id="258" sentence="10" number="10">supplied</token>
<token id="259" sentence="10" number="11">and</token>
<token id="260" sentence="10" number="12">cars</token>
<token id="261" sentence="10" number="13">in</token>
<token id="262" sentence="10" number="14">stock</token>
<token id="263" sentence="10" number="15">.</token>
<token id="264" sentence="11" number="0">In</token>
<token id="265" sentence="11" number="1">March</token>
<token id="266" sentence="11" number="2">,</token>
<token id="267" sentence="11" number="3">when</token>
<token id="268" sentence="11" number="4">the</token>
<token id="269" sentence="11" number="5">deal</token>
<token id="270" sentence="11" number="6">was</token>
<token id="271" sentence="11" number="7">announced</token>
<token id="272" sentence="11" number="8">,</token>
<token id="273" sentence="11" number="9">the</token>
<token id="274" sentence="11" number="10">price</token>
<token id="275" sentence="11" number="11">tag</token>
<token id="276" sentence="11" number="12">was</token>
<token id="277" sentence="11" number="13">put</token>
<token id="278" sentence="11" number="14">at</token>
<token id="279" sentence="11" number="15">$</token>
<token id="280" sentence="11" number="16">1.8</token>
<token id="281" sentence="11" number="17">billion</token>
<token id="282" sentence="11" number="18">.</token>
<token id="283" sentence="12" number="0">The</token>
<token id="284" sentence="12" number="1">altered</token>
<token id="285" sentence="12" number="2">terms</token>
<token id="286" sentence="12" number="3">reflect</token>
<token id="287" sentence="12" number="4">adjustments</token>
<token id="288" sentence="12" number="5">after</token>
<token id="289" sentence="12" number="6">due</token>
<token id="290" sentence="12" number="7">diligence</token>
<token id="291" sentence="12" number="8">in</token>
<token id="292" sentence="12" number="9">things</token>
<token id="293" sentence="12" number="10">like</token>
<token id="294" sentence="12" number="11">retirement</token>
<token id="295" sentence="12" number="12">funds</token>
<token id="296" sentence="12" number="13">and</token>
<token id="297" sentence="12" number="14">working</token>
<token id="298" sentence="12" number="15">capital</token>
<token id="299" sentence="12" number="16">,</token>
<token id="300" sentence="12" number="17">Geely</token>
<token id="301" sentence="12" number="18">said</token>
<token id="302" sentence="12" number="19">.</token>
<token id="303" sentence="13" number="0">The</token>
<token id="304" sentence="13" number="1">authorities</token>
<token id="305" sentence="13" number="2">in</token>
<token id="306" sentence="13" number="3">China</token>
<token id="307" sentence="13" number="4">,</token>
<token id="308" sentence="13" number="5">one</token>
<token id="309" sentence="13" number="6">of</token>
<token id="310" sentence="13" number="7">12</token>
<token id="311" sentence="13" number="8">countries</token>
<token id="312" sentence="13" number="9">where</token>
<token id="313" sentence="13" number="10">approval</token>
<token id="314" sentence="13" number="11">was</token>
<token id="315" sentence="13" number="12">required</token>
<token id="316" sentence="13" number="13">,</token>
<token id="317" sentence="13" number="14">gave</token>
<token id="318" sentence="13" number="15">their</token>
<token id="319" sentence="13" number="16">support</token>
<token id="320" sentence="13" number="17">to</token>
<token id="321" sentence="13" number="18">the</token>
<token id="322" sentence="13" number="19">acquisition</token>
<token id="323" sentence="13" number="20">last</token>
<token id="324" sentence="13" number="21">week</token>
<token id="325" sentence="13" number="22">.</token>
<token id="326" sentence="14" number="0">Alan</token>
<token id="327" sentence="14" number="1">R.</token>
<token id="328" sentence="14" number="2">Mulally</token>
<token id="329" sentence="14" number="3">,</token>
<token id="330" sentence="14" number="4">chief</token>
<token id="331" sentence="14" number="5">executive</token>
<token id="332" sentence="14" number="6">of</token>
<token id="333" sentence="14" number="7">Ford</token>
<token id="334" sentence="14" number="8">,</token>
<token id="335" sentence="14" number="9">said</token>
<token id="336" sentence="14" number="10">that</token>
<token id="337" sentence="14" number="11">Volvo</token>
<token id="338" sentence="14" number="12">had</token>
<token id="339" sentence="14" number="13">''</token>
<token id="340" sentence="14" number="14">returned</token>
<token id="341" sentence="14" number="15">to</token>
<token id="342" sentence="14" number="16">profits</token>
<token id="343" sentence="14" number="17">after</token>
<token id="344" sentence="14" number="18">a</token>
<token id="345" sentence="14" number="19">successful</token>
<token id="346" sentence="14" number="20">restructuring</token>
<token id="347" sentence="14" number="21">.</token>
<token id="348" sentence="14" number="22">''</token>
<token id="349" sentence="15" number="0">Ford</token>
<token id="350" sentence="15" number="1">,</token>
<token id="351" sentence="15" number="2">based</token>
<token id="352" sentence="15" number="3">in</token>
<token id="353" sentence="15" number="4">the</token>
<token id="354" sentence="15" number="5">United</token>
<token id="355" sentence="15" number="6">States</token>
<token id="356" sentence="15" number="7">,</token>
<token id="357" sentence="15" number="8">said</token>
<token id="358" sentence="15" number="9">it</token>
<token id="359" sentence="15" number="10">would</token>
<token id="360" sentence="15" number="11">provide</token>
<token id="361" sentence="15" number="12">Volvo</token>
<token id="362" sentence="15" number="13">with</token>
<token id="363" sentence="15" number="14">parts</token>
<token id="364" sentence="15" number="15">,</token>
<token id="365" sentence="15" number="16">as</token>
<token id="366" sentence="15" number="17">well</token>
<token id="367" sentence="15" number="18">as</token>
<token id="368" sentence="15" number="19">engineering</token>
<token id="369" sentence="15" number="20">and</token>
<token id="370" sentence="15" number="21">information</token>
<token id="371" sentence="15" number="22">technology</token>
<token id="372" sentence="15" number="23">support</token>
<token id="373" sentence="15" number="24">,</token>
<token id="374" sentence="15" number="25">for</token>
<token id="375" sentence="15" number="26">a</token>
<token id="376" sentence="15" number="27">transitional</token>
<token id="377" sentence="15" number="28">period</token>
<token id="378" sentence="15" number="29">.</token>
<token id="379" sentence="16" number="0">The</token>
<token id="380" sentence="16" number="1">sale</token>
<token id="381" sentence="16" number="2">ended</token>
<token id="382" sentence="16" number="3">an</token>
<token id="383" sentence="16" number="4">era</token>
<token id="384" sentence="16" number="5">in</token>
<token id="385" sentence="16" number="6">which</token>
<token id="386" sentence="16" number="7">Ford</token>
<token id="387" sentence="16" number="8">,</token>
<token id="388" sentence="16" number="9">the</token>
<token id="389" sentence="16" number="10">only</token>
<token id="390" sentence="16" number="11">U.S.</token>
<token id="391" sentence="16" number="12">carmaker</token>
<token id="392" sentence="16" number="13">to</token>
<token id="393" sentence="16" number="14">avoid</token>
<token id="394" sentence="16" number="15">bankruptcy</token>
<token id="395" sentence="16" number="16">last</token>
<token id="396" sentence="16" number="17">year</token>
<token id="397" sentence="16" number="18">,</token>
<token id="398" sentence="16" number="19">sought</token>
<token id="399" sentence="16" number="20">to</token>
<token id="400" sentence="16" number="21">diversify</token>
<token id="401" sentence="16" number="22">with</token>
<token id="402" sentence="16" number="23">premium</token>
<token id="403" sentence="16" number="24">brands</token>
<token id="404" sentence="16" number="25">.</token>
<token id="405" sentence="17" number="0">Ford</token>
<token id="406" sentence="17" number="1">bought</token>
<token id="407" sentence="17" number="2">Volvo</token>
<token id="408" sentence="17" number="3">for</token>
<token id="409" sentence="17" number="4">$</token>
<token id="410" sentence="17" number="5">6</token>
<token id="411" sentence="17" number="6">billion</token>
<token id="412" sentence="17" number="7">in</token>
<token id="413" sentence="17" number="8">1999</token>
<token id="414" sentence="17" number="9">as</token>
<token id="415" sentence="17" number="10">part</token>
<token id="416" sentence="17" number="11">of</token>
<token id="417" sentence="17" number="12">a</token>
<token id="418" sentence="17" number="13">decade-long</token>
<token id="419" sentence="17" number="14">global</token>
<token id="420" sentence="17" number="15">push</token>
<token id="421" sentence="17" number="16">in</token>
<token id="422" sentence="17" number="17">which</token>
<token id="423" sentence="17" number="18">it</token>
<token id="424" sentence="17" number="19">also</token>
<token id="425" sentence="17" number="20">acquired</token>
<token id="426" sentence="17" number="21">Aston</token>
<token id="427" sentence="17" number="22">Martin</token>
<token id="428" sentence="17" number="23">,</token>
<token id="429" sentence="17" number="24">Jaguar</token>
<token id="430" sentence="17" number="25">and</token>
<token id="431" sentence="17" number="26">Land</token>
<token id="432" sentence="17" number="27">Rover</token>
<token id="433" sentence="17" number="28">.</token>
<token id="434" sentence="18" number="0">Of</token>
<token id="435" sentence="18" number="1">those</token>
<token id="436" sentence="18" number="2">international</token>
<token id="437" sentence="18" number="3">luxury</token>
<token id="438" sentence="18" number="4">brands</token>
<token id="439" sentence="18" number="5">,</token>
<token id="440" sentence="18" number="6">Volvo</token>
<token id="441" sentence="18" number="7">is</token>
<token id="442" sentence="18" number="8">the</token>
<token id="443" sentence="18" number="9">last</token>
<token id="444" sentence="18" number="10">to</token>
<token id="445" sentence="18" number="11">be</token>
<token id="446" sentence="18" number="12">sold</token>
<token id="447" sentence="18" number="13">,</token>
<token id="448" sentence="18" number="14">as</token>
<token id="449" sentence="18" number="15">Ford</token>
<token id="450" sentence="18" number="16">now</token>
<token id="451" sentence="18" number="17">focuses</token>
<token id="452" sentence="18" number="18">on</token>
<token id="453" sentence="18" number="19">its</token>
<token id="454" sentence="18" number="20">so-called</token>
<token id="455" sentence="18" number="21">core</token>
<token id="456" sentence="18" number="22">North</token>
<token id="457" sentence="18" number="23">American</token>
<token id="458" sentence="18" number="24">and</token>
<token id="459" sentence="18" number="25">European</token>
<token id="460" sentence="18" number="26">businesses</token>
<token id="461" sentence="18" number="27">.</token>
<token id="462" sentence="19" number="0">Ford</token>
<token id="463" sentence="19" number="1">,</token>
<token id="464" sentence="19" number="2">while</token>
<token id="465" sentence="19" number="3">emerging</token>
<token id="466" sentence="19" number="4">relatively</token>
<token id="467" sentence="19" number="5">healthy</token>
<token id="468" sentence="19" number="6">from</token>
<token id="469" sentence="19" number="7">the</token>
<token id="470" sentence="19" number="8">crisis</token>
<token id="471" sentence="19" number="9">that</token>
<token id="472" sentence="19" number="10">saw</token>
<token id="473" sentence="19" number="11">General</token>
<token id="474" sentence="19" number="12">Motors</token>
<token id="475" sentence="19" number="13">and</token>
<token id="476" sentence="19" number="14">Chrysler</token>
<token id="477" sentence="19" number="15">file</token>
<token id="478" sentence="19" number="16">for</token>
<token id="479" sentence="19" number="17">bankruptcy</token>
<token id="480" sentence="19" number="18">,</token>
<token id="481" sentence="19" number="19">is</token>
<token id="482" sentence="19" number="20">still</token>
<token id="483" sentence="19" number="21">struggling</token>
<token id="484" sentence="19" number="22">under</token>
<token id="485" sentence="19" number="23">about</token>
<token id="486" sentence="19" number="24">$</token>
<token id="487" sentence="19" number="25">27</token>
<token id="488" sentence="19" number="26">billion</token>
<token id="489" sentence="19" number="27">in</token>
<token id="490" sentence="19" number="28">debt</token>
<token id="491" sentence="19" number="29">,</token>
<token id="492" sentence="19" number="30">and</token>
<token id="493" sentence="19" number="31">can</token>
<token id="494" sentence="19" number="32">use</token>
<token id="495" sentence="19" number="33">the</token>
<token id="496" sentence="19" number="34">cash</token>
<token id="497" sentence="19" number="35">from</token>
<token id="498" sentence="19" number="36">the</token>
<token id="499" sentence="19" number="37">Volvo</token>
<token id="500" sentence="19" number="38">sale</token>
<token id="501" sentence="19" number="39">even</token>
<token id="502" sentence="19" number="40">if</token>
<token id="503" sentence="19" number="41">it</token>
<token id="504" sentence="19" number="42">has</token>
<token id="505" sentence="19" number="43">been</token>
<token id="506" sentence="19" number="44">sold</token>
<token id="507" sentence="19" number="45">at</token>
<token id="508" sentence="19" number="46">a</token>
<token id="509" sentence="19" number="47">steep</token>
<token id="510" sentence="19" number="48">loss</token>
<token id="511" sentence="19" number="49">.</token>
<token id="512" sentence="20" number="0">Geely</token>
<token id="513" sentence="20" number="1">stock</token>
<token id="514" sentence="20" number="2">rose</token>
<token id="515" sentence="20" number="3">5.9</token>
<token id="516" sentence="20" number="4">percent</token>
<token id="517" sentence="20" number="5">Monday</token>
<token id="518" sentence="20" number="6">in</token>
<token id="519" sentence="20" number="7">Hong</token>
<token id="520" sentence="20" number="8">Kong</token>
<token id="521" sentence="20" number="9">.</token>


<Markables>
<ENTITY_MENTION id="16" syntactic_type="" head="" comment=""  >
<token_anchor id="65"/>
<token_anchor id="66"/>
</ENTITY_MENTION>
<ENTITY_MENTION id="76" syntactic_type="" head="" comment=""  >
<token_anchor id="456"/>
<token_anchor id="457"/>
</ENTITY_MENTION>
<ENTITY_MENTION id="18" syntactic_type="" head="" comment=""  >
<token_anchor id="70"/>
<token_anchor id="71"/>
</ENTITY_MENTION>
<ENTITY_MENTION id="78" syntactic_type="" head="" comment=""  >
<token_anchor id="459"/>
</ENTITY_MENTION>
<ENTITY_MENTION id="19" syntactic_type="" head="" comment=""  >
<token_anchor id="84"/>
</ENTITY_MENTION>
<ENTITY_MENTION id="80" syntactic_type="" head="" comment=""  >
<token_anchor id="462"/>
</ENTITY_MENTION>
<ENTITY_MENTION id="21" syntactic_type="" head="" comment=""  >
<token_anchor id="105"/>
</ENTITY_MENTION>
<ENTITY_MENTION id="82" syntactic_type="" head="" comment=""  >
<token_anchor id="473"/>
<token_anchor id="474"/>
</ENTITY_MENTION>
<ENTITY_MENTION id="23" syntactic_type="" head="" comment=""  >
<token_anchor id="109"/>
</ENTITY_MENTION>
<ENTITY_MENTION id="84" syntactic_type="" head="" comment=""  >
<token_anchor id="476"/>
</ENTITY_MENTION>
<ENTITY_MENTION id="25" syntactic_type="" head="" comment=""  >
<token_anchor id="140"/>
<token_anchor id="141"/>
</ENTITY_MENTION>
<ENTITY_MENTION id="86" syntactic_type="" head="" comment=""  >
<token_anchor id="499"/>
</ENTITY_MENTION>
<ENTITY_MENTION id="26" syntactic_type="" head="" comment=""  >
<token_anchor id="146"/>
<token_anchor id="147"/>
<token_anchor id="148"/>
</ENTITY_MENTION>
<ENTITY_MENTION id="88" syntactic_type="" head="" comment=""  >
<token_anchor id="519"/>
<token_anchor id="520"/>
</ENTITY_MENTION>
<ENTITY_MENTION id="28" syntactic_type="" head="" comment=""  >
<token_anchor id="157"/>
<token_anchor id="158"/>
</ENTITY_MENTION>
<ENTITY_MENTION id="29" syntactic_type="" head="" comment=""  >
<token_anchor id="166"/>
</ENTITY_MENTION>
<ENTITY_MENTION id="91" head="" syntactic_type="" comment=""  >
<token_anchor id="6"/>
</ENTITY_MENTION>
<ENTITY_MENTION id="31" syntactic_type="" head="" comment=""  >
<token_anchor id="184"/>
</ENTITY_MENTION>
<ENTITY_MENTION id="92" head="" syntactic_type="" comment=""  >
<token_anchor id="137"/>
</ENTITY_MENTION>
<ENTITY_MENTION id="33" syntactic_type="" head="" comment=""  >
<token_anchor id="189"/>
</ENTITY_MENTION>
<ENTITY_MENTION id="93" head="" syntactic_type="" comment=""  >
<token_anchor id="159"/>
<token_anchor id="160"/>
</ENTITY_MENTION>
<ENTITY_MENTION id="35" syntactic_type="" head="" comment=""  >
<token_anchor id="194"/>
</ENTITY_MENTION>
<ENTITY_MENTION id="94" head="" syntactic_type="" comment=""  >
<token_anchor id="512"/>
</ENTITY_MENTION>
<ENTITY_MENTION id="37" syntactic_type="" head="" comment=""  >
<token_anchor id="197"/>
</ENTITY_MENTION>
<ENTITY_MENTION id="97" head="" syntactic_type="" comment=""  >
<token_anchor id="8"/>
</ENTITY_MENTION>
<ENTITY_MENTION id="39" syntactic_type="" head="" comment=""  >
<token_anchor id="218"/>
</ENTITY_MENTION>
<ENTITY_MENTION id="41" syntactic_type="" head="" comment=""  >
<token_anchor id="241"/>
</ENTITY_MENTION>
<ENTITY_MENTION id="43" syntactic_type="" head="" comment=""  >
<token_anchor id="300"/>
</ENTITY_MENTION>
<ENTITY_MENTION id="45" syntactic_type="" head="" comment=""  >
<token_anchor id="306"/>
</ENTITY_MENTION>
<ENTITY_MENTION id="47" syntactic_type="" head="" comment=""  >
<token_anchor id="326"/>
<token_anchor id="327"/>
<token_anchor id="328"/>
</ENTITY_MENTION>
<ENTITY_MENTION id="48" syntactic_type="" head="" comment=""  >
<token_anchor id="333"/>
</ENTITY_MENTION>
<ENTITY_MENTION id="50" syntactic_type="" head="" comment=""  >
<token_anchor id="337"/>
</ENTITY_MENTION>
<ENTITY_MENTION id="52" syntactic_type="" head="" comment=""  >
<token_anchor id="349"/>
</ENTITY_MENTION>
<ENTITY_MENTION id="54" syntactic_type="" head="" comment=""  >
<token_anchor id="354"/>
<token_anchor id="355"/>
</ENTITY_MENTION>
<ENTITY_MENTION id="56" syntactic_type="" head="" comment=""  >
<token_anchor id="361"/>
</ENTITY_MENTION>
<ENTITY_MENTION id="58" syntactic_type="" head="" comment=""  >
<token_anchor id="386"/>
</ENTITY_MENTION>
<ENTITY_MENTION id="1" syntactic_type="" head="" comment=""  >
<token_anchor id="1"/>
</ENTITY_MENTION>
<ENTITY_MENTION id="60" syntactic_type="" head="" comment=""  >
<token_anchor id="390"/>
</ENTITY_MENTION>
<ENTITY_MENTION id="3" syntactic_type="" head="" comment=""  >
<token_anchor id="9"/>
<token_anchor id="10"/>
<token_anchor id="11"/>
</ENTITY_MENTION>
<ENTITY_MENTION id="62" syntactic_type="" head="" comment=""  >
<token_anchor id="405"/>
</ENTITY_MENTION>
<ENTITY_MENTION id="5" syntactic_type="" head="" comment=""  >
<token_anchor id="18"/>
</ENTITY_MENTION>
<ENTITY_MENTION id="64" syntactic_type="" head="" comment=""  >
<token_anchor id="407"/>
</ENTITY_MENTION>
<ENTITY_MENTION id="7" syntactic_type="" head="" comment=""  >
<token_anchor id="29"/>
</ENTITY_MENTION>
<ENTITY_MENTION id="66" syntactic_type="" head="" comment=""  >
<token_anchor id="426"/>
<token_anchor id="427"/>
</ENTITY_MENTION>
<ENTITY_MENTION id="9" syntactic_type="" head="" comment=""  >
<token_anchor id="36"/>
</ENTITY_MENTION>
<ENTITY_MENTION id="68" syntactic_type="" head="" comment=""  >
<token_anchor id="429"/>
</ENTITY_MENTION>
<ENTITY_MENTION id="11" syntactic_type="" head="" comment=""  >
<token_anchor id="38"/>
<token_anchor id="39"/>
<token_anchor id="40"/>
<token_anchor id="41"/>
</ENTITY_MENTION>
<ENTITY_MENTION id="70" syntactic_type="" head="" comment=""  >
<token_anchor id="431"/>
<token_anchor id="432"/>
</ENTITY_MENTION>
<ENTITY_MENTION id="13" syntactic_type="" head="" comment=""  >
<token_anchor id="51"/>
<token_anchor id="52"/>
<token_anchor id="53"/>
</ENTITY_MENTION>
<ENTITY_MENTION id="72" syntactic_type="" head="" comment=""  >
<token_anchor id="440"/>
</ENTITY_MENTION>
<ENTITY_MENTION id="14" syntactic_type="" head="" comment=""  >
<token_anchor id="55"/>
<token_anchor id="56"/>
</ENTITY_MENTION>
<ENTITY_MENTION id="74" syntactic_type="" head="" comment=""  >
<token_anchor id="449"/>
</ENTITY_MENTION>
<SIGNAL id="90" comment=""  >
<token_anchor id="4"/>
</SIGNAL>


<ENTITY id="2" RELATED_TO="" TAG_DESCRIPTOR="http://dbpedia.org/resource/Chinese_people" ent_type="" ent_class="" comment="" external_ref="http://dbpedia.org/resource/Chinese_people" />
<ENTITY id="4" RELATED_TO="" TAG_DESCRIPTOR="http://dbpedia.org/resource/Geely" ent_type="" ent_class="" comment="" external_ref="http://dbpedia.org/resource/Geely" />
<ENTITY id="6" RELATED_TO="" TAG_DESCRIPTOR="http://dbpedia.org/resource/Volvo" ent_type="" ent_class="" comment="" external_ref="http://dbpedia.org/resource/Volvo" />
<ENTITY id="8" RELATED_TO="" TAG_DESCRIPTOR="http://dbpedia.org/resource/Ford_Motor_Company" ent_type="" ent_class="" comment="" external_ref="http://dbpedia.org/resource/Ford_Motor_Company" />
<ENTITY id="10" RELATED_TO="" TAG_DESCRIPTOR="http://dbpedia.org/resource/Chinese_people" ent_type="" ent_class="" comment="" external_ref="http://dbpedia.org/resource/Chinese_people" />
<ENTITY id="12" RELATED_TO="" TAG_DESCRIPTOR="http://dbpedia.org/resource/Geely" ent_type="" ent_class="" comment="" external_ref="http://dbpedia.org/resource/Geely" />
<ENTITY id="15" RELATED_TO="" TAG_DESCRIPTOR="http://dbpedia.org/resource/Ford_Motor_Company" ent_type="" ent_class="" comment="" external_ref="http://dbpedia.org/resource/Ford_Motor_Company" />
<ENTITY id="17" RELATED_TO="" TAG_DESCRIPTOR="http://dbpedia.org/resource/Li_Shufu" ent_type="" ent_class="" comment="" external_ref="http://dbpedia.org/resource/Li_Shufu" />
<ENTITY id="20" RELATED_TO="" TAG_DESCRIPTOR="http://dbpedia.org/resource/Chinese_people" ent_type="" ent_class="" comment="" external_ref="http://dbpedia.org/resource/Chinese_people" />
<ENTITY id="22" RELATED_TO="" TAG_DESCRIPTOR="http://dbpedia.org/resource/Volvo" ent_type="" ent_class="" comment="" external_ref="http://dbpedia.org/resource/Volvo" />
<ENTITY id="24" RELATED_TO="" TAG_DESCRIPTOR="http://dbpedia.org/resource/Sweden" ent_type="" ent_class="" comment="" external_ref="http://dbpedia.org/resource/Sweden" />
<ENTITY id="27" RELATED_TO="" TAG_DESCRIPTOR="http://dbpedia.org/resource/Volkswagen_Group_of_America" ent_type="" ent_class="" comment="" external_ref="http://dbpedia.org/resource/Volkswagen_Group_of_America" />
<ENTITY id="30" RELATED_TO="" TAG_DESCRIPTOR="http://dbpedia.org/resource/Volvo" ent_type="" ent_class="" comment="" external_ref="http://dbpedia.org/resource/Volvo" />
<ENTITY id="32" RELATED_TO="" TAG_DESCRIPTOR="http://dbpedia.org/resource/Volvo" ent_type="" ent_class="" comment="" external_ref="http://dbpedia.org/resource/Volvo" />
<ENTITY id="34" RELATED_TO="" TAG_DESCRIPTOR="http://dbpedia.org/resource/Sweden" ent_type="" ent_class="" comment="" external_ref="http://dbpedia.org/resource/Sweden" />
<ENTITY id="36" RELATED_TO="" TAG_DESCRIPTOR="http://dbpedia.org/resource/Belgium" ent_type="" ent_class="" comment="" external_ref="http://dbpedia.org/resource/Belgium" />
<ENTITY id="38" RELATED_TO="" TAG_DESCRIPTOR="http://dbpedia.org/resource/Chinese_people" ent_type="" ent_class="" comment="" external_ref="http://dbpedia.org/resource/Chinese_people" />
<ENTITY id="40" RELATED_TO="" TAG_DESCRIPTOR="http://dbpedia.org/resource/Ford_Motor_Company" ent_type="" ent_class="" comment="" external_ref="http://dbpedia.org/resource/Ford_Motor_Company" />
<ENTITY id="42" RELATED_TO="" TAG_DESCRIPTOR="http://dbpedia.org/resource/Ford_Motor_Company" ent_type="" ent_class="" comment="" external_ref="http://dbpedia.org/resource/Ford_Motor_Company" />
<ENTITY id="44" RELATED_TO="" TAG_DESCRIPTOR="http://dbpedia.org/resource/Geely" ent_type="" ent_class="" comment="" external_ref="http://dbpedia.org/resource/Geely" />
<ENTITY id="46" RELATED_TO="" TAG_DESCRIPTOR="http://dbpedia.org/resource/China" ent_type="" ent_class="" comment="" external_ref="http://dbpedia.org/resource/China" />
<ENTITY id="49" RELATED_TO="" TAG_DESCRIPTOR="http://dbpedia.org/resource/Ford_Motor_Company" ent_type="" ent_class="" comment="" external_ref="http://dbpedia.org/resource/Ford_Germany" />
<ENTITY id="51" RELATED_TO="" TAG_DESCRIPTOR="http://dbpedia.org/resource/Volvo" ent_type="" ent_class="" comment="" external_ref="http://dbpedia.org/resource/Volvo" />
<ENTITY id="53" RELATED_TO="" TAG_DESCRIPTOR="http://dbpedia.org/resource/Ford_Motor_Company" ent_type="" ent_class="" comment="" external_ref="http://dbpedia.org/resource/Ford_Motor_Company" />
<ENTITY id="55" RELATED_TO="" TAG_DESCRIPTOR="http://dbpedia.org/resource/United_States" ent_type="" ent_class="" comment="" external_ref="http://dbpedia.org/resource/United_States" />
<ENTITY id="57" RELATED_TO="" TAG_DESCRIPTOR="http://dbpedia.org/resource/Volvo" ent_type="" ent_class="" comment="" external_ref="http://dbpedia.org/resource/Volvo" />
<ENTITY id="59" RELATED_TO="" TAG_DESCRIPTOR="http://dbpedia.org/resource/Ford_Motor_Company" ent_type="" ent_class="" comment="" external_ref="http://dbpedia.org/resource/Ford_Motor_Company" />
<ENTITY id="61" RELATED_TO="" TAG_DESCRIPTOR="http://dbpedia.org/resource/United_States" ent_type="" ent_class="" comment="" external_ref="http://dbpedia.org/resource/United_States" />
<ENTITY id="63" RELATED_TO="" TAG_DESCRIPTOR="http://dbpedia.org/resource/Ford_Motor_Company" ent_type="" ent_class="" comment="" external_ref="http://dbpedia.org/resource/Ford_Motor_Company" />
<ENTITY id="65" RELATED_TO="" TAG_DESCRIPTOR="http://dbpedia.org/resource/Volvo" ent_type="" ent_class="" comment="" external_ref="http://dbpedia.org/resource/Volvo" />
<ENTITY id="67" RELATED_TO="" TAG_DESCRIPTOR="http://dbpedia.org/resource/Aston_Martin" ent_type="" ent_class="" comment="" external_ref="http://dbpedia.org/resource/Aston_Martin" />
<ENTITY id="69" RELATED_TO="" TAG_DESCRIPTOR="http://dbpedia.org/resource/Jaguar_Cars" ent_type="" ent_class="" comment="" external_ref="http://dbpedia.org/resource/Jaguar_Cars" />
<ENTITY id="71" RELATED_TO="" TAG_DESCRIPTOR="http://dbpedia.org/resource/Land_Rover" ent_type="" ent_class="" comment="" external_ref="http://dbpedia.org/resource/Land_Rover" />
<ENTITY id="73" RELATED_TO="" TAG_DESCRIPTOR="http://dbpedia.org/resource/Volvo" ent_type="" ent_class="" comment="" external_ref="http://dbpedia.org/resource/Volvo" />
<ENTITY id="75" RELATED_TO="" TAG_DESCRIPTOR="http://dbpedia.org/resource/Ford_Motor_Company" ent_type="" ent_class="" comment="" external_ref="http://dbpedia.org/resource/Ford_Motor_Company" />
<ENTITY id="77" RELATED_TO="" TAG_DESCRIPTOR="http://dbpedia.org/resource/North_America" ent_type="" ent_class="" comment="" external_ref="http://dbpedia.org/resource/North_America" />
<ENTITY id="79" RELATED_TO="" TAG_DESCRIPTOR="http://dbpedia.org/resource/Europe" ent_type="" ent_class="" comment="" external_ref="http://dbpedia.org/resource/Europe" />
<ENTITY id="81" RELATED_TO="" TAG_DESCRIPTOR="http://dbpedia.org/resource/Ford_Motor_Company" ent_type="" ent_class="" comment="" external_ref="http://dbpedia.org/resource/Ford_Motor_Company" />
<ENTITY id="83" RELATED_TO="" TAG_DESCRIPTOR="http://dbpedia.org/resource/General_Motors" ent_type="" ent_class="" comment="" external_ref="http://dbpedia.org/resource/General_Motors" />
<ENTITY id="85" RELATED_TO="" TAG_DESCRIPTOR="http://dbpedia.org/resource/Chrysler" ent_type="" ent_class="" comment="" external_ref="http://dbpedia.org/resource/Chrysler" />
<ENTITY id="87" RELATED_TO="" TAG_DESCRIPTOR="http://dbpedia.org/resource/Volvo" ent_type="" ent_class="" comment="" external_ref="http://dbpedia.org/resource/Volvo" />
<ENTITY id="89" RELATED_TO="" TAG_DESCRIPTOR="http://dbpedia.org/resource/Hong_Kong" ent_type="" ent_class="" comment="" external_ref="http://dbpedia.org/resource/Hong_Kong" />
<ENTITY id="95" RELATED_TO="" TAG_DESCRIPTOR="http://sv.dbpedia.org/resource/Stefan_Jacoby" ent_type="PER" ent_class="" comment="" external_ref="http://sv.dbpedia.org/resource/Stefan_Jacoby " />
<ENTITY id="96" RELATED_TO="" TAG_DESCRIPTOR="http://dbpedia.org/resource/Alan_mullaly" ent_type="PER" ent_class="" comment="" external_ref="http://dbpedia.org/resource/Alan_mullaly" />
<ENTITY id="98" RELATED_TO="" TAG_DESCRIPTOR="http://dbpedia.org/resource/Zhejiang" ent_type="" ent_class="" external_ref="" comment="" />
</Markables>

<Relations>
<REFERS_TO id="433826" >
<source id="60" />
<target id="61" />
</REFERS_TO>
<REFERS_TO id="433827" >
<source id="62" />
<target id="63" />
</REFERS_TO>
<REFERS_TO id="433828" >
<source id="64" />
<target id="65" />
</REFERS_TO>
<REFERS_TO id="433829" >
<source id="66" />
<target id="67" />
</REFERS_TO>
<REFERS_TO id="433830" >
<source id="68" />
<target id="69" />
</REFERS_TO>
<REFERS_TO id="433831" >
<source id="80" />
<target id="81" />
</REFERS_TO>
<REFERS_TO id="433832" >
<source id="86" />
<target id="87" />
</REFERS_TO>
<REFERS_TO id="433833" >
<source id="84" />
<target id="85" />
</REFERS_TO>
<REFERS_TO id="433834" >
<source id="23" />
<target id="24" />
</REFERS_TO>
<REFERS_TO id="433835" >
<source id="26" />
<target id="27" />
</REFERS_TO>
<REFERS_TO id="433836" >
<source id="19" />
<target id="46" />
</REFERS_TO>
<REFERS_TO id="433837" >
<source id="21" />
<target id="22" />
</REFERS_TO>
<REFERS_TO id="433838" >
<source id="48" />
<target id="49" />
</REFERS_TO>
<REFERS_TO id="433839" >
<source id="45" />
<target id="46" />
</REFERS_TO>
<REFERS_TO id="433840" >
<source id="43" />
<target id="44" />
</REFERS_TO>
<REFERS_TO id="433841" >
<source id="41" />
<target id="42" />
</REFERS_TO>
<REFERS_TO id="433842" >
<source id="39" />
<target id="40" />
</REFERS_TO>
<REFERS_TO id="433843" >
<source id="1" />
<target id="46" />
</REFERS_TO>
<REFERS_TO id="433844" >
<source id="3" />
<target id="4" />
</REFERS_TO>
<REFERS_TO id="433845" >
<source id="5" />
<target id="6" />
</REFERS_TO>
<REFERS_TO id="433846" >
<source id="7" />
<target id="15" />
</REFERS_TO>
<REFERS_TO id="433847" >
<source id="82" />
<target id="83" />
</REFERS_TO>
<REFERS_TO id="433848" >
<source id="76" />
<target id="77" />
</REFERS_TO>
<REFERS_TO id="433849" >
<source id="74" />
<target id="75" />
</REFERS_TO>
<REFERS_TO id="433850" >
<source id="37" />
<target id="46" />
</REFERS_TO>
<REFERS_TO id="433851" >
<source id="72" />
<target id="73" />
</REFERS_TO>
<REFERS_TO id="433852" >
<source id="70" />
<target id="71" />
</REFERS_TO>
<REFERS_TO id="433853" >
<source id="58" />
<target id="59" />
</REFERS_TO>
<REFERS_TO id="433854" >
<source id="78" />
<target id="79" />
</REFERS_TO>
<REFERS_TO id="433855" >
<source id="9" />
<target id="46" />
</REFERS_TO>
<REFERS_TO id="433856" >
<source id="11" />
<target id="12" />
</REFERS_TO>
<REFERS_TO id="433857" >
<source id="14" />
<target id="15" />
</REFERS_TO>
<REFERS_TO id="433858" >
<source id="16" />
<target id="17" />
</REFERS_TO>
<REFERS_TO id="433859" >
<source id="54" />
<target id="55" />
</REFERS_TO>
<REFERS_TO id="433860" >
<source id="31" />
<target id="32" />
</REFERS_TO>
<REFERS_TO id="433861" >
<source id="56" />
<target id="57" />
</REFERS_TO>
<REFERS_TO id="433862" >
<source id="29" />
<target id="30" />
</REFERS_TO>
<REFERS_TO id="433863" >
<source id="50" />
<target id="51" />
</REFERS_TO>
<REFERS_TO id="433864" >
<source id="35" />
<target id="36" />
</REFERS_TO>
<REFERS_TO id="433865" >
<source id="52" />
<target id="53" />
</REFERS_TO>
<REFERS_TO id="433866" >
<source id="33" />
<target id="34" />
</REFERS_TO>
<REFERS_TO id="433867" >
<source id="88" />
<target id="89" />
</REFERS_TO>
<REFERS_TO id="433934" >
<source id="91" />
<target id="51" />
</REFERS_TO>
<REFERS_TO id="433935" >
<source id="13" />
<target id="51" />
</REFERS_TO>
<REFERS_TO id="433936" >
<source id="18" />
<target id="44" />
</REFERS_TO>
<REFERS_TO id="433937" >
<source id="92" />
<target id="44" />
</REFERS_TO>
<REFERS_TO id="433938" >
<source id="25" />
<target id="95" />
</REFERS_TO>
<REFERS_TO id="433939" >
<source id="28" />
<target id="87" />
</REFERS_TO>
<REFERS_TO id="433940" >
<source id="93" />
<target id="95" />
</REFERS_TO>
<REFERS_TO id="433941" >
<source id="47" />
<target id="96" />
</REFERS_TO>
<REFERS_TO id="433942" >
<source id="94" />
<target id="44" />
</REFERS_TO>
<REFERS_TO id="434047" >
<source id="97" />
<target id="98" />
</REFERS_TO>
</Relations>
</Document>
